country,state,city,station,last_update,latitude,longitude,pollutant_id,pollutant_min,pollutant_max,pollutant_avg,update_hour,update_day_of_week,pollutant_range,air_quality_category
India,Bihar,Kishanganj,"SDM Office_Khagra, Kishanganj - BSPCB",2026-07-06 10:00:00,26.0881305,87.93840336,NH3,3.0,3.0,3.0,10,Monday,0.0,Good/Satisfactory
India,Bihar,Kishanganj,"SDM Office_Khagra, Kishanganj - BSPCB",2026-07-06 10:00:00,26.0881305,87.93840336,CO,13.0,14.0,13.0,10,Monday,1.0,Good/Satisfactory
India,Bihar,Motihari,"Gandak Colony, Motihari - BSPCB",2026-07-06 10:00:00,26.63086,84.90051,PM2.5,20.0,61.0,37.0,10,Monday,41.0,Moderate
India,Bihar,Munger,"Town Hall, Munger - BSPCB",2026-07-06 10:00:00,25.376776,86.471523,SO2,28.0,37.0,30.0,10,Monday,9.0,Good/Satisfactory
India,Bihar,Muzaffarpur,"Muzaffarpur Collectorate, Muzaffarpur - BSPCB",2026-07-06 10:00:00,26.1209,85.3647,NO2,16.0,23.0,21.0,10,Monday,7.0,Good/Satisfactory
India,Bihar,Muzaffarpur,"Buddha Colony, Muzaffarpur - BSPCB",2026-07-06 10:00:00,26.11442,85.39813,PM2.5,15.0,56.0,25.0,10,Monday,41.0,Good/Satisfactory
India,Bihar,Muzaffarpur,"Buddha Colony, Muzaffarpur - BSPCB",2026-07-06 10:00:00,26.11442,85.39813,SO2,0.0,16.0,7.0,10,Monday,16.0,Good/Satisfactory
India,Bihar,Muzaffarpur,"Buddha Colony, Muzaffarpur - BSPCB",2026-07-06 10:00:00,26.11442,85.39813,CO,12.0,13.0,13.0,10,Monday,1.0,Good/Satisfactory
India,Bihar,Muzaffarpur,"MIT-Daudpur Kothi, Muzaffarpur - BSPCB",2026-07-06 10:00:00,26.1403345,85.3650192,NO2,0.0,14.0,4.0,10,Monday,14.0,Good/Satisfactory
India,Bihar,Muzaffarpur,"MIT-Daudpur Kothi, Muzaffarpur - BSPCB",2026-07-06 10:00:00,26.1403345,85.3650192,CO,40.0,187.0,98.0,10,Monday,147.0,Moderate
India,Bihar,Patna,"Govt. High School Shikarpur, Patna - BSPCB",2026-07-06 10:00:00,25.592539,85.227158,OZONE,20.0,52.0,32.0,10,Monday,32.0,Good/Satisfactory
India,Bihar,Patna,"Samanpura, Patna - BSPCB",2026-07-06 10:00:00,25.596727,85.085624,NH3,8.0,9.0,9.0,10,Monday,1.0,Good/Satisfactory
India,Bihar,Patna,"Samanpura, Patna - BSPCB",2026-07-06 10:00:00,25.596727,85.085624,SO2,5.0,5.0,5.0,10,Monday,0.0,Good/Satisfactory
India,Chhattisgarh,Korba,"Urja Nagar, Korba - CECB",2026-07-06 10:00:00,22.348441,82.549611,PM10,3.0,21.0,9.5,10,Monday,18.0,Good/Satisfactory
India,Chhattisgarh,Kunjemura,"OP Jindal School, Kunjemura - CECB",2026-07-06 10:00:00,22.12665,83.483212,PM10,2.0,17.0,8.0,10,Monday,15.0,Good/Satisfactory
India,Chhattisgarh,Milupara,"Govt. Higher Secondary School, Milupara - CECB",2026-07-06 10:00:00,22.1910172,83.5197009,NO2,6.0,16.0,11.0,10,Monday,10.0,Good/Satisfactory
India,Chhattisgarh,Raipur,"Krishak Nagar, Raipur - CECB",2026-07-06 10:00:00,21.237755,81.705301,PM2.5,4.0,16.0,9.0,10,Monday,12.0,Good/Satisfactory
India,Chhattisgarh,Raipur,"Krishak Nagar, Raipur - CECB",2026-07-06 10:00:00,21.237755,81.705301,SO2,6.0,9.0,7.0,10,Monday,3.0,Good/Satisfactory
India,Chhattisgarh,Raipur,"Bhatagaon New ISBT, Raipur - CECB",2026-07-06 10:00:00,21.219665,81.630094,NH3,2.0,2.0,2.0,10,Monday,0.0,Good/Satisfactory
India,Chhattisgarh,Tumidih,"OP Jindal Industrial Park, Tumidih - CECB",2026-07-06 10:00:00,22.06631475,83.33820077,PM2.5,3.0,12.0,6.0,10,Monday,9.0,Good/Satisfactory
India,Chhattisgarh,Tumidih,"OP Jindal Industrial Park, Tumidih - CECB",2026-07-06 10:00:00,22.06631475,83.33820077,CO,15.0,22.0,19.0,10,Monday,7.0,Good/Satisfactory
India,Chhattisgarh,Tumidih,"OP Jindal Industrial Park, Tumidih - CECB",2026-07-06 10:00:00,22.06631475,83.33820077,OZONE,27.0,27.0,27.0,10,Monday,0.0,Good/Satisfactory
India,Delhi,Delhi,"Dr. Karni Singh Shooting Range, Delhi - DPCC",2026-07-06 10:00:00,28.498571,77.26484,OZONE,5.0,19.0,9.0,10,Monday,14.0,Good/Satisfactory
India,Delhi,Delhi,"Anand Vihar, Delhi - DPCC",2026-07-06 10:00:00,28.647622,77.315809,PM10,31.0,220.0,134.0,10,Monday,189.0,Poor/Severe
India,Chandigarh,Chandigarh,"Sector-53, Chandigarh - CPCC",2026-07-06 10:00:00,30.719859,76.738637,SO2,1.0,7.0,4.0,10,Monday,6.0,Good/Satisfactory
India,Chandigarh,Chandigarh,"Sector-53, Chandigarh - CPCC",2026-07-06 10:00:00,30.719859,76.738637,OZONE,7.0,23.0,12.0,10,Monday,16.0,Good/Satisfactory
India,Chandigarh,Chandigarh,"Sector-25, Chandigarh - CPCC",2026-07-06 10:00:00,30.751462,76.762879,NH3,14.0,14.0,14.0,10,Monday,0.0,Good/Satisfactory
India,Chandigarh,Chandigarh,"Sector-25, Chandigarh - CPCC",2026-07-06 10:00:00,30.751462,76.762879,SO2,4.0,9.0,6.0,10,Monday,5.0,Good/Satisfactory
India,Chandigarh,Chandigarh,"Sector-25, Chandigarh - CPCC",2026-07-06 10:00:00,30.751462,76.762879,CO,16.0,21.0,18.0,10,Monday,5.0,Good/Satisfactory
India,Chandigarh,Chandigarh,"Sector 22, Chandigarh - CPCC",2026-07-06 10:00:00,30.735567,76.775714,PM10,18.0,44.0,32.0,10,Monday,26.0,Good/Satisfactory
India,Chhattisgarh,Bhilai,"Hathkhoj, Bhilai - CECB",2026-07-06 10:00:00,21.224231,81.40835,NO2,8.0,17.0,13.0,10,Monday,9.0,Good/Satisfactory
India,Chhattisgarh,Bhilai,"32Bungalows, Bhilai - CECB",2026-07-06 10:00:00,21.194815,81.31477,PM2.5,4.0,52.0,15.0,10,Monday,48.0,Good/Satisfactory
India,Chhattisgarh,Bhilai,"32Bungalows, Bhilai - CECB",2026-07-06 10:00:00,21.194815,81.31477,NO2,2.0,7.0,5.0,10,Monday,5.0,Good/Satisfactory
India,Chhattisgarh,Chhal,"Nawapara SECL Colony, Chhal - CECB",2026-07-06 10:00:00,22.118125,83.140608,NH3,3.0,3.0,3.0,10,Monday,0.0,Good/Satisfactory
India,Chhattisgarh,Chhal,"Nawapara SECL Colony, Chhal - CECB",2026-07-06 10:00:00,22.118125,83.140608,CO,16.0,21.0,19.0,10,Monday,5.0,Good/Satisfactory
India,Chhattisgarh,Chhal,"Nawapara SECL Colony, Chhal - CECB",2026-07-06 10:00:00,22.118125,83.140608,OZONE,32.0,39.0,35.0,10,Monday,7.0,Good/Satisfactory
India,Andhra Pradesh,Vijayawada,"Kanuru, Vijayawada - APPCB",2026-07-06 10:00:00,16.486692,80.699436,NO2,24.0,25.0,24.0,10,Monday,1.0,Good/Satisfactory
India,Andhra Pradesh,Vijayawada,"Kanuru, Vijayawada - APPCB",2026-07-06 10:00:00,16.486692,80.699436,NH3,4.0,4.0,4.0,10,Monday,0.0,Good/Satisfactory
India,Andhra Pradesh,Vijayawada,"HB Colony, Vijayawada - APPCB",2026-07-06 10:00:00,16.536107,80.594233,PM10,63.0,74.0,67.0,10,Monday,11.0,Moderate
India,Andhra Pradesh,Vijayawada,"HB Colony, Vijayawada - APPCB",2026-07-06 10:00:00,16.536107,80.594233,CO,17.0,37.0,20.0,10,Monday,20.0,Good/Satisfactory
India,Assam,Byrnihat,"Central Academy for SFS, Byrnihat - PCBA",2026-07-06 10:00:00,26.071318,91.87488,OZONE,18.0,22.0,20.0,10,Monday,4.0,Good/Satisfactory
India,Assam,Guwahati,"Railway Colony, Guwahati - PCBA",2026-07-06 10:00:00,26.181742,91.78063,NO2,3.0,4.0,3.0,10,Monday,1.0,Good/Satisfactory
India,Assam,Guwahati,"Railway Colony, Guwahati - PCBA",2026-07-06 10:00:00,26.181742,91.78063,NH3,1.0,1.0,1.0,10,Monday,0.0,Good/Satisfactory
India,Assam,Guwahati,"Railway Colony, Guwahati - PCBA",2026-07-06 10:00:00,26.181742,91.78063,SO2,35.0,40.0,38.0,10,Monday,5.0,Good/Satisfactory
India,Assam,Guwahati,"IITG, Guwahati - PCBA",2026-07-06 10:00:00,26.2028636,91.70046436,PM10,23.0,59.0,47.0,10,Monday,36.0,Good/Satisfactory
India,Assam,Guwahati,"IITG, Guwahati - PCBA",2026-07-06 10:00:00,26.2028636,91.70046436,OZONE,4.0,13.0,6.0,10,Monday,9.0,Good/Satisfactory
India,Bihar,Patna,"Rajbansi Nagar, Patna - BSPCB",2026-07-06 10:00:00,25.599486,85.113666,NO2,27.0,33.0,30.0,10,Monday,6.0,Good/Satisfactory
India,Bihar,Patna,"Rajbansi Nagar, Patna - BSPCB",2026-07-06 10:00:00,25.599486,85.113666,SO2,7.0,11.0,8.0,10,Monday,4.0,Good/Satisfactory
India,Bihar,Patna,"Rajbansi Nagar, Patna - BSPCB",2026-07-06 10:00:00,25.599486,85.113666,CO,39.0,41.0,40.0,10,Monday,2.0,Good/Satisfactory
India,Bihar,Patna,"DRM Office Danapur, Patna - BSPCB",2026-07-06 10:00:00,25.586562,85.043586,NO2,29.0,35.0,32.0,10,Monday,6.0,Good/Satisfactory
India,Bihar,Patna,"DRM Office Danapur, Patna - BSPCB",2026-07-06 10:00:00,25.586562,85.043586,CO,23.0,30.0,25.0,10,Monday,7.0,Good/Satisfactory
India,Bihar,Purnia,"Mariam Nagar, Purnia - BSPCB",2026-07-06 10:00:00,25.366336,87.117468,PM2.5,47.0,55.0,51.0,10,Monday,8.0,Moderate
India,Bihar,Rajgir,"Dangi Tola, Rajgir - BSPCB",2026-07-06 10:00:00,25.0328,85.41948,NO2,12.0,15.0,14.0,10,Monday,3.0,Good/Satisfactory
India,Bihar,Rajgir,"Dangi Tola, Rajgir - BSPCB",2026-07-06 10:00:00,25.0328,85.41948,NH3,3.0,3.0,3.0,10,Monday,0.0,Good/Satisfactory
India,Bihar,Rajgir,"Dangi Tola, Rajgir - BSPCB",2026-07-06 10:00:00,25.0328,85.41948,CO,37.0,45.0,41.0,10,Monday,8.0,Good/Satisfactory
India,Bihar,Samastipur,"DM Office_Kasipur, Samastipur - BSPCB",2026-07-06 10:00:00,25.859655,85.77944,SO2,6.5,14.5,11.5,10,Monday,8.0,Good/Satisfactory
India,Bihar,Bettiah,"Kamalnath Nagar, Bettiah - BSPCB",2026-07-06 10:00:00,26.80365,84.51954,OZONE,21.0,22.0,22.0,10,Monday,1.0,Good/Satisfactory
India,Bihar,Bhagalpur,"Mayaganj, Bhagalpur - BSPCB",2026-07-06 10:00:00,25.265194,87.012947,CO,8.0,90.0,46.0,10,Monday,82.0,Good/Satisfactory
India,Bihar,Bhagalpur,"Mayaganj, Bhagalpur - BSPCB",2026-07-06 10:00:00,25.265194,87.012947,OZONE,9.0,52.0,24.0,10,Monday,43.0,Good/Satisfactory
India,Bihar,Buxar,"Charitra Van, Buxar - BSPCB",2026-07-06 10:00:00,25.56752,83.966379,NO2,9.0,10.0,9.0,10,Monday,1.0,Good/Satisfactory
India,Bihar,Gaya,"Collectorate, Gaya - BSPCB",2026-07-06 10:00:00,24.7955,84.9994,NH3,3.0,3.5,3.0,10,Monday,0.5,Good/Satisfactory
India,Bihar,Gaya,"SFTI Kusdihra, Gaya - BSPCB",2026-07-06 10:00:00,24.762518,84.982348,NO2,19.0,28.0,22.0,10,Monday,9.0,Good/Satisfactory
India,Bihar,Gaya,"SFTI Kusdihra, Gaya - BSPCB",2026-07-06 10:00:00,24.762518,84.982348,NH3,5.0,5.0,5.0,10,Monday,0.0,Good/Satisfactory
India,Bihar,Hajipur,"Industrial Area, Hajipur - BSPCB",2026-07-06 10:00:00,25.697189,85.2459,PM2.5,17.0,61.0,34.0,10,Monday,44.0,Moderate
India,Bihar,Hajipur,"Industrial Area, Hajipur - BSPCB",2026-07-06 10:00:00,25.697189,85.2459,PM10,40.0,75.0,47.0,10,Monday,35.0,Good/Satisfactory
India,Assam,Guwahati,"Pan Bazaar, Guwahati - PCBA",2026-07-06 10:00:00,26.1875,91.744194,NO2,0.0,1.0,0.0,10,Monday,1.0,Good/Satisfactory
India,Assam,Silchar,"Tarapur, Silchar - PCBA",2026-07-06 10:00:00,24.82827,92.79525,NH3,1.0,1.0,1.0,10,Monday,0.0,Good/Satisfactory
India,Bihar,Araria,"Kharahiya Basti, Araria - BSPCB",2026-07-06 10:00:00,26.146529,87.454184,SO2,2.0,18.0,11.0,10,Monday,16.0,Good/Satisfactory
India,Bihar,Arrah,"New DM Office, Arrah - BSPCB",2026-07-06 10:00:00,25.5626095,84.663264,PM2.5,20.0,500.0,183.0,10,Monday,480.0,Poor/Severe
India,Bihar,Begusarai,"Lohiyanagar, Begusarai - BSPCB",2026-07-06 10:00:00,25.42742023,86.13886079,PM10,3.0,45.0,27.0,10,Monday,42.0,Good/Satisfactory
India,Bihar,Begusarai,"Lohiyanagar, Begusarai - BSPCB",2026-07-06 10:00:00,25.42742023,86.13886079,OZONE,11.0,42.0,30.0,10,Monday,31.0,Good/Satisfactory
India,Bihar,Bettiah,"Kamalnath Nagar, Bettiah - BSPCB",2026-07-06 10:00:00,26.80365,84.51954,SO2,11.0,13.0,12.0,10,Monday,2.0,Good/Satisfactory
India,Andhra Pradesh,Kurnool,"Sita Rama Nagar, Kurnool - APPCB",2026-07-06 10:00:00,15.83411,78.028546,SO2,8.0,9.0,9.0,10,Monday,1.0,Good/Satisfactory
India,Andhra Pradesh,Machilipatnam,"Srinivas Nagar Colony, Machilipatnam - APPCB",2026-07-06 10:00:00,16.186555,81.13219,PM10,55.0,181.0,65.0,10,Monday,126.0,Moderate
India,Andhra Pradesh,Nellore,"Ambedkar Nagar, Nellore - APPCB ",2026-07-06 10:00:00,14.438164,79.966814,PM2.5,42.0,61.0,46.0,10,Monday,19.0,Moderate
India,Andhra Pradesh,Tirupati,"Vaikuntapuram, Tirupati - APPCB",2026-07-06 10:00:00,13.615387,79.40923,OZONE,39.0,39.0,39.0,10,Monday,0.0,Good/Satisfactory
India,Andhra Pradesh,Eluru,"District Court, Eluru - APPCB",2026-07-06 10:00:00,16.711754,81.092095,SO2,13.0,14.0,14.0,10,Monday,1.0,Good/Satisfactory
India,Andhra Pradesh,Eluru,"District Court, Eluru - APPCB",2026-07-06 10:00:00,16.711754,81.092095,CO,15.0,23.0,18.0,10,Monday,8.0,Good/Satisfactory
India,Andhra Pradesh,Eluru,"District Court, Eluru - APPCB",2026-07-06 10:00:00,16.711754,81.092095,OZONE,3.0,8.0,4.0,10,Monday,5.0,Good/Satisfactory
India,Andhra Pradesh,Guntur,"Rajendra Nagar North, Guntur - APPCB",2026-07-06 10:00:00,16.316553,80.413302,PM10,62.0,77.0,67.0,10,Monday,15.0,Moderate
India,Andhra Pradesh,Amaravati,"Secretariat, Amaravati - APPCB",2026-07-06 10:00:00,16.5150833,80.5181667,CO,2.0,18.0,7.0,10,Monday,16.0,Good/Satisfactory
India,Andhra Pradesh,Anantapur,"Gulzarpet, Anantapur - APPCB",2026-07-06 10:00:00,14.675886,77.593027,PM10,53.0,139.0,84.0,10,Monday,86.0,Moderate
India,Gujarat,Ahmedabad,"Rakhial, Ahmedabad - IITM",2026-07-06 10:00:00,23.016834,72.625775,OZONE,8.0,19.0,12.0,10,Monday,11.0,Good/Satisfactory
India,Gujarat,Ankleshwar,"GIDC, Ankleshwar - GPCB",2026-07-06 10:00:00,21.613267,73.010555,NH3,7.0,7.0,7.0,10,Monday,0.0,Good/Satisfactory
India,Gujarat,Ankleshwar,"GIDC, Ankleshwar - GPCB",2026-07-06 10:00:00,21.613267,73.010555,SO2,16.0,17.0,16.0,10,Monday,1.0,Good/Satisfactory
India,Gujarat,Bhavnagar,"Vidhyanagar, Bhavnagar - Nexteng Enviro",2026-07-06 10:00:00,21.755417,72.139056,CO,80.0,83.0,81.0,10,Monday,3.0,Moderate
India,Gujarat,Gandhinagar,"GIFT City, Gandhinagar - IITM",2026-07-06 10:00:00,23.163798,72.677768,PM10,28.0,78.0,52.0,10,Monday,50.0,Moderate
India,Gujarat,Gandhinagar,"GIFT City, Gandhinagar - IITM",2026-07-06 10:00:00,23.163798,72.677768,NO2,46.0,94.0,79.0,10,Monday,48.0,Moderate
India,Gujarat,Gandhinagar,"GIFT City, Gandhinagar - IITM",2026-07-06 10:00:00,23.163798,72.677768,NH3,16.0,27.0,21.0,10,Monday,11.0,Good/Satisfactory
India,Gujarat,Mehsana,"Sadanand Nagar, Mehsana - Nexteng Enviro",2026-07-06 10:00:00,23.59315,72.372792,PM10,28.0,320.0,115.0,10,Monday,292.0,Poor/Severe
India,Gujarat,Nandesari,"GIDC, Nandesari - Nandesari Ind. Association",2026-07-06 10:00:00,22.410802,73.097923,NH3,2.5,4.0,3.0,10,Monday,1.5,Good/Satisfactory
India,Gujarat,Nandesari,"GIDC, Nandesari - Nandesari Ind. Association",2026-07-06 10:00:00,22.410802,73.097923,CO,24.0,67.0,40.0,10,Monday,43.0,Good/Satisfactory
India,Gujarat,Rajkot,"Mavdi, Rajkot - Nexteng Enviro ",2026-07-06 10:00:00,22.248853,70.776774,NO2,58.0,67.0,62.0,10,Monday,9.0,Moderate
India,Gujarat,Rajkot,"Mavdi, Rajkot - Nexteng Enviro ",2026-07-06 10:00:00,22.248853,70.776774,NH3,1.0,2.0,1.0,10,Monday,1.0,Good/Satisfactory
India,Gujarat,Rajkot,"Mavdi, Rajkot - Nexteng Enviro ",2026-07-06 10:00:00,22.248853,70.776774,SO2,9.0,11.0,10.0,10,Monday,2.0,Good/Satisfactory
India,Gujarat,Surat,"Science Center, Surat - SMC",2026-07-06 10:00:00,21.170046,72.795405,PM2.5,1.0,72.0,43.0,10,Monday,71.0,Moderate
India,Gujarat,Surat,"Science Center, Surat - SMC",2026-07-06 10:00:00,21.170046,72.795405,PM10,9.0,90.0,54.0,10,Monday,81.0,Moderate
India,Delhi,Delhi,"Ashok Vihar, Delhi - DPCC",2026-07-06 10:00:00,28.695381,77.181665,PM2.5,3.0,180.0,63.0,10,Monday,177.0,Poor/Severe
India,Delhi,Delhi,"Ashok Vihar, Delhi - DPCC",2026-07-06 10:00:00,28.695381,77.181665,NO2,19.0,53.0,37.0,10,Monday,34.0,Good/Satisfactory
India,Delhi,Delhi,"Dwarka-Sector 8, Delhi - DPCC ",2026-07-06 10:00:00,28.5710274,77.0719006,NH3,8.0,11.0,9.0,10,Monday,3.0,Good/Satisfactory
India,Delhi,Delhi,"Dwarka-Sector 8, Delhi - DPCC ",2026-07-06 10:00:00,28.5710274,77.0719006,CO,21.0,55.0,36.0,10,Monday,34.0,Good/Satisfactory
India,Delhi,Delhi,"ITO, Delhi - CPCB",2026-07-06 10:00:00,28.628624,77.24106,PM2.5,32.0,114.0,66.0,10,Monday,82.0,Poor/Severe
India,Delhi,Delhi,"IGI Airport (T3), Delhi - IITM",2026-07-06 10:00:00,28.5627763,77.1180053,SO2,6.0,15.5,10.5,10,Monday,9.5,Good/Satisfactory
India,Delhi,Delhi,"Burari Crossing, Delhi - IITM",2026-07-06 10:00:00,28.7256504,77.2011573,SO2,6.0,15.5,10.5,10,Monday,9.5,Good/Satisfactory
India,Delhi,Delhi,"Burari Crossing, Delhi - IITM",2026-07-06 10:00:00,28.7256504,77.2011573,OZONE,16.0,26.0,19.0,10,Monday,10.0,Good/Satisfactory
India,Delhi,Delhi,"IIT Delhi, Delhi - IITM",2026-07-06 10:00:00,28.54246,77.191651,PM2.5,7.0,81.0,48.0,10,Monday,74.0,Moderate
India,Delhi,Delhi,"IIT Delhi, Delhi - IITM",2026-07-06 10:00:00,28.54246,77.191651,PM10,26.0,152.0,95.0,10,Monday,126.0,Moderate
India,Delhi,Delhi,"Chandni Chowk, Delhi - IITM",2026-07-06 10:00:00,28.656756,77.227234,PM2.5,50.0,225.0,96.0,10,Monday,175.0,Poor/Severe
India,Delhi,Delhi,"Chandni Chowk, Delhi - IITM",2026-07-06 10:00:00,28.656756,77.227234,NO2,15.0,30.0,22.0,10,Monday,15.0,Good/Satisfactory
India,Delhi,Delhi,"Chandni Chowk, Delhi - IITM",2026-07-06 10:00:00,28.656756,77.227234,SO2,70.0,100.0,83.0,10,Monday,30.0,Moderate
India,Delhi,Delhi,"Punjabi Bagh, Delhi - DPCC",2026-07-06 10:00:00,28.674045,77.131023,NO2,17.0,55.0,36.0,10,Monday,38.0,Good/Satisfactory
India,Delhi,Delhi,"NSUT Jaffarpur, Delhi - DPCC",2026-07-06 10:00:00,28.594004,76.909423,PM2.5,32.0,199.0,78.0,10,Monday,167.0,Poor/Severe
India,Delhi,Delhi,"NSUT Jaffarpur, Delhi - DPCC",2026-07-06 10:00:00,28.594004,76.909423,NO2,10.0,81.0,43.0,10,Monday,71.0,Good/Satisfactory
India,Delhi,Delhi,"NSUT Jaffarpur, Delhi - DPCC",2026-07-06 10:00:00,28.594004,76.909423,CO,39.0,56.0,47.0,10,Monday,17.0,Good/Satisfactory
India,Delhi,Delhi,"Cantonment Area, Delhi - DPCC",2026-07-06 10:00:00,28.594169,77.1251,PM10,19.0,99.0,65.0,10,Monday,80.0,Moderate
India,Delhi,Delhi,"Cantonment Area, Delhi - DPCC",2026-07-06 10:00:00,28.594169,77.1251,NH3,2.0,9.0,5.0,10,Monday,7.0,Good/Satisfactory
India,Delhi,Delhi,"Commonwealth Sports Complex, Delhi - DPCC",2026-07-06 10:00:00,28.615828,77.271992,PM10,31.0,141.0,88.0,10,Monday,110.0,Moderate
India,Delhi,Delhi,"Talkatora Garden, Delhi - DPCC",2026-07-06 10:00:00,28.62181,77.1944633,NH3,3.0,8.0,5.0,10,Monday,5.0,Good/Satisfactory
India,Delhi,Delhi,"Talkatora Garden, Delhi - DPCC",2026-07-06 10:00:00,28.62181,77.1944633,SO2,6.0,24.0,11.0,10,Monday,18.0,Good/Satisfactory
India,Delhi,Delhi,"Narela, Delhi - DPCC",2026-07-06 10:00:00,28.822836,77.101981,PM2.5,9.0,184.0,75.0,10,Monday,175.0,Poor/Severe
India,Delhi,Delhi,"JNU, Delhi - DPCC",2026-07-06 10:00:00,28.540721,77.168544,NO2,12.0,66.0,33.0,10,Monday,54.0,Good/Satisfactory
India,Delhi,Delhi,"JNU, Delhi - DPCC",2026-07-06 10:00:00,28.540721,77.168544,SO2,0.0,1.0,1.0,10,Monday,1.0,Good/Satisfactory
India,Delhi,Delhi,"IGNOU_Maidan Garhi, Delhi - DPCC",2026-07-06 10:00:00,28.493624,77.201159,PM2.5,4.0,43.0,22.0,10,Monday,39.0,Good/Satisfactory
India,Delhi,Delhi,"Sirifort, Delhi - CPCB",2026-07-06 10:00:00,28.5504249,77.2159377,PM2.5,35.0,145.0,77.0,10,Monday,110.0,Poor/Severe
India,Delhi,Delhi,"Pusa, Delhi - IITM",2026-07-06 10:00:00,28.63611,77.173332,NO2,6.0,106.0,59.0,10,Monday,100.0,Moderate
India,Delhi,Delhi,"Pusa, Delhi - IITM",2026-07-06 10:00:00,28.63611,77.173332,SO2,6.0,15.5,10.5,10,Monday,9.5,Good/Satisfactory
India,Delhi,Delhi,"Vivek Vihar, Delhi - DPCC",2026-07-06 10:00:00,28.672342,77.31526,NO2,28.0,73.0,43.0,10,Monday,45.0,Good/Satisfactory
India,Delhi,Delhi,"North Campus, DU, Delhi - IITM",2026-07-06 10:00:00,28.6573814,77.1585447,SO2,6.0,15.5,10.5,10,Monday,9.5,Good/Satisfactory
India,Delhi,Delhi,"North Campus, DU, Delhi - IITM",2026-07-06 10:00:00,28.6573814,77.1585447,OZONE,16.0,17.0,17.0,10,Monday,1.0,Good/Satisfactory
India,Delhi,Delhi,"Rohini, Delhi - DPCC",2026-07-06 10:00:00,28.732528,77.11992,NH3,6.0,20.0,11.0,10,Monday,14.0,Good/Satisfactory
India,Delhi,Delhi,"Rohini, Delhi - DPCC",2026-07-06 10:00:00,28.732528,77.11992,SO2,6.0,12.0,8.0,10,Monday,6.0,Good/Satisfactory
India,Delhi,Delhi,"CRRI Mathura Road, Delhi - IITM",2026-07-06 10:00:00,28.5512005,77.2735737,SO2,6.0,15.5,10.5,10,Monday,9.5,Good/Satisfactory
India,Delhi,Delhi,"Okhla Phase-2, Delhi - DPCC",2026-07-06 10:00:00,28.530785,77.271255,OZONE,7.0,18.0,10.0,10,Monday,11.0,Good/Satisfactory
India,Delhi,Delhi,"NSIT Dwarka, Delhi - CPCB",2026-07-06 10:00:00,28.60909,77.0325413,PM2.5,60.0,171.0,84.0,10,Monday,111.0,Poor/Severe
India,Delhi,Delhi,"NSIT Dwarka, Delhi - CPCB",2026-07-06 10:00:00,28.60909,77.0325413,NO2,0.0,74.0,41.0,10,Monday,74.0,Good/Satisfactory
India,Gujarat,Surat,"Science Center, Surat - SMC",2026-07-06 10:00:00,21.170046,72.795405,NH3,2.5,4.0,3.0,10,Monday,1.5,Good/Satisfactory
India,Gujarat,Vadodara,"Bapunagar, Vadodara - Nexteng Enviro",2026-07-06 10:00:00,22.320153,73.216285,NO2,12.0,14.0,13.0,10,Monday,2.0,Good/Satisfactory
India,Gujarat,Vapi,"Phase-1 GIDC, Vapi - GPCB",2026-07-06 10:00:00,20.362421,72.918013,NH3,3.0,4.0,4.0,10,Monday,1.0,Good/Satisfactory
India,Gujarat,Vatva,"Phase-4 GIDC, Vatva - GPCB",2026-07-06 10:00:00,22.969611,72.6435,SO2,5.5,10.5,7.5,10,Monday,5.0,Good/Satisfactory
India,Haryana,Ambala,"Patti Mehar, Ambala - HSPCB",2026-07-06 10:00:00,30.379589,76.778328,SO2,15.0,32.0,22.0,10,Monday,17.0,Good/Satisfactory
India,Haryana,Ambala,"Patti Mehar, Ambala - HSPCB",2026-07-06 10:00:00,30.379589,76.778328,CO,10.0,11.0,10.0,10,Monday,1.0,Good/Satisfactory
India,Haryana,Ambala,"Patti Mehar, Ambala - HSPCB",2026-07-06 10:00:00,30.379589,76.778328,OZONE,14.0,16.0,15.0,10,Monday,2.0,Good/Satisfactory
India,Haryana,Bahadurgarh,"Arya Nagar, Bahadurgarh - HSPCB",2026-07-06 10:00:00,28.6701,76.9254,NO2,12.0,23.0,17.0,10,Monday,11.0,Good/Satisfactory
India,Haryana,Bahadurgarh,"Arya Nagar, Bahadurgarh - HSPCB",2026-07-06 10:00:00,28.6701,76.9254,CO,43.0,50.0,47.0,10,Monday,7.0,Good/Satisfactory
India,Gujarat,Ahmedabad,"Raikhad, Ahmedabad - IITM",2026-07-06 10:00:00,23.020509,72.579261,NH3,2.5,4.0,3.0,10,Monday,1.5,Good/Satisfactory
India,Gujarat,Ahmedabad,"Maninagar, Ahmedabad - GPCB",2026-07-06 10:00:00,23.002657,72.591912,PM2.5,18.5,75.5,46.5,10,Monday,57.0,Moderate
India,Gujarat,Ahmedabad,"Maninagar, Ahmedabad - GPCB",2026-07-06 10:00:00,23.002657,72.591912,NH3,2.5,4.0,3.0,10,Monday,1.5,Good/Satisfactory
India,Gujarat,Ahmedabad,"Gyaspur, Ahmedabad - IITM",2026-07-06 10:00:00,22.977134,72.553024,OZONE,25.0,30.0,27.0,10,Monday,5.0,Good/Satisfactory
India,Gujarat,Ahmedabad,"SAC ISRO Satellite, Ahmedabad - IITM",2026-07-06 10:00:00,23.023389,72.515201,NH3,1.0,2.0,2.0,10,Monday,1.0,Good/Satisfactory
India,Gujarat,Ahmedabad,"SAC ISRO Satellite, Ahmedabad - IITM",2026-07-06 10:00:00,23.023389,72.515201,OZONE,2.0,50.0,20.0,10,Monday,48.0,Good/Satisfactory
India,Gujarat,Ahmedabad,"Chandkheda, Ahmedabad - IITM",2026-07-06 10:00:00,23.107969,72.574648,NO2,6.0,17.0,11.0,10,Monday,11.0,Good/Satisfactory
India,Gujarat,Ahmedabad,"Chandkheda, Ahmedabad - IITM",2026-07-06 10:00:00,23.107969,72.574648,NH3,7.0,8.0,8.0,10,Monday,1.0,Good/Satisfactory
India,Gujarat,Ahmedabad,"SVPI Airport Hansol, Ahmedabad - IITM",2026-07-06 10:00:00,23.076793,72.627874,NO2,10.0,27.0,16.0,10,Monday,17.0,Good/Satisfactory
India,Gujarat,Ahmedabad,"SVPI Airport Hansol, Ahmedabad - IITM",2026-07-06 10:00:00,23.076793,72.627874,NH3,1.0,2.0,1.0,10,Monday,1.0,Good/Satisfactory
India,Gujarat,Ahmedabad,"SVPI Airport Hansol, Ahmedabad - IITM",2026-07-06 10:00:00,23.076793,72.627874,CO,18.0,26.0,21.0,10,Monday,8.0,Good/Satisfactory
India,Haryana,Ballabgarh,"Nathu Colony, Ballabgarh - HSPCB",2026-07-06 10:00:00,28.3419248,77.319699,NH3,4.0,5.0,4.0,10,Monday,1.0,Good/Satisfactory
India,Haryana,Bhiwani,"H.B. Colony, Bhiwani - HSPCB",2026-07-06 10:00:00,28.806223,76.141105,PM10,88.0,109.0,94.0,10,Monday,21.0,Moderate
India,Haryana,Bhiwani,"H.B. Colony, Bhiwani - HSPCB",2026-07-06 10:00:00,28.806223,76.141105,NO2,6.0,10.0,8.0,10,Monday,4.0,Good/Satisfactory
India,Haryana,Charkhi Dadri,"Mini Secretariat, Charkhi Dadri - HSPCB",2026-07-06 10:00:00,28.593883,76.270653,NO2,9.0,25.0,16.0,10,Monday,16.0,Good/Satisfactory
India,Haryana,Charkhi Dadri,"Mini Secretariat, Charkhi Dadri - HSPCB",2026-07-06 10:00:00,28.593883,76.270653,OZONE,11.0,39.0,20.0,10,Monday,28.0,Good/Satisfactory
India,Haryana,Dharuhera,"Municipal Corporation Office, Dharuhera -  HSPCB",2026-07-06 10:00:00,28.2068,76.7997,PM10,75.0,131.0,93.0,10,Monday,56.0,Moderate
India,Haryana,Faridabad,"New Industrial Town, Faridabad - HSPCB",2026-07-06 10:00:00,28.39072,77.30059,NH3,11.0,12.0,11.0,10,Monday,1.0,Good/Satisfactory
India,Delhi,Delhi,"NSIT Dwarka, Delhi - CPCB",2026-07-06 10:00:00,28.60909,77.0325413,OZONE,13.0,57.0,39.0,10,Monday,44.0,Good/Satisfactory
India,Delhi,Delhi,"Jawaharlal Nehru Stadium, Delhi - DPCC",2026-07-06 10:00:00,28.58028,77.233829,OZONE,11.0,19.0,14.0,10,Monday,8.0,Good/Satisfactory
India,Delhi,Delhi,"Pusa, Delhi - DPCC",2026-07-06 10:00:00,28.639652,77.146275,PM2.5,20.0,306.0,72.0,10,Monday,286.0,Poor/Severe
India,Delhi,Delhi,"Nehru Nagar, Delhi - DPCC",2026-07-06 10:00:00,28.56789,77.250515,SO2,19.0,24.0,22.0,10,Monday,5.0,Good/Satisfactory
India,Delhi,Delhi,"Nehru Nagar, Delhi - DPCC",2026-07-06 10:00:00,28.56789,77.250515,CO,4.0,7.0,6.0,10,Monday,3.0,Good/Satisfactory
India,Delhi,Delhi,"Sonia Vihar, Delhi - DPCC",2026-07-06 10:00:00,28.710508,77.249485,SO2,6.0,27.0,15.0,10,Monday,21.0,Good/Satisfactory
India,Delhi,Delhi,"Major Dhyan Chand National Stadium, Delhi - DPCC",2026-07-06 10:00:00,28.611281,77.237738,PM2.5,2.0,65.0,31.0,10,Monday,63.0,Moderate
India,Delhi,Delhi,"Mundka, Delhi - DPCC",2026-07-06 10:00:00,28.684678,77.076574,NH3,8.0,13.0,10.0,10,Monday,5.0,Good/Satisfactory
India,Delhi,Delhi,"Mundka, Delhi - DPCC",2026-07-06 10:00:00,28.684678,77.076574,SO2,0.0,20.0,9.0,10,Monday,20.0,Good/Satisfactory
India,Delhi,Delhi,"Wazirpur, Delhi - DPCC",2026-07-06 10:00:00,28.699793,77.165453,NH3,1.0,5.0,3.0,10,Monday,4.0,Good/Satisfactory
India,Delhi,Delhi,"Wazirpur, Delhi - DPCC",2026-07-06 10:00:00,28.699793,77.165453,OZONE,18.0,18.0,18.0,10,Monday,0.0,Good/Satisfactory
India,Delhi,Delhi,"Najafgarh, Delhi - DPCC",2026-07-06 10:00:00,28.570173,76.933762,PM10,16.0,99.0,70.0,10,Monday,83.0,Moderate
India,Delhi,Delhi,"Sri Aurobindo Marg, Delhi - DPCC",2026-07-06 10:00:00,28.531346,77.190156,PM10,18.0,122.0,71.0,10,Monday,104.0,Moderate
India,Delhi,Delhi,"Sri Aurobindo Marg, Delhi - DPCC",2026-07-06 10:00:00,28.531346,77.190156,NH3,10.0,15.0,12.0,10,Monday,5.0,Good/Satisfactory
India,Delhi,Delhi,"Sri Aurobindo Marg, Delhi - DPCC",2026-07-06 10:00:00,28.531346,77.190156,OZONE,5.0,12.0,9.0,10,Monday,7.0,Good/Satisfactory
India,Haryana,Gurugram,"Sector-51, Gurugram - HSPCB",2026-07-06 10:00:00,28.4227,77.0667,PM10,11.0,463.0,143.0,10,Monday,452.0,Poor/Severe
India,Haryana,Gurugram,"Sector-51, Gurugram - HSPCB",2026-07-06 10:00:00,28.4227,77.0667,NO2,20.0,59.0,36.0,10,Monday,39.0,Good/Satisfactory
India,Haryana,Gurugram,"Sector-51, Gurugram - HSPCB",2026-07-06 10:00:00,28.4227,77.0667,OZONE,7.0,20.0,12.0,10,Monday,13.0,Good/Satisfactory
India,Haryana,Gurugram,"NISE Gwal Pahari, Gurugram - IITM",2026-07-06 10:00:00,28.422681,77.148944,NH3,8.0,11.0,9.0,10,Monday,3.0,Good/Satisfactory
India,Haryana,Gurugram,"Vikas Sadan, Gurugram - HSPCB",2026-07-06 10:00:00,28.4501238,77.0263051,PM10,38.0,155.0,94.0,10,Monday,117.0,Moderate
India,Haryana,Jind,"Police Lines, Jind - HSPCB",2026-07-06 10:00:00,29.307814,76.337619,PM2.5,28.0,110.0,59.0,10,Monday,82.0,Moderate
India,Haryana,Jind,"Police Lines, Jind - HSPCB",2026-07-06 10:00:00,29.307814,76.337619,OZONE,2.0,18.0,9.0,10,Monday,16.0,Good/Satisfactory
India,Haryana,Kaithal,"Rishi Nagar, Kaithal - HSPCB",2026-07-06 10:00:00,29.8006,76.4155,NO2,18.0,25.0,22.0,10,Monday,7.0,Good/Satisfactory
India,Haryana,Kaithal,"Rishi Nagar, Kaithal - HSPCB",2026-07-06 10:00:00,29.8006,76.4155,CO,21.0,34.0,27.0,10,Monday,13.0,Good/Satisfactory
India,Haryana,Karnal,"Sector-12, Karnal - HSPCB",2026-07-06 10:00:00,29.6953,77.0027,PM10,0.0,500.0,148.0,10,Monday,500.0,Poor/Severe
India,Haryana,Karnal,"Sector-12, Karnal - HSPCB",2026-07-06 10:00:00,29.6953,77.0027,NH3,6.0,12.0,8.0,10,Monday,6.0,Good/Satisfactory
India,Haryana,Karnal,"Sector-12, Karnal - HSPCB",2026-07-06 10:00:00,29.6953,77.0027,CO,14.0,24.0,15.0,10,Monday,10.0,Good/Satisfactory
India,Haryana,Karnal,"Sector-12, Karnal - HSPCB",2026-07-06 10:00:00,29.6953,77.0027,OZONE,5.0,20.0,10.0,10,Monday,15.0,Good/Satisfactory
India,Haryana,Kurukshetra,"Sector-7, Kurukshetra - HSPCB",2026-07-06 10:00:00,29.966942,76.875879,OZONE,23.0,49.0,31.0,10,Monday,26.0,Good/Satisfactory
India,Haryana,Mandikhera,"General Hospital, Mandikhera(Nuh) - HSPCB",2026-07-06 10:00:00,27.9002,76.9938,NO2,14.0,18.0,16.0,10,Monday,4.0,Good/Satisfactory
India,Haryana,Mandikhera,"General Hospital, Mandikhera(Nuh) - HSPCB",2026-07-06 10:00:00,27.9002,76.9938,NH3,6.0,9.0,8.0,10,Monday,3.0,Good/Satisfactory
India,Haryana,Manesar,"Sector-2 IMT, Manesar - HSPCB",2026-07-06 10:00:00,28.360699,76.93609,CO,24.0,26.0,25.0,10,Monday,2.0,Good/Satisfactory
India,Haryana,Narnaul,"Shastri Nagar, Narnaul - HSPCB",2026-07-06 10:00:00,28.060249,76.113115,OZONE,11.0,38.0,17.0,10,Monday,27.0,Good/Satisfactory
India,Haryana,Palwal,"Shyam Nagar, Palwal - HSPCB",2026-07-06 10:00:00,28.1485564,77.3320667,PM10,80.0,105.0,101.0,10,Monday,25.0,Poor/Severe
India,Haryana,Panchgaon,"Amity University, Panchgaon - IITM",2026-07-06 10:00:00,28.3153,76.9143,OZONE,9.0,21.0,13.0,10,Monday,12.0,Good/Satisfactory
India,Haryana,Panchkula,"Sector-6, Panchkula - HSPCB ",2026-07-06 10:00:00,30.7057778,76.8531805555555,PM10,36.0,123.0,88.5,10,Monday,87.0,Moderate
India,Haryana,Panchkula,"Sector-6, Panchkula - HSPCB ",2026-07-06 10:00:00,30.7057778,76.8531805555555,NO2,22.0,26.0,24.0,10,Monday,4.0,Good/Satisfactory
India,Haryana,Panchkula,"Sector-6, Panchkula - HSPCB ",2026-07-06 10:00:00,30.7057778,76.8531805555555,SO2,10.0,14.0,11.0,10,Monday,4.0,Good/Satisfactory
India,Haryana,Rohtak,"MD University, Rohtak - HSPCB",2026-07-06 10:00:00,28.52123,76.37138,PM2.5,45.0,74.0,48.0,10,Monday,29.0,Moderate
India,Haryana,Rohtak,"MD University, Rohtak - HSPCB",2026-07-06 10:00:00,28.52123,76.37138,OZONE,14.0,30.0,20.0,10,Monday,16.0,Good/Satisfactory
India,Haryana,Sirsa,"F-Block, Sirsa - HSPCB",2026-07-06 10:00:00,29.5364,75.0158,PM10,40.0,79.0,54.0,10,Monday,39.0,Moderate
India,Haryana,Sirsa,"F-Block, Sirsa - HSPCB",2026-07-06 10:00:00,29.5364,75.0158,NO2,14.0,26.0,19.0,10,Monday,12.0,Good/Satisfactory
India,Haryana,Yamuna Nagar,"Gobind Pura, Yamuna Nagar - HSPCB",2026-07-06 10:00:00,30.1480566,77.2893471,PM2.5,71.0,129.0,87.0,10,Monday,58.0,Poor/Severe
India,Haryana,Yamuna Nagar,"Gobind Pura, Yamuna Nagar - HSPCB",2026-07-06 10:00:00,30.1480566,77.2893471,PM10,71.0,110.0,86.0,10,Monday,39.0,Moderate
India,Haryana,Yamuna Nagar,"Gobind Pura, Yamuna Nagar - HSPCB",2026-07-06 10:00:00,30.1480566,77.2893471,NO2,42.0,66.0,50.0,10,Monday,24.0,Good/Satisfactory
India,Haryana,Yamuna Nagar,"Gobind Pura, Yamuna Nagar - HSPCB",2026-07-06 10:00:00,30.1480566,77.2893471,OZONE,8.0,63.0,28.0,10,Monday,55.0,Good/Satisfactory
India,Jammu and Kashmir,Srinagar,"Rajbagh, Srinagar - JKPCC",2026-07-06 10:00:00,34.066206,74.81982,NO2,19.0,20.0,19.0,10,Monday,1.0,Good/Satisfactory
India,Jammu and Kashmir,Srinagar,"Khunmoh, Srinagar - JKPCC",2026-07-06 10:00:00,34.06313,74.96017,PM2.5,22.0,47.0,33.0,10,Monday,25.0,Moderate
India,Jammu and Kashmir,Srinagar,"Khunmoh, Srinagar - JKPCC",2026-07-06 10:00:00,34.06313,74.96017,OZONE,0.0,1.0,0.0,10,Monday,1.0,Good/Satisfactory
India,Jharkhand,Dhanbad,"Sardar Patel Nagar, Dhanbad - JSPCB",2026-07-06 10:00:00,23.80569,86.44268,PM10,48.0,104.0,68.0,10,Monday,56.0,Moderate
India,Jharkhand,Jorapokhar,"Tata Stadium, Jorapokhar - JSPCB",2026-07-06 10:00:00,23.707909,86.41467,NH3,3.0,3.0,3.0,10,Monday,0.0,Good/Satisfactory
India,Karnataka,Bagalkot,"Vidayagiri, Bagalkot - KSPCB",2026-07-06 10:00:00,16.172806,75.659694,PM2.5,30.0,31.0,30.0,10,Monday,1.0,Good/Satisfactory
India,Karnataka,Bagalkot,"Vidayagiri, Bagalkot - KSPCB",2026-07-06 10:00:00,16.172806,75.659694,NO2,10.0,11.0,10.0,10,Monday,1.0,Good/Satisfactory
India,Karnataka,Bagalkot,"Vidayagiri, Bagalkot - KSPCB",2026-07-06 10:00:00,16.172806,75.659694,SO2,10.0,10.0,10.0,10,Monday,0.0,Good/Satisfactory
India,Karnataka,Bengaluru,"BTM Layout, Bengaluru - CPCB",2026-07-06 10:00:00,12.9135218,77.5950804,PM10,42.0,86.0,55.0,10,Monday,44.0,Moderate
India,Karnataka,Bengaluru,"BTM Layout, Bengaluru - CPCB",2026-07-06 10:00:00,12.9135218,77.5950804,NO2,24.0,25.0,24.0,10,Monday,1.0,Good/Satisfactory
India,Karnataka,Bengaluru,"BTM Layout, Bengaluru - CPCB",2026-07-06 10:00:00,12.9135218,77.5950804,OZONE,24.0,25.0,24.0,10,Monday,1.0,Good/Satisfactory
India,Madhya Pradesh,Gwalior,"Deen Dayal Nagar, Gwalior - MPPCB",2026-07-06 10:00:00,26.259242,78.216432,PM10,2.0,80.0,29.0,10,Monday,78.0,Good/Satisfactory
India,Madhya Pradesh,Gwalior,"Deen Dayal Nagar, Gwalior - MPPCB",2026-07-06 10:00:00,26.259242,78.216432,NO2,15.0,40.0,27.0,10,Monday,25.0,Good/Satisfactory
India,Madhya Pradesh,Gwalior,"City Center, Gwalior - MPPCB",2026-07-06 10:00:00,26.203442,78.193251,NH3,2.0,20.0,6.0,10,Monday,18.0,Good/Satisfactory
India,Madhya Pradesh,Gwalior,"Maharaj Bada, Gwalior - MPPCB",2026-07-06 10:00:00,26.200388,78.147714,SO2,14.0,19.0,16.0,10,Monday,5.0,Good/Satisfactory
India,Madhya Pradesh,Indore,"Residency Area, Indore - IMC",2026-07-06 10:00:00,22.7084,75.8815,PM2.5,10.0,39.0,22.0,10,Monday,29.0,Good/Satisfactory
India,Madhya Pradesh,Indore,"Residency Area, Indore - IMC",2026-07-06 10:00:00,22.7084,75.8815,SO2,3.0,4.0,3.0,10,Monday,1.0,Good/Satisfactory
India,Madhya Pradesh,Indore,"Airport Area, Indore - IMC",2026-07-06 10:00:00,22.7289,75.8076,PM10,10.0,56.0,31.0,10,Monday,46.0,Good/Satisfactory
India,Madhya Pradesh,Indore,"Airport Area, Indore - IMC",2026-07-06 10:00:00,22.7289,75.8076,CO,49.0,52.0,50.0,10,Monday,3.0,Good/Satisfactory
India,Madhya Pradesh,Indore,"Maguda Nagar, Indore - IMC",2026-07-06 10:00:00,22.7524,75.8872,PM2.5,10.0,49.0,24.0,10,Monday,39.0,Good/Satisfactory
India,Madhya Pradesh,Indore,"Maguda Nagar, Indore - IMC",2026-07-06 10:00:00,22.7524,75.8872,NH3,3.0,4.0,4.0,10,Monday,1.0,Good/Satisfactory
India,Madhya Pradesh,Jabalpur,"Marhatal, Jabalpur - MPPCB",2026-07-06 10:00:00,23.168606,79.932247,PM10,12.0,49.0,30.0,10,Monday,37.0,Good/Satisfactory
India,Kerala,Thiruvananthapuram,"Kariavattom, Thiruvananthapuram - Kerala PCB",2026-07-06 10:00:00,8.5637,76.8865,CO,21.0,23.0,22.0,10,Monday,2.0,Good/Satisfactory
India,Madhya Pradesh,Bhopal,"T T Nagar, Bhopal - MPPCB",2026-07-06 10:00:00,23.233584,77.400574,NH3,5.0,5.0,5.0,10,Monday,0.0,Good/Satisfactory
India,Madhya Pradesh,Bhopal,"Paryavaran Parisar, Bhopal - MPPCB",2026-07-06 10:00:00,23.210494,77.425409,NO2,13.0,33.0,18.0,10,Monday,20.0,Good/Satisfactory
India,Madhya Pradesh,Bhopal,"Paryavaran Parisar, Bhopal - MPPCB",2026-07-06 10:00:00,23.210494,77.425409,CO,8.0,17.0,14.0,10,Monday,9.0,Good/Satisfactory
India,Madhya Pradesh,Bhopal,"Idgah Hills, Bhopal - MPPCB",2026-07-06 10:00:00,23.264759,77.381568,NO2,11.0,35.0,18.0,10,Monday,24.0,Good/Satisfactory
India,Madhya Pradesh,Bhopal,"Idgah Hills, Bhopal - MPPCB",2026-07-06 10:00:00,23.264759,77.381568,CO,3.0,8.0,5.0,10,Monday,5.0,Good/Satisfactory
India,Madhya Pradesh,Damoh,"Shrivastav Colony, Damoh - MPPCB",2026-07-06 10:00:00,23.81748678,79.446246,NO2,12.0,33.0,18.0,10,Monday,21.0,Good/Satisfactory
India,Madhya Pradesh,Damoh,"Shrivastav Colony, Damoh - MPPCB",2026-07-06 10:00:00,23.81748678,79.446246,OZONE,16.5,34.0,25.0,10,Monday,17.5,Good/Satisfactory
India,Madhya Pradesh,Dewas,"Bhopal Chauraha, Dewas - MPPCB",2026-07-06 10:00:00,22.9682591,76.064118,PM10,24.0,74.0,46.0,10,Monday,50.0,Good/Satisfactory
India,Madhya Pradesh,Dewas,"Bhopal Chauraha, Dewas - MPPCB",2026-07-06 10:00:00,22.9682591,76.064118,NH3,1.0,3.0,2.0,10,Monday,2.0,Good/Satisfactory
India,Karnataka,Chikkamagaluru,"Kalyana Nagara, Chikkamagaluru - KSPCB",2026-07-06 10:00:00,13.328028,75.797056,OZONE,12.0,12.0,12.0,10,Monday,0.0,Good/Satisfactory
India,Karnataka,Gadag,"Panchal Nagar, Gadag - KSPCB",2026-07-06 10:00:00,15.411456,75.638133,PM2.5,21.0,28.0,24.0,10,Monday,7.0,Good/Satisfactory
India,Karnataka,Gadag,"Panchal Nagar, Gadag - KSPCB",2026-07-06 10:00:00,15.411456,75.638133,NO2,0.0,1.0,1.0,10,Monday,1.0,Good/Satisfactory
India,Karnataka,Hubballi,"Lingaraj Nagar, Hubballi - KSPCB",2026-07-06 10:00:00,15.3714823,75.1160168,NO2,7.0,9.0,8.0,10,Monday,2.0,Good/Satisfactory
India,Karnataka,Hubballi,"Lingaraj Nagar, Hubballi - KSPCB",2026-07-06 10:00:00,15.3714823,75.1160168,SO2,2.0,2.0,2.0,10,Monday,0.0,Good/Satisfactory
India,Karnataka,Hubballi,"Lingaraj Nagar, Hubballi - KSPCB",2026-07-06 10:00:00,15.3714823,75.1160168,OZONE,21.0,21.0,21.0,10,Monday,0.0,Good/Satisfactory
India,Karnataka,Kalaburagi,"Mahatma Basaveswar Colony, Kalaburgi - KSPCB",2026-07-06 10:00:00,17.336318,76.847397,OZONE,13.0,13.0,13.0,10,Monday,0.0,Good/Satisfactory
India,Karnataka,Madikeri,"Stuart Hill, Madikeri - KSPCB",2026-07-06 10:00:00,12.415911,75.73505,NO2,12.0,19.0,15.0,10,Monday,7.0,Good/Satisfactory
India,Karnataka,Mangalore,"Kadri, Mangalore - KSPCB",2026-07-06 10:00:00,12.88925,74.853,PM10,31.0,71.0,46.0,10,Monday,40.0,Good/Satisfactory
India,Karnataka,Mangalore,"Kadri, Mangalore - KSPCB",2026-07-06 10:00:00,12.88925,74.853,OZONE,37.0,37.0,37.0,10,Monday,0.0,Good/Satisfactory
India,Karnataka,Mysuru,"Hebbal 1st Stage, Mysuru - KSPCB",2026-07-06 10:00:00,12.21041,76.37376,CO,4.0,7.0,6.0,10,Monday,3.0,Good/Satisfactory
India,Karnataka,Vijayapura,"Ibrahimpur, Vijayapura - KSPCB",2026-07-06 10:00:00,16.802639,75.722694,NO2,11.0,12.0,11.0,10,Monday,1.0,Good/Satisfactory
India,Karnataka,Vijayapura,"Ibrahimpur, Vijayapura - KSPCB",2026-07-06 10:00:00,16.802639,75.722694,SO2,3.0,6.0,3.0,10,Monday,3.0,Good/Satisfactory
India,Karnataka,Vijayapura,"Ibrahimpur, Vijayapura - KSPCB",2026-07-06 10:00:00,16.802639,75.722694,CO,16.0,27.0,23.0,10,Monday,11.0,Good/Satisfactory
India,Kerala,Kannur,"Thavakkara, Kannur - Kerala PCB",2026-07-06 10:00:00,11.875,75.3732,PM10,39.0,56.0,51.0,10,Monday,17.0,Moderate
India,Kerala,Kollam,"Polayathode, Kollam - Kerala PCB",2026-07-06 10:00:00,8.8787,76.6073,CO,15.0,18.0,16.0,10,Monday,3.0,Good/Satisfactory
India,Kerala,Thiruvananthapuram,"Kariavattom, Thiruvananthapuram - Kerala PCB",2026-07-06 10:00:00,8.5637,76.8865,PM10,31.0,178.0,79.0,10,Monday,147.0,Moderate
India,Madhya Pradesh,Katni,"Gole Bazar, Katni - MPPCB",2026-07-06 10:00:00,23.50016,80.23284,PM2.5,2.0,52.0,24.0,10,Monday,50.0,Good/Satisfactory
India,Madhya Pradesh,Ratlam,"Shasthri Nagar, Ratlam - IPCA Lab",2026-07-06 10:00:00,23.331731,75.045981,PM10,13.0,71.0,39.0,10,Monday,58.0,Good/Satisfactory
India,Madhya Pradesh,Ratlam,"Shasthri Nagar, Ratlam - IPCA Lab",2026-07-06 10:00:00,23.331731,75.045981,NO2,35.0,40.0,37.0,10,Monday,5.0,Good/Satisfactory
India,Madhya Pradesh,Ratlam,"Shasthri Nagar, Ratlam - IPCA Lab",2026-07-06 10:00:00,23.331731,75.045981,OZONE,16.5,34.0,25.0,10,Monday,17.5,Good/Satisfactory
India,Madhya Pradesh,Satna,"Bandhavgar Colony, Satna - Birla Cement",2026-07-06 10:00:00,24.58434363,80.8549414,PM10,70.0,71.0,70.0,10,Monday,1.0,Moderate
India,Madhya Pradesh,Ujjain,"Mahashweta Nagar, Ujjain - MPPCB",2026-07-06 10:00:00,23.1633321,75.800225,SO2,2.0,5.0,3.0,10,Monday,3.0,Good/Satisfactory
India,Maharashtra,Akola,"Ramdaspeth, Akola - MPCB",2026-07-06 10:00:00,20.719516,77.000253,NH3,6.0,9.0,8.0,10,Monday,3.0,Good/Satisfactory
India,Karnataka,Bengaluru,"Hombegowda Nagar, Bengaluru - KSPCB",2026-07-06 10:00:00,12.938539,77.5901,CO,4.0,10.0,7.0,10,Monday,6.0,Good/Satisfactory
India,Karnataka,Bengaluru,"Hombegowda Nagar, Bengaluru - KSPCB",2026-07-06 10:00:00,12.938539,77.5901,OZONE,26.0,30.0,28.0,10,Monday,4.0,Good/Satisfactory
India,Karnataka,Bengaluru,"Jayanagar 5th Block, Bengaluru - KSPCB",2026-07-06 10:00:00,12.920984,77.584908,PM2.5,10.0,107.0,42.0,10,Monday,97.0,Moderate
India,Karnataka,Bengaluru,"Kasturi Nagar, Bengaluru - KSPCB",2026-07-06 10:00:00,13.003872,77.664217,PM2.5,17.5,40.0,27.0,10,Monday,22.5,Good/Satisfactory
India,Karnataka,Bengaluru,"Kasturi Nagar, Bengaluru - KSPCB",2026-07-06 10:00:00,13.003872,77.664217,PM10,31.0,71.0,46.0,10,Monday,40.0,Good/Satisfactory
India,Karnataka,Bengaluru,"Bapuji Nagar, Bengaluru - KSPCB",2026-07-06 10:00:00,12.951913,77.539784,NH3,3.0,3.0,3.0,10,Monday,0.0,Good/Satisfactory
India,Karnataka,Bengaluru,"Jigani, Bengaluru - KSPCB",2026-07-06 10:00:00,12.7816279,77.6299145,PM10,36.0,75.0,49.0,10,Monday,39.0,Good/Satisfactory
India,Maharashtra,Mumbai,"Borivali East, Mumbai - IITM",2026-07-06 10:00:00,19.23241,72.86895,OZONE,39.0,41.0,40.0,10,Monday,2.0,Good/Satisfactory
India,Maharashtra,Mumbai,"Deonar, Mumbai - IITM",2026-07-06 10:00:00,19.04946,72.923,CO,39.0,57.0,50.0,10,Monday,18.0,Good/Satisfactory
India,Maharashtra,Mumbai,"Chembur, Mumbai - MPCB",2026-07-06 10:00:00,19.0364585,72.8954371,PM2.5,9.0,31.0,21.0,10,Monday,22.0,Good/Satisfactory
India,Maharashtra,Mumbai,"Chembur, Mumbai - MPCB",2026-07-06 10:00:00,19.0364585,72.8954371,PM10,30.0,57.0,41.0,10,Monday,27.0,Good/Satisfactory
India,Maharashtra,Mumbai,"Chembur, Mumbai - MPCB",2026-07-06 10:00:00,19.0364585,72.8954371,SO2,1.0,2.0,1.0,10,Monday,1.0,Good/Satisfactory
India,Maharashtra,Mumbai,"Chembur, Mumbai - MPCB",2026-07-06 10:00:00,19.0364585,72.8954371,CO,10.0,14.0,12.0,10,Monday,4.0,Good/Satisfactory
India,Maharashtra,Nagpur,"Ram Nagar, Nagpur - MPCB",2026-07-06 10:00:00,21.143383,79.048912,NO2,6.0,26.0,10.0,10,Monday,20.0,Good/Satisfactory
India,Maharashtra,Nagpur,"Ambazari, Nagpur - MPCB",2026-07-06 10:00:00,21.121801,79.04952,CO,1.0,15.0,6.0,10,Monday,14.0,Good/Satisfactory
India,Maharashtra,Nagpur,"Ambazari, Nagpur - MPCB",2026-07-06 10:00:00,21.121801,79.04952,OZONE,6.0,11.0,8.0,10,Monday,5.0,Good/Satisfactory
India,Maharashtra,Nagpur,"Mahal, Nagpur - MPCB",2026-07-06 10:00:00,21.14472,79.107595,PM2.5,9.0,61.0,38.0,10,Monday,52.0,Moderate
India,Maharashtra,Nagpur,"Mahal, Nagpur - MPCB",2026-07-06 10:00:00,21.14472,79.107595,PM10,13.0,98.0,43.0,10,Monday,85.0,Good/Satisfactory
India,Maharashtra,Nagpur,"Mahal, Nagpur - MPCB",2026-07-06 10:00:00,21.14472,79.107595,NO2,9.0,27.0,16.0,10,Monday,18.0,Good/Satisfactory
India,Maharashtra,Nanded,"Sneh Nagar, Nanded - MPCB",2026-07-06 10:00:00,19.173852,77.296291,PM2.5,0.0,13.0,3.0,10,Monday,13.0,Good/Satisfactory
India,Maharashtra,Nanded,"Sneh Nagar, Nanded - MPCB",2026-07-06 10:00:00,19.173852,77.296291,PM10,13.0,26.0,17.0,10,Monday,13.0,Good/Satisfactory
India,Maharashtra,Nanded,"Sneh Nagar, Nanded - MPCB",2026-07-06 10:00:00,19.173852,77.296291,OZONE,19.0,23.0,21.0,10,Monday,4.0,Good/Satisfactory
India,Maharashtra,Nashik,"MIDC Ambad, Nashik - MPCB",2026-07-06 10:00:00,19.95022,73.73148,PM2.5,0.0,21.0,12.0,10,Monday,21.0,Good/Satisfactory
India,Maharashtra,Nashik,"MIDC Ambad, Nashik - MPCB",2026-07-06 10:00:00,19.95022,73.73148,NH3,1.0,2.0,2.0,10,Monday,1.0,Good/Satisfactory
India,Maharashtra,Pune,"Mhada Colony, Pune - IITM",2026-07-06 10:00:00,18.57304,73.927715,PM2.5,9.0,32.0,18.0,10,Monday,23.0,Good/Satisfactory
India,Maharashtra,Pune,"Mhada Colony, Pune - IITM",2026-07-06 10:00:00,18.57304,73.927715,CO,2.0,2.0,2.0,10,Monday,0.0,Good/Satisfactory
India,Maharashtra,Pune,"Savitribai Phule Pune University, Pune - MPCB",2026-07-06 10:00:00,18.547056,73.826908,SO2,2.0,6.0,4.0,10,Monday,4.0,Good/Satisfactory
India,Maharashtra,Pune,"Savitribai Phule Pune University, Pune - MPCB",2026-07-06 10:00:00,18.547056,73.826908,OZONE,3.0,31.0,14.0,10,Monday,28.0,Good/Satisfactory
India,Maharashtra,Pune,"Panchawati_Pashan, Pune - IITM",2026-07-06 10:00:00,18.536457,73.805454,PM2.5,17.0,33.0,23.0,10,Monday,16.0,Good/Satisfactory
India,Maharashtra,Pune,"Panchawati_Pashan, Pune - IITM",2026-07-06 10:00:00,18.536457,73.805454,NH3,2.0,4.0,3.0,10,Monday,2.0,Good/Satisfactory
India,Maharashtra,Pune,"Katraj Dairy, Pune - MPCB",2026-07-06 10:00:00,18.45445,73.854155,PM10,11.0,23.0,15.0,10,Monday,12.0,Good/Satisfactory
India,Maharashtra,Pune,"Katraj Dairy, Pune - MPCB",2026-07-06 10:00:00,18.45445,73.854155,NO2,11.0,16.0,14.0,10,Monday,5.0,Good/Satisfactory
India,Maharashtra,Pune,"Katraj Dairy, Pune - MPCB",2026-07-06 10:00:00,18.45445,73.854155,OZONE,4.0,14.0,9.0,10,Monday,10.0,Good/Satisfactory
India,Maharashtra,Pune,"Dhankawadi, Pune - IITM",2026-07-06 10:00:00,18.459883,73.852193,OZONE,5.0,9.0,7.0,10,Monday,4.0,Good/Satisfactory
India,Maharashtra,Pune,"Revenue Colony-Shivajinagar, Pune - IITM",2026-07-06 10:00:00,18.530085,73.849598,PM2.5,7.0,24.0,14.0,10,Monday,17.0,Good/Satisfactory
India,Maharashtra,Pune,"Revenue Colony-Shivajinagar, Pune - IITM",2026-07-06 10:00:00,18.530085,73.849598,CO,10.0,50.0,27.0,10,Monday,40.0,Good/Satisfactory
India,Maharashtra,Sangli,"Vijay Nagar, Sangli - MPCB",2026-07-06 10:00:00,16.5038,74.3623,NO2,5.0,7.0,6.0,10,Monday,2.0,Good/Satisfactory
India,Maharashtra,Sangli,"Vijay Nagar, Sangli - MPCB",2026-07-06 10:00:00,16.5038,74.3623,CO,13.0,15.0,14.0,10,Monday,2.0,Good/Satisfactory
India,Maharashtra,Kalyan,"Pimpleshwar Mandir, Kalyan - MPCB",2026-07-06 10:00:00,19.192056,72.9585188,OZONE,16.0,21.0,19.0,10,Monday,5.0,Good/Satisfactory
India,Maharashtra,Kolhapur,"Sinchan Bhavan, Kolhapur - MPCB",2026-07-06 10:00:00,16.7143745,74.2426398,PM10,20.0,32.0,26.0,10,Monday,12.0,Good/Satisfactory
India,Maharashtra,Kolhapur,"Sinchan Bhavan, Kolhapur - MPCB",2026-07-06 10:00:00,16.7143745,74.2426398,CO,7.0,16.0,11.0,10,Monday,9.0,Good/Satisfactory
India,Maharashtra,Kolhapur,"Shivaji University, Kolhapur - MPCB",2026-07-06 10:00:00,16.6870449,74.2505872,NH3,3.0,3.0,3.0,10,Monday,0.0,Good/Satisfactory
India,Maharashtra,Latur,"Sawe Wadi, Latur - MPCB",2026-07-06 10:00:00,18.39963,76.57452,PM10,10.0,43.0,22.0,10,Monday,33.0,Good/Satisfactory
India,Maharashtra,Latur,"Sawe Wadi, Latur - MPCB",2026-07-06 10:00:00,18.39963,76.57452,NO2,3.0,12.0,7.0,10,Monday,9.0,Good/Satisfactory
India,Maharashtra,Latur,"Sawe Wadi, Latur - MPCB",2026-07-06 10:00:00,18.39963,76.57452,SO2,1.0,6.0,4.0,10,Monday,5.0,Good/Satisfactory
India,Maharashtra,Malegaon,"Mahesh Nagar, Malegaon - MPCB",2026-07-06 10:00:00,20.555712,74.529236,SO2,0.0,1.0,1.0,10,Monday,1.0,Good/Satisfactory
India,Maharashtra,Mira-Bhayandar,"Bhayandar West, Mira-Bhayandar - MPCB",2026-07-06 10:00:00,19.296481,72.840923,PM10,6.0,23.0,16.0,10,Monday,17.0,Good/Satisfactory
India,Maharashtra,Mira-Bhayandar,"Bhayandar West, Mira-Bhayandar - MPCB",2026-07-06 10:00:00,19.296481,72.840923,NH3,4.0,4.0,4.0,10,Monday,0.0,Good/Satisfactory
India,Maharashtra,Mumbai,"Mazgaon, Mumbai - IITM",2026-07-06 10:00:00,18.96702,72.84214,PM10,25.0,48.0,38.0,10,Monday,23.0,Good/Satisfactory
India,Maharashtra,Mumbai,"Kandivali West, Mumbai - BMC",2026-07-06 10:00:00,19.215859,72.831718,OZONE,20.0,26.0,24.0,10,Monday,6.0,Good/Satisfactory
India,Maharashtra,Ambernath,"Chinchpada, Ambernath - MPCB",2026-07-06 10:00:00,19.215784,73.199781,PM10,18.0,43.5,29.0,10,Monday,25.5,Good/Satisfactory
India,Maharashtra,Ambernath,"Chinchpada, Ambernath - MPCB",2026-07-06 10:00:00,19.215784,73.199781,NH3,1.0,3.0,2.0,10,Monday,2.0,Good/Satisfactory
India,Maharashtra,Aurangabad,"MIDC Chilkalthana, Aurangabad - MPCB",2026-07-06 10:00:00,19.87562,75.38731,NH3,2.0,2.0,2.0,10,Monday,0.0,Good/Satisfactory
India,Maharashtra,Aurangabad,"MIDC Chilkalthana, Aurangabad - MPCB",2026-07-06 10:00:00,19.87562,75.38731,CO,21.0,28.0,26.0,10,Monday,7.0,Good/Satisfactory
India,Maharashtra,Aurangabad,"Rachnakar Colony, Aurangabad - MPCB",2026-07-06 10:00:00,19.863756,75.321188,PM2.5,17.0,31.0,22.0,10,Monday,14.0,Good/Satisfactory
India,Maharashtra,Aurangabad,"Rachnakar Colony, Aurangabad - MPCB",2026-07-06 10:00:00,19.863756,75.321188,NO2,8.0,15.0,12.0,10,Monday,7.0,Good/Satisfactory
India,Maharashtra,Aurangabad,"Rachnakar Colony, Aurangabad - MPCB",2026-07-06 10:00:00,19.863756,75.321188,SO2,2.0,5.0,4.0,10,Monday,3.0,Good/Satisfactory
India,Maharashtra,Beed,"Bir, Beed - MPCB",2026-07-06 10:00:00,18.988474,75.753873,PM2.5,2.0,10.0,5.0,10,Monday,8.0,Good/Satisfactory
India,Maharashtra,Beed,"Bir, Beed - MPCB",2026-07-06 10:00:00,18.988474,75.753873,PM10,3.0,40.0,13.0,10,Monday,37.0,Good/Satisfactory
India,Maharashtra,Beed,"Bir, Beed - MPCB",2026-07-06 10:00:00,18.988474,75.753873,NH3,2.0,3.0,2.0,10,Monday,1.0,Good/Satisfactory
India,Maharashtra,Belapur,"CBD Belapur, Belapur - MPCB",2026-07-06 10:00:00,19.0243902,73.0406721,PM10,15.0,50.0,30.0,10,Monday,35.0,Good/Satisfactory
India,Maharashtra,Boisar,"Khaira, Boisar - MPCB",2026-07-06 10:00:00,19.786089,72.757971,NO2,7.0,17.0,12.0,10,Monday,10.0,Good/Satisfactory
India,Maharashtra,Boisar,"Khaira, Boisar - MPCB",2026-07-06 10:00:00,19.786089,72.757971,NH3,2.0,4.0,3.0,10,Monday,2.0,Good/Satisfactory
India,Maharashtra,Chandrapur,"Chauhan Colony, Chandrapur - MPCB",2026-07-06 10:00:00,19.9629,79.298714,NH3,2.0,2.0,2.0,10,Monday,0.0,Good/Satisfactory
India,Maharashtra,Chandrapur,"Chauhan Colony, Chandrapur - MPCB",2026-07-06 10:00:00,19.9629,79.298714,SO2,8.0,8.0,8.0,10,Monday,0.0,Good/Satisfactory
India,Maharashtra,Chandrapur,"Chauhan Colony, Chandrapur - MPCB",2026-07-06 10:00:00,19.9629,79.298714,CO,26.0,26.0,26.0,10,Monday,0.0,Good/Satisfactory
India,Maharashtra,Chandrapur,"MIDC Khutala, Chandrapur - MPCB",2026-07-06 10:00:00,19.9775302,79.2337086,PM10,13.0,43.0,22.0,10,Monday,30.0,Good/Satisfactory
India,Maharashtra,Chandrapur,"MIDC Khutala, Chandrapur - MPCB",2026-07-06 10:00:00,19.9775302,79.2337086,SO2,2.0,5.0,3.0,10,Monday,3.0,Good/Satisfactory
India,Maharashtra,Dombivli,"Kalu Nagar, Dombivli - MPCB",2026-07-06 10:00:00,19.2268427,73.0788456,NO2,3.0,14.0,7.0,10,Monday,11.0,Good/Satisfactory
India,Maharashtra,Dombivli,"Kalu Nagar, Dombivli - MPCB",2026-07-06 10:00:00,19.2268427,73.0788456,OZONE,18.0,27.0,22.0,10,Monday,9.0,Good/Satisfactory
India,Maharashtra,Jalgaon,"Prabhat Colony, Jalgaon - MPCB",2026-07-06 10:00:00,21.001264,75.565602,PM2.5,9.0,115.0,22.0,10,Monday,106.0,Good/Satisfactory
India,Maharashtra,Jalgaon,"Prabhat Colony, Jalgaon - MPCB",2026-07-06 10:00:00,21.001264,75.565602,PM10,6.0,118.0,40.0,10,Monday,112.0,Good/Satisfactory
India,Maharashtra,Jalna,"Old MIDC, Jalna - MPCB",2026-07-06 10:00:00,19.854616,75.905894,NO2,15.0,22.0,19.0,10,Monday,7.0,Good/Satisfactory
India,Maharashtra,Jalna,"Old MIDC, Jalna - MPCB",2026-07-06 10:00:00,19.854616,75.905894,NH3,3.0,5.0,4.0,10,Monday,2.0,Good/Satisfactory
India,Maharashtra,Kalyan,"Khadakpada, Kalyan - MPCB",2026-07-06 10:00:00,19.25292,73.142019,PM2.5,4.0,22.0,11.0,10,Monday,18.0,Good/Satisfactory
India,Maharashtra,Navi Mumbai,"Kopripada-Vashi, Navi Mumbai - MPCB",2026-07-06 10:00:00,19.090337,73.014232,PM10,8.0,27.0,16.0,10,Monday,19.0,Good/Satisfactory
India,Maharashtra,Navi Mumbai,"Kopripada-Vashi, Navi Mumbai - MPCB",2026-07-06 10:00:00,19.090337,73.014232,CO,16.0,25.0,20.0,10,Monday,9.0,Good/Satisfactory
India,Maharashtra,Parbhani,"Masoom Colony, Parbhani - MPCB",2026-07-06 10:00:00,19.265594,76.761463,PM2.5,18.0,28.0,22.0,10,Monday,10.0,Good/Satisfactory
India,Maharashtra,Parbhani,"Masoom Colony, Parbhani - MPCB",2026-07-06 10:00:00,19.265594,76.761463,CO,9.0,15.0,12.0,10,Monday,6.0,Good/Satisfactory
India,Maharashtra,Pimpri-Chinchwad,"Transport Nagar-Nigdi, Pune - IITM",2026-07-06 10:00:00,18.664282,73.763966,OZONE,10.0,15.0,12.0,10,Monday,5.0,Good/Satisfactory
India,Maharashtra,Pimpri-Chinchwad,"Gavalinagar, Pimpri Chinchwad - MPCB",2026-07-06 10:00:00,18.63673,73.82487,OZONE,15.0,16.0,16.0,10,Monday,1.0,Good/Satisfactory
India,Maharashtra,Pimpri-Chinchwad,"Park Street Wakad, Pimpri Chinchwad - MPCB",2026-07-06 10:00:00,18.59051,73.77946,PM10,18.0,43.5,29.0,10,Monday,25.5,Good/Satisfactory
India,Maharashtra,Pimpri-Chinchwad,"Savta Mali Nagar, Pimpri-Chinchwad - IITM",2026-07-06 10:00:00,18.614767,73.799516,NO2,10.0,36.0,18.0,10,Monday,26.0,Good/Satisfactory
India,Maharashtra,Pimpri-Chinchwad,"Thergaon, Pimpri Chinchwad - MPCB",2026-07-06 10:00:00,18.616318,73.765797,CO,2.0,39.0,16.0,10,Monday,37.0,Good/Satisfactory
India,Maharashtra,Mumbai,"Mindspace-Malad West, Mumbai - MPCB",2026-07-06 10:00:00,19.1878657,72.8304069,NH3,9.0,10.0,9.0,10,Monday,1.0,Good/Satisfactory
India,Maharashtra,Mumbai,"Byculla, Mumbai - BMC",2026-07-06 10:00:00,18.9767,72.838,PM2.5,20.0,39.0,30.0,10,Monday,19.0,Good/Satisfactory
India,Maharashtra,Mumbai,"Byculla, Mumbai - BMC",2026-07-06 10:00:00,18.9767,72.838,CO,1.0,3.0,2.0,10,Monday,2.0,Good/Satisfactory
India,Maharashtra,Mumbai,"Kurla, Mumbai - MPCB",2026-07-06 10:00:00,19.0863,72.8888,PM10,18.0,43.5,29.0,10,Monday,25.5,Good/Satisfactory
India,Maharashtra,Mumbai,"Kurla, Mumbai - MPCB",2026-07-06 10:00:00,19.0863,72.8888,NH3,2.0,2.0,2.0,10,Monday,0.0,Good/Satisfactory
India,Maharashtra,Mumbai,"Kurla, Mumbai - MPCB",2026-07-06 10:00:00,19.0863,72.8888,SO2,29.0,29.0,29.0,10,Monday,0.0,Good/Satisfactory
India,Maharashtra,Mumbai,"Navy Nagar-Colaba, Mumbai - IITM",2026-07-06 10:00:00,18.897756,72.81332,PM10,33.0,74.0,58.0,10,Monday,41.0,Moderate
India,Maharashtra,Mumbai,"Mulund West, Mumbai - MPCB",2026-07-06 10:00:00,19.175,72.9419,PM10,18.0,43.5,29.0,10,Monday,25.5,Good/Satisfactory
India,Maharashtra,Mumbai,"Mulund West, Mumbai - MPCB",2026-07-06 10:00:00,19.175,72.9419,SO2,2.0,6.0,4.0,10,Monday,4.0,Good/Satisfactory
India,Maharashtra,Mumbai,"Siddharth Nagar-Worli, Mumbai - IITM",2026-07-06 10:00:00,19.000083,72.813993,PM10,54.0,85.0,70.0,10,Monday,31.0,Moderate
India,Maharashtra,Mumbai,"Sewri, Mumbai - BMC",2026-07-06 10:00:00,19.000084,72.85673,PM10,18.0,43.5,29.0,10,Monday,25.5,Good/Satisfactory
India,Maharashtra,Nashik,"Gangapur Road, Nashik - MPCB",2026-07-06 10:00:00,20.0073285,73.7762427,PM10,6.0,60.0,15.0,10,Monday,54.0,Good/Satisfactory
India,Maharashtra,Nashik,"Gangapur Road, Nashik - MPCB",2026-07-06 10:00:00,20.0073285,73.7762427,NH3,3.0,3.0,3.0,10,Monday,0.0,Good/Satisfactory
India,Maharashtra,Nashik,"Gangapur Road, Nashik - MPCB",2026-07-06 10:00:00,20.0073285,73.7762427,CO,21.0,22.0,22.0,10,Monday,1.0,Good/Satisfactory
India,Maharashtra,Nashik,"Pandav Nagari, Nashik - MPCB",2026-07-06 10:00:00,19.9591346,73.7788008,NH3,1.0,3.0,2.0,10,Monday,2.0,Good/Satisfactory
India,Maharashtra,Nashik,"Pandav Nagari, Nashik - MPCB",2026-07-06 10:00:00,19.9591346,73.7788008,OZONE,8.0,22.0,15.0,10,Monday,14.0,Good/Satisfactory
India,Maharashtra,Nashik,"Hirawadi, Nashik - MPCB",2026-07-06 10:00:00,20.021503,73.813844,SO2,0.0,2.0,1.0,10,Monday,2.0,Good/Satisfactory
India,Maharashtra,Navi Mumbai,"Tondare-Taloja, Navi Mumbai - MPCB",2026-07-06 10:00:00,19.063,73.1209,SO2,2.0,6.0,4.0,10,Monday,4.0,Good/Satisfactory
India,Maharashtra,Navi Mumbai,"Tondare-Taloja, Navi Mumbai - MPCB",2026-07-06 10:00:00,19.063,73.1209,OZONE,12.0,190.0,66.0,10,Monday,178.0,Moderate
India,Maharashtra,Navi Mumbai,"Sanpada, Navi Mumbai - MPCB",2026-07-06 10:00:00,19.0575752,73.0151367,NH3,1.0,2.0,1.0,10,Monday,1.0,Good/Satisfactory
India,Maharashtra,Mumbai,"Chhatrapati Shivaji Intl. Airport (T2), Mumbai - MPCB",2026-07-06 10:00:00,19.10078,72.87462,NH3,0.0,0.0,0.0,10,Monday,0.0,Good/Satisfactory
India,Maharashtra,Mumbai,"Malad West, Mumbai - IITM",2026-07-06 10:00:00,19.19709,72.82204,PM2.5,1.0,15.0,5.0,10,Monday,14.0,Good/Satisfactory
India,Maharashtra,Mumbai,"Sion, Mumbai - MPCB",2026-07-06 10:00:00,19.047,72.8746,NH3,6.0,6.0,6.0,10,Monday,0.0,Good/Satisfactory
India,Maharashtra,Mumbai,"Sion, Mumbai - MPCB",2026-07-06 10:00:00,19.047,72.8746,CO,20.0,20.0,20.0,10,Monday,0.0,Good/Satisfactory
India,Maharashtra,Mumbai,"Sion, Mumbai - MPCB",2026-07-06 10:00:00,19.047,72.8746,OZONE,13.5,21.0,16.0,10,Monday,7.5,Good/Satisfactory
India,Maharashtra,Sangli,"Vijay Nagar, Sangli - MPCB",2026-07-06 10:00:00,16.5038,74.3623,OZONE,25.0,26.0,26.0,10,Monday,1.0,Good/Satisfactory
India,Maharashtra,Satara," Koyana Nagar, Satara - MPCB",2026-07-06 10:00:00,17.696651,74.003387,PM2.5,8.0,30.0,19.0,10,Monday,22.0,Good/Satisfactory
India,Maharashtra,Satara," Koyana Nagar, Satara - MPCB",2026-07-06 10:00:00,17.696651,74.003387,PM10,18.0,43.5,29.0,10,Monday,25.5,Good/Satisfactory
India,Maharashtra,Satara," Koyana Nagar, Satara - MPCB",2026-07-06 10:00:00,17.696651,74.003387,NO2,0.0,5.0,2.0,10,Monday,5.0,Good/Satisfactory
India,Maharashtra,Satara," Koyana Nagar, Satara - MPCB",2026-07-06 10:00:00,17.696651,74.003387,CO,12.0,19.0,14.0,10,Monday,7.0,Good/Satisfactory
India,Maharashtra,Satara," Koyana Nagar, Satara - MPCB",2026-07-06 10:00:00,17.696651,74.003387,OZONE,34.0,48.0,41.0,10,Monday,14.0,Good/Satisfactory
India,Maharashtra,Solapur,"Dnyaneshwar Nagar, Solapur - MPCB",2026-07-06 10:00:00,17.6336264,75.9132495,NO2,8.0,12.0,10.0,10,Monday,4.0,Good/Satisfactory
India,Maharashtra,Solapur,"Ratandeep Housing Society, Solapur - MPCB",2026-07-06 10:00:00,17.65439,75.90649,SO2,1.0,2.0,2.0,10,Monday,1.0,Good/Satisfactory
India,Maharashtra,Thane,"Upvan Fort, Thane - MPCB",2026-07-06 10:00:00,19.222279,72.957979,NH3,4.0,5.0,4.0,10,Monday,1.0,Good/Satisfactory
India,Maharashtra,Thane,"Upvan Fort, Thane - MPCB",2026-07-06 10:00:00,19.222279,72.957979,CO,1.0,13.0,4.0,10,Monday,12.0,Good/Satisfactory
India,Maharashtra,Thane,"Upvan Fort, Thane - MPCB",2026-07-06 10:00:00,19.222279,72.957979,OZONE,24.0,32.0,27.0,10,Monday,8.0,Good/Satisfactory
India,Maharashtra,Thane,"Kasarvadavali, Thane - MPCB",2026-07-06 10:00:00,19.26777,72.97182,PM2.5,39.0,54.0,49.0,10,Monday,15.0,Moderate
India,Maharashtra,Thane,"Kasarvadavali, Thane - MPCB",2026-07-06 10:00:00,19.26777,72.97182,PM10,39.0,50.0,44.0,10,Monday,11.0,Good/Satisfactory
India,Maharashtra,Thane,"Kasarvadavali, Thane - MPCB",2026-07-06 10:00:00,19.26777,72.97182,NH3,1.0,4.0,2.0,10,Monday,3.0,Good/Satisfactory
India,Maharashtra,Thane,"Kasarvadavali, Thane - MPCB",2026-07-06 10:00:00,19.26777,72.97182,CO,1.0,4.0,2.0,10,Monday,3.0,Good/Satisfactory
India,Maharashtra,Ulhasnagar,"Vithalwadi, Ulhasnagar - MPCB",2026-07-06 10:00:00,19.2307571,73.155192,CO,11.0,15.0,13.0,10,Monday,4.0,Good/Satisfactory
India,Maharashtra,Ulhasnagar,"Sidhi Vinayak Nagar, Ulhasnagar - MPCB",2026-07-06 10:00:00,19.235581,73.159121,NO2,16.0,37.0,26.0,10,Monday,21.0,Good/Satisfactory
India,Maharashtra,Ulhasnagar,"Sidhi Vinayak Nagar, Ulhasnagar - MPCB",2026-07-06 10:00:00,19.235581,73.159121,NH3,4.0,10.0,7.0,10,Monday,6.0,Good/Satisfactory
India,Maharashtra,Ulhasnagar,"Sidhi Vinayak Nagar, Ulhasnagar - MPCB",2026-07-06 10:00:00,19.235581,73.159121,CO,13.0,16.0,14.0,10,Monday,3.0,Good/Satisfactory
India,Maharashtra,Virar,"Bolinj, Virar - MPCB",2026-07-06 10:00:00,19.445821,72.7988231,NO2,7.0,17.0,12.0,10,Monday,10.0,Good/Satisfactory
India,Maharashtra,Virar,"Bolinj, Virar - MPCB",2026-07-06 10:00:00,19.445821,72.7988231,SO2,2.0,6.0,4.0,10,Monday,4.0,Good/Satisfactory
India,Meghalaya,Shillong,"Lumpyngngad, Shillong - Meghalaya PCB",2026-07-06 10:00:00,25.5586,91.8985,PM10,10.0,69.0,34.0,10,Monday,59.0,Good/Satisfactory
India,Meghalaya,Shillong,"JN Stadium, Shillong - Meghalaya PCB",2026-07-06 10:00:00,25.5803419,91.8942571,CO,7.0,11.0,9.0,10,Monday,4.0,Good/Satisfactory
India,Mizoram,Aizawl,"Sikulpuikawn, Aizawl - Mizoram PCB",2026-07-06 10:00:00,23.7176342,92.7192841,PM2.5,11.0,25.0,18.0,10,Monday,14.0,Good/Satisfactory
India,Mizoram,Aizawl,"Sikulpuikawn, Aizawl - Mizoram PCB",2026-07-06 10:00:00,23.7176342,92.7192841,SO2,14.0,16.0,15.0,10,Monday,2.0,Good/Satisfactory
India,Nagaland,Kohima,"PWD Junction, Kohima - NPCB",2026-07-06 10:00:00,25.6635413,94.0989878,PM10,3.0,17.0,9.0,10,Monday,14.0,Good/Satisfactory
India,Nagaland,Kohima,"PWD Junction, Kohima - NPCB",2026-07-06 10:00:00,25.6635413,94.0989878,CO,1.0,4.0,2.0,10,Monday,3.0,Good/Satisfactory
India,Nagaland,Kohima,"PWD Junction, Kohima - NPCB",2026-07-06 10:00:00,25.6635413,94.0989878,OZONE,11.0,25.0,18.0,10,Monday,14.0,Good/Satisfactory
India,Odisha,Angul,"Hakimapada, Angul - OSPCB",2026-07-06 10:00:00,20.832874,85.104082,PM2.5,2.0,27.0,6.0,10,Monday,25.0,Good/Satisfactory
India,Odisha,Angul,"Hakimapada, Angul - OSPCB",2026-07-06 10:00:00,20.832874,85.104082,PM10,2.0,65.0,15.0,10,Monday,63.0,Good/Satisfactory
India,Odisha,Angul,"Hakimapada, Angul - OSPCB",2026-07-06 10:00:00,20.832874,85.104082,CO,48.0,63.0,55.0,10,Monday,15.0,Moderate
India,Odisha,Angul,"Hakimapada, Angul - OSPCB",2026-07-06 10:00:00,20.832874,85.104082,OZONE,21.0,28.0,25.0,10,Monday,7.0,Good/Satisfactory
India,Odisha,Balasore,"Kalidaspur, Balasore - OSPCB",2026-07-06 10:00:00,21.51161,86.89088,SO2,1.0,4.0,3.0,10,Monday,3.0,Good/Satisfactory
India,Odisha,Balasore,"Kalidaspur, Balasore - OSPCB",2026-07-06 10:00:00,21.51161,86.89088,CO,31.0,35.0,34.0,10,Monday,4.0,Good/Satisfactory
India,Odisha,Barbil,"Forest Office, Barbil - OSPCB",2026-07-06 10:00:00,22.1166054,85.3945546,PM10,14.0,45.0,24.0,10,Monday,31.0,Good/Satisfactory
India,Odisha,Barbil,"Forest Office, Barbil - OSPCB",2026-07-06 10:00:00,22.1166054,85.3945546,CO,12.0,14.0,13.0,10,Monday,2.0,Good/Satisfactory
India,Odisha,Bhubaneswar,"Patia, Bhubaneswar - OSPCB",2026-07-06 10:00:00,20.34652,85.8163,NO2,3.0,8.0,5.0,10,Monday,5.0,Good/Satisfactory
India,Odisha,Bhubaneswar,"Patia, Bhubaneswar - OSPCB",2026-07-06 10:00:00,20.34652,85.8163,NH3,2.0,2.0,2.0,10,Monday,0.0,Good/Satisfactory
India,Odisha,Bhubaneswar,"Lingraj Mandir, Bhubaneswar - OSPCB",2026-07-06 10:00:00,20.24079,85.836784,PM10,14.0,45.0,24.0,10,Monday,31.0,Good/Satisfactory
India,Odisha,Bhubaneswar,"Lingraj Mandir, Bhubaneswar - OSPCB",2026-07-06 10:00:00,20.24079,85.836784,NO2,7.0,26.0,14.0,10,Monday,19.0,Good/Satisfactory
India,Odisha,Bhubaneswar,"Lingraj Mandir, Bhubaneswar - OSPCB",2026-07-06 10:00:00,20.24079,85.836784,SO2,3.0,5.0,4.0,10,Monday,2.0,Good/Satisfactory
India,Rajasthan,Bundi,"New Colony, Bundi - RSPCB",2026-07-06 10:00:00,25.435774,75.644272,PM2.5,3.0,45.0,23.0,10,Monday,42.0,Good/Satisfactory
India,Rajasthan,Bundi,"New Colony, Bundi - RSPCB",2026-07-06 10:00:00,25.435774,75.644272,SO2,5.0,9.0,7.0,10,Monday,4.0,Good/Satisfactory
India,Rajasthan,Churu,"Subash Chowk, Churu - RSPCB",2026-07-06 10:00:00,28.296139,74.961696,NO2,3.0,17.0,8.0,10,Monday,14.0,Good/Satisfactory
India,Rajasthan,Churu,"Subash Chowk, Churu - RSPCB",2026-07-06 10:00:00,28.296139,74.961696,NH3,6.0,10.0,7.0,10,Monday,4.0,Good/Satisfactory
India,Rajasthan,Churu,"Subash Chowk, Churu - RSPCB",2026-07-06 10:00:00,28.296139,74.961696,CO,12.0,19.0,16.0,10,Monday,7.0,Good/Satisfactory
India,Rajasthan,Churu,"Subash Chowk, Churu - RSPCB",2026-07-06 10:00:00,28.296139,74.961696,OZONE,29.0,55.0,40.0,10,Monday,26.0,Good/Satisfactory
India,Rajasthan,Dausa,"Khatikan Mohalla, Dausa - RSPCB",2026-07-06 10:00:00,26.895552,76.334753,NO2,8.0,38.0,16.0,10,Monday,30.0,Good/Satisfactory
India,Rajasthan,Dausa,"Khatikan Mohalla, Dausa - RSPCB",2026-07-06 10:00:00,26.895552,76.334753,OZONE,12.0,20.0,16.0,10,Monday,8.0,Good/Satisfactory
India,Rajasthan,Dholpur,"Raja Ganj, Dholpur - RSPCB",2026-07-06 10:00:00,26.699557,77.898881,PM2.5,12.0,67.0,34.0,10,Monday,55.0,Moderate
India,Rajasthan,Dholpur,"Raja Ganj, Dholpur - RSPCB",2026-07-06 10:00:00,26.699557,77.898881,OZONE,61.0,68.0,65.0,10,Monday,7.0,Moderate
India,Rajasthan,Dungarpur,"Bhoiwada, Dungarpur - RSPCB",2026-07-06 10:00:00,23.837789,73.714926,PM10,28.0,111.0,59.0,10,Monday,83.0,Moderate
India,Rajasthan,Dungarpur,"Bhoiwada, Dungarpur - RSPCB",2026-07-06 10:00:00,23.837789,73.714926,NH3,4.0,10.0,7.0,10,Monday,6.0,Good/Satisfactory
India,Rajasthan,Dungarpur,"Bhoiwada, Dungarpur - RSPCB",2026-07-06 10:00:00,23.837789,73.714926,OZONE,35.0,35.0,35.0,10,Monday,0.0,Good/Satisfactory
India,Rajasthan,Jaipur,"Mansarovar Sector-12, Jaipur - RSPCB",2026-07-06 10:00:00,26.843698,75.766894,PM2.5,2.0,47.0,30.0,10,Monday,45.0,Good/Satisfactory
India,Rajasthan,Jaipur,"Sector-2 Murlipura, Jaipur - RSPCB",2026-07-06 10:00:00,26.960669,75.771817,NH3,4.0,17.0,8.0,10,Monday,13.0,Good/Satisfactory
India,Rajasthan,Jaipur,"Sector-2 Murlipura, Jaipur - RSPCB",2026-07-06 10:00:00,26.960669,75.771817,CO,1.0,24.0,13.0,10,Monday,23.0,Good/Satisfactory
India,Rajasthan,Jaipur,"Police Commissionerate, Jaipur - RSPCB",2026-07-06 10:00:00,26.9164092,75.7994901,PM10,28.0,111.0,59.0,10,Monday,83.0,Moderate
India,Rajasthan,Ajmer,"Civil Lines,  Ajmer - RSPCB",2026-07-06 10:00:00,26.470859,74.646594,NH3,4.0,10.0,7.0,10,Monday,6.0,Good/Satisfactory
India,Rajasthan,Ajmer,"Civil Lines,  Ajmer - RSPCB",2026-07-06 10:00:00,26.470859,74.646594,CO,22.0,22.0,22.0,10,Monday,0.0,Good/Satisfactory
India,Rajasthan,Alwar,"Moti Doongri, Alwar - RSPCB",2026-07-06 10:00:00,27.554793,76.611536,OZONE,25.0,43.0,31.0,10,Monday,18.0,Good/Satisfactory
India,Rajasthan,Banswara,"Rati Talai, Banswara - RSPCB",2026-07-06 10:00:00,23.55519,74.44001,NH3,1.0,3.0,2.0,10,Monday,2.0,Good/Satisfactory
India,Rajasthan,Baran,"Bamboliya, Baran - RSPCB",2026-07-06 10:00:00,25.106006,76.469948,NO2,14.0,23.0,20.0,10,Monday,9.0,Good/Satisfactory
India,Rajasthan,Baran,"Bamboliya, Baran - RSPCB",2026-07-06 10:00:00,25.106006,76.469948,OZONE,22.0,32.0,27.0,10,Monday,10.0,Good/Satisfactory
India,Rajasthan,Barmer,"Railway Colony, Barmer - RSPCB",2026-07-06 10:00:00,25.747299,71.393989,SO2,3.0,5.0,4.0,10,Monday,2.0,Good/Satisfactory
India,Rajasthan,Bhilwara,"Pratap Nagar, Bhilwara - RSPCB",2026-07-06 10:00:00,25.339605,74.618883,PM2.5,12.0,60.0,36.0,10,Monday,48.0,Moderate
India,Rajasthan,Bhilwara,"Pratap Nagar, Bhilwara - RSPCB",2026-07-06 10:00:00,25.339605,74.618883,PM10,32.0,113.0,79.0,10,Monday,81.0,Moderate
India,Rajasthan,Bhilwara,"Pratap Nagar, Bhilwara - RSPCB",2026-07-06 10:00:00,25.339605,74.618883,SO2,5.0,11.0,8.0,10,Monday,6.0,Good/Satisfactory
India,Rajasthan,Bhilwara,"Pratap Nagar, Bhilwara - RSPCB",2026-07-06 10:00:00,25.339605,74.618883,CO,24.0,25.0,24.0,10,Monday,1.0,Good/Satisfactory
India,Rajasthan,Bhiwadi,"RIICO Ind. Area III, Bhiwadi - RSPCB",2026-07-06 10:00:00,28.194909,76.862296,CO,9.0,53.0,35.0,10,Monday,44.0,Good/Satisfactory
India,Rajasthan,Bhiwadi,"Vasundhara Nagar_UIT, Bhiwadi - RSPCB",2026-07-06 10:00:00,28.207266,76.829265,CO,24.0,32.0,27.0,10,Monday,8.0,Good/Satisfactory
India,Rajasthan,Bikaner,"MM Ground, Bikaner - RSPCB",2026-07-06 10:00:00,28.018792,73.292658,PM2.5,19.0,49.0,34.0,10,Monday,30.0,Moderate
India,Rajasthan,Bikaner,"MM Ground, Bikaner - RSPCB",2026-07-06 10:00:00,28.018792,73.292658,OZONE,20.0,57.0,41.0,10,Monday,37.0,Good/Satisfactory
India,Rajasthan,Nagaur,"Karni Colony, Nagaur - RSPCB",2026-07-06 10:00:00,27.213494,73.734444,SO2,2.0,6.0,4.0,10,Monday,4.0,Good/Satisfactory
India,Rajasthan,Nagaur,"Karni Colony, Nagaur - RSPCB",2026-07-06 10:00:00,27.213494,73.734444,CO,14.0,20.0,17.0,10,Monday,6.0,Good/Satisfactory
India,Rajasthan,Pali,"Indira Colony Vistar, Pali - RSPCB",2026-07-06 10:00:00,25.771061,73.340227,PM10,50.0,135.0,101.0,10,Monday,85.0,Poor/Severe
India,Rajasthan,Pali,"Indira Colony Vistar, Pali - RSPCB",2026-07-06 10:00:00,25.771061,73.340227,OZONE,8.0,28.0,13.0,10,Monday,20.0,Good/Satisfactory
India,Rajasthan,Pratapgarh,"Pragati Nagar, Pratapgarh - RSPCB",2026-07-06 10:00:00,24.041198,74.780702,SO2,3.0,6.5,4.0,10,Monday,3.5,Good/Satisfactory
India,Rajasthan,Rajsamand,"Dhoinda, Rajsamand - RSPCB",2026-07-06 10:00:00,25.03636,73.883502,SO2,3.0,8.0,5.0,10,Monday,5.0,Good/Satisfactory
India,Rajasthan,Rajsamand,"Dhoinda, Rajsamand - RSPCB",2026-07-06 10:00:00,25.03636,73.883502,CO,22.0,43.0,35.0,10,Monday,21.0,Good/Satisfactory
India,Rajasthan,Sawai Madhopur,"Sahu Nagar, Sawai Madhopur - RSPCB",2026-07-06 10:00:00,26.031443,76.359327,PM2.5,12.0,67.0,34.0,10,Monday,55.0,Moderate
India,Rajasthan,Sawai Madhopur,"Sahu Nagar, Sawai Madhopur - RSPCB",2026-07-06 10:00:00,26.031443,76.359327,NH3,1.0,44.0,6.0,10,Monday,43.0,Good/Satisfactory
India,Rajasthan,Sikar,"Radhakishan Pura, Sikar - RSPCB",2026-07-06 10:00:00,27.608912,75.153302,SO2,3.0,4.0,4.0,10,Monday,1.0,Good/Satisfactory
India,Rajasthan,Sikar,"Radhakishan Pura, Sikar - RSPCB",2026-07-06 10:00:00,27.608912,75.153302,CO,17.0,35.0,24.0,10,Monday,18.0,Good/Satisfactory
India,Rajasthan,Sikar,"Radhakishan Pura, Sikar - RSPCB",2026-07-06 10:00:00,27.608912,75.153302,OZONE,41.0,54.0,47.0,10,Monday,13.0,Good/Satisfactory
India,Rajasthan,Sirohi,"Vedhaynath Colony, Sirohi - RSPCB",2026-07-06 10:00:00,24.885261,72.857549,PM10,28.0,109.0,55.0,10,Monday,81.0,Moderate
India,Rajasthan,Udaipur,"Ashok Nagar, Udaipur - RSPCB",2026-07-06 10:00:00,24.5886166,73.6321397,SO2,2.0,25.0,11.0,10,Monday,23.0,Good/Satisfactory
India,Punjab,Amritsar,"Golden Temple, Amritsar - PPCB",2026-07-06 10:00:00,31.62,74.876512,PM2.5,81.0,98.0,86.0,10,Monday,17.0,Poor/Severe
India,Punjab,Amritsar,"Golden Temple, Amritsar - PPCB",2026-07-06 10:00:00,31.62,74.876512,SO2,11.0,36.0,13.0,10,Monday,25.0,Good/Satisfactory
India,Punjab,Bathinda,"Hardev Nagar, Bathinda - PPCB",2026-07-06 10:00:00,30.233011,74.907758,PM10,23.0,93.0,53.0,10,Monday,70.0,Moderate
India,Punjab,Jalandhar,"Civil Line, Jalandhar - PPCB",2026-07-06 10:00:00,31.321907,75.578914,PM2.5,54.0,73.0,64.0,10,Monday,19.0,Poor/Severe
India,Punjab,Jalandhar,"Civil Line, Jalandhar - PPCB",2026-07-06 10:00:00,31.321907,75.578914,CO,39.0,42.0,41.0,10,Monday,3.0,Good/Satisfactory
India,Punjab,Khanna,"Kalal Majra, Khanna - PPCB",2026-07-06 10:00:00,30.736056,76.209694,NO2,26.0,30.0,28.0,10,Monday,4.0,Good/Satisfactory
India,Punjab,Khanna,"Kalal Majra, Khanna - PPCB",2026-07-06 10:00:00,30.736056,76.209694,SO2,16.0,17.0,16.0,10,Monday,1.0,Good/Satisfactory
India,Punjab,Mandi Gobindgarh,"RIMT University, Mandi Gobindgarh - PPCB",2026-07-06 10:00:00,30.649961,76.331442,SO2,1.0,115.0,24.0,10,Monday,114.0,Good/Satisfactory
India,Punjab,Patiala,"Model Town, Patiala - PPCB",2026-07-06 10:00:00,30.349388,76.366642,PM2.5,19.0,68.0,39.0,10,Monday,49.0,Moderate
India,Punjab,Patiala,"Model Town, Patiala - PPCB",2026-07-06 10:00:00,30.349388,76.366642,NH3,6.0,7.0,6.0,10,Monday,1.0,Good/Satisfactory
India,Punjab,Rupnagar,"Ratanpura, Rupnagar - Ambuja Cements",2026-07-06 10:00:00,31.0325454,76.5623046,NH3,6.0,7.0,6.0,10,Monday,1.0,Good/Satisfactory
India,Punjab,Rupnagar,"Ratanpura, Rupnagar - Ambuja Cements",2026-07-06 10:00:00,31.0325454,76.5623046,SO2,11.0,17.0,13.0,10,Monday,6.0,Good/Satisfactory
India,Punjab,Rupnagar,"Ratanpura, Rupnagar - Ambuja Cements",2026-07-06 10:00:00,31.0325454,76.5623046,OZONE,24.0,38.0,24.0,10,Monday,14.0,Good/Satisfactory
India,Odisha,Brajrajnagar,"GM Office, Brajrajnagar - OSPCB",2026-07-06 10:00:00,21.8004996,83.8396977,NO2,21.0,24.0,23.0,10,Monday,3.0,Good/Satisfactory
India,Odisha,Cuttack,"CDA Area, Cuttack - OSPCB",2026-07-06 10:00:00,20.48891,85.84768,NO2,8.0,21.0,12.0,10,Monday,13.0,Good/Satisfactory
India,Odisha,Keonjhar,"Jagamohanpur, Keonjhar - OSPCB",2026-07-06 10:00:00,21.6439,85.599355,NO2,12.0,15.0,13.0,10,Monday,3.0,Good/Satisfactory
India,Odisha,Keonjhar,"Jagamohanpur, Keonjhar - OSPCB",2026-07-06 10:00:00,21.6439,85.599355,OZONE,10.0,16.0,13.0,10,Monday,6.0,Good/Satisfactory
India,Odisha,Rairangpur,"Divisional Forest Office, Rairangpur - OSPCB",2026-07-06 10:00:00,22.265816,86.174829,PM2.5,11.5,22.0,13.5,10,Monday,10.5,Good/Satisfactory
India,Odisha,Rairangpur,"Divisional Forest Office, Rairangpur - OSPCB",2026-07-06 10:00:00,22.265816,86.174829,PM10,14.0,45.0,24.0,10,Monday,31.0,Good/Satisfactory
India,Odisha,Rourkela,"Raghunathpali, Rourkela - OSPCB",2026-07-06 10:00:00,22.220833,84.809444,SO2,4.0,6.0,5.0,10,Monday,2.0,Good/Satisfactory
India,Odisha,Rourkela,"Sector-2, Rourkela - OSPCB",2026-07-06 10:00:00,22.245,84.88111111,NH3,2.0,4.0,3.0,10,Monday,2.0,Good/Satisfactory
India,Odisha,Rourkela,"Sector-2, Rourkela - OSPCB",2026-07-06 10:00:00,22.245,84.88111111,CO,10.0,21.0,12.0,10,Monday,11.0,Good/Satisfactory
India,Odisha,Talcher,"Talcher Coalfields,Talcher - OSPCB",2026-07-06 10:00:00,20.9360711,85.1707021,PM10,0.0,45.0,13.0,10,Monday,45.0,Good/Satisfactory
India,Odisha,Talcher,"Talcher Coalfields,Talcher - OSPCB",2026-07-06 10:00:00,20.9360711,85.1707021,NO2,34.0,53.0,39.0,10,Monday,19.0,Good/Satisfactory
India,Rajasthan,Jaipur,"RIICO Sitapura, Jaipur - RSPCB",2026-07-06 10:00:00,26.786682,75.827928,NH3,2.0,5.0,3.0,10,Monday,3.0,Good/Satisfactory
India,Rajasthan,Jaisalmer,"Sadar Bazar, Jaisalmer - RSPCB",2026-07-06 10:00:00,26.912329,70.909168,PM10,56.0,150.0,81.0,10,Monday,94.0,Moderate
India,Rajasthan,Jalore,"Mudtra Sili, Jalore - RSPCB",2026-07-06 10:00:00,25.344694,72.626208,PM2.5,13.0,72.0,37.0,10,Monday,59.0,Moderate
India,Rajasthan,Jalore,"Mudtra Sili, Jalore - RSPCB",2026-07-06 10:00:00,25.344694,72.626208,PM10,54.0,127.0,87.0,10,Monday,73.0,Moderate
India,Rajasthan,Jalore,"Mudtra Sili, Jalore - RSPCB",2026-07-06 10:00:00,25.344694,72.626208,NH3,4.0,6.0,5.0,10,Monday,2.0,Good/Satisfactory
India,Rajasthan,Jhalawar,"Rajlaxmi Nagar, Jhalawar - RSPCB",2026-07-06 10:00:00,24.588397,76.172782,PM10,14.0,58.0,30.0,10,Monday,44.0,Good/Satisfactory
India,Rajasthan,Jhunjhunu,"Indra Nagar, Jhunjhunu - RSPCB",2026-07-06 10:00:00,28.108988,75.386577,PM10,14.0,141.0,52.0,10,Monday,127.0,Moderate
India,Rajasthan,Jhunjhunu,"Indra Nagar, Jhunjhunu - RSPCB",2026-07-06 10:00:00,28.108988,75.386577,SO2,2.0,3.0,3.0,10,Monday,1.0,Good/Satisfactory
India,Rajasthan,Jodhpur,"Digari Kalan, Jodhpur - RSPCB",2026-07-06 10:00:00,26.29581,73.082283,PM10,32.0,156.0,80.0,10,Monday,124.0,Moderate
India,Rajasthan,Jodhpur,"Samrat Ashok Udhyan, Jodhpur - RSPCB",2026-07-06 10:00:00,26.253384,72.976571,PM2.5,27.0,98.0,47.0,10,Monday,71.0,Moderate
India,Rajasthan,Jodhpur,"Mandor, Jodhpur - RSPCB",2026-07-06 10:00:00,26.358805,73.047444,SO2,3.0,4.0,3.0,10,Monday,1.0,Good/Satisfactory
India,Rajasthan,Karauli,"Satyawati Vihar, Karauli - RSPCB",2026-07-06 10:00:00,26.506177,77.025989,PM10,9.0,54.0,29.0,10,Monday,45.0,Good/Satisfactory
India,Rajasthan,Khairthal,"New Anaj Mandi, Khairthal - RSPCB",2026-07-06 10:00:00,27.8015617,76.6365217,PM2.5,20.0,75.0,52.0,10,Monday,55.0,Moderate
India,Rajasthan,Khairthal,"New Anaj Mandi, Khairthal - RSPCB",2026-07-06 10:00:00,27.8015617,76.6365217,NO2,4.0,13.0,8.0,10,Monday,9.0,Good/Satisfactory
India,Rajasthan,Khairthal,"New Anaj Mandi, Khairthal - RSPCB",2026-07-06 10:00:00,27.8015617,76.6365217,OZONE,12.0,25.0,16.0,10,Monday,13.0,Good/Satisfactory
India,Rajasthan,Kota,"Dhanmandi, Kota - RSPCB",2026-07-06 10:00:00,25.16409,75.858137,OZONE,15.0,29.0,21.0,10,Monday,14.0,Good/Satisfactory
India,Rajasthan,Kota,"Shrinath Puram, Kota - RSPCB",2026-07-06 10:00:00,25.14389,75.821256,NO2,12.0,17.0,14.0,10,Monday,5.0,Good/Satisfactory
India,Rajasthan,Kota,"Shrinath Puram, Kota - RSPCB",2026-07-06 10:00:00,25.14389,75.821256,CO,39.0,57.0,46.0,10,Monday,18.0,Good/Satisfactory
India,Rajasthan,Kota,"Shrinath Puram, Kota - RSPCB",2026-07-06 10:00:00,25.14389,75.821256,OZONE,6.0,13.0,9.0,10,Monday,7.0,Good/Satisfactory
India,Rajasthan,Kota,"Nayapura, Kota - RSPCB",2026-07-06 10:00:00,25.196024,75.855668,NO2,9.0,40.0,18.0,10,Monday,31.0,Good/Satisfactory
India,Rajasthan,Kota,"Nayapura, Kota - RSPCB",2026-07-06 10:00:00,25.196024,75.855668,SO2,3.0,8.0,5.0,10,Monday,5.0,Good/Satisfactory
India,Uttar Pradesh,Firozabad,"Nagla Bhau, Firozabad - UPPCB",2026-07-06 10:00:00,27.168897,78.37696,NH3,2.0,2.0,2.0,10,Monday,0.0,Good/Satisfactory
India,Uttar Pradesh,Ghaziabad,"Govindpuram, Ghaziabad - UPPCB",2026-07-06 10:00:00,28.694528,77.494705,NO2,10.0,17.0,13.0,10,Monday,7.0,Good/Satisfactory
India,Uttar Pradesh,Ghaziabad,"Govindpuram, Ghaziabad - UPPCB",2026-07-06 10:00:00,28.694528,77.494705,SO2,1.0,2.0,1.0,10,Monday,1.0,Good/Satisfactory
India,Uttar Pradesh,Ghaziabad,"Indirapuram, Ghaziabad - UPPCB",2026-07-06 10:00:00,28.646233,77.358075,PM2.5,13.0,99.0,54.0,10,Monday,86.0,Moderate
India,Uttar Pradesh,Ghaziabad,"Indirapuram, Ghaziabad - UPPCB",2026-07-06 10:00:00,28.646233,77.358075,CO,56.0,59.0,57.0,10,Monday,3.0,Moderate
India,Uttar Pradesh,Ghaziabad,"Indirapuram, Ghaziabad - UPPCB",2026-07-06 10:00:00,28.646233,77.358075,OZONE,11.0,19.0,14.0,10,Monday,8.0,Good/Satisfactory
India,Uttar Pradesh,Ghaziabad,"Vasundhara, Ghaziabad - UPPCB",2026-07-06 10:00:00,28.6603346,77.3572563,PM2.5,11.0,109.0,53.0,10,Monday,98.0,Moderate
India,Uttar Pradesh,Ghaziabad,"Vasundhara, Ghaziabad - UPPCB",2026-07-06 10:00:00,28.6603346,77.3572563,PM10,36.0,144.0,89.0,10,Monday,108.0,Moderate
India,Uttar Pradesh,Ghaziabad,"Vasundhara, Ghaziabad - UPPCB",2026-07-06 10:00:00,28.6603346,77.3572563,SO2,0.0,12.0,4.0,10,Monday,12.0,Good/Satisfactory
India,Uttar Pradesh,Ghaziabad,"Sanjay Nagar, Ghaziabad - UPPCB",2026-07-06 10:00:00,28.685382,77.453839,PM2.5,8.0,103.0,53.0,10,Monday,95.0,Moderate
India,Uttar Pradesh,Ghaziabad,"Sanjay Nagar, Ghaziabad - UPPCB",2026-07-06 10:00:00,28.685382,77.453839,NO2,16.0,52.0,28.0,10,Monday,36.0,Good/Satisfactory
India,Uttar Pradesh,Ghaziabad,"Sanjay Nagar, Ghaziabad - UPPCB",2026-07-06 10:00:00,28.685382,77.453839,CO,4.0,42.0,27.0,10,Monday,38.0,Good/Satisfactory
India,Uttar Pradesh,Ghaziabad,"Sanjay Nagar, Ghaziabad - UPPCB",2026-07-06 10:00:00,28.685382,77.453839,OZONE,6.0,16.0,8.0,10,Monday,10.0,Good/Satisfactory
India,Uttar Pradesh,Ghaziabad,"Loni, Ghaziabad - UPPCB",2026-07-06 10:00:00,28.757294,77.278792,PM2.5,11.0,74.0,37.0,10,Monday,63.0,Moderate
India,Uttar Pradesh,Ghaziabad,"Loni, Ghaziabad - UPPCB",2026-07-06 10:00:00,28.757294,77.278792,NO2,15.0,24.5,19.5,10,Monday,9.5,Good/Satisfactory
India,Uttar Pradesh,Ghaziabad,"Loni, Ghaziabad - UPPCB",2026-07-06 10:00:00,28.757294,77.278792,OZONE,49.0,49.0,49.0,10,Monday,0.0,Good/Satisfactory
India,Uttar Pradesh,Ghaziabad," Ved Vihar-Loni, Ghaziabad - UPPCB",2026-07-06 10:00:00,28.739153,77.273668,PM10,58.0,123.0,83.0,10,Monday,65.0,Moderate
India,Uttar Pradesh,Ghaziabad," Ved Vihar-Loni, Ghaziabad - UPPCB",2026-07-06 10:00:00,28.739153,77.273668,NO2,13.0,209.0,35.0,10,Monday,196.0,Good/Satisfactory
India,Uttar Pradesh,Ghaziabad," Ved Vihar-Loni, Ghaziabad - UPPCB",2026-07-06 10:00:00,28.739153,77.273668,OZONE,7.0,14.0,9.0,10,Monday,7.0,Good/Satisfactory
India,Uttar Pradesh,Gorakhpur,"Madan Mohan Malaviya University of Technology, Gorakhpur - UPPCB",2026-07-06 10:00:00,26.730136,83.433859,PM10,22.0,123.0,72.0,10,Monday,101.0,Moderate
India,Uttar Pradesh,Gorakhpur,"Madan Mohan Malaviya University of Technology, Gorakhpur - UPPCB",2026-07-06 10:00:00,26.730136,83.433859,CO,3.0,5.0,4.0,10,Monday,2.0,Good/Satisfactory
India,Uttar Pradesh,Meerut,"Ganga Nagar, Meerut - UPPCB",2026-07-06 10:00:00,28.999264,77.7590354,NO2,24.0,41.0,31.0,10,Monday,17.0,Good/Satisfactory
India,Uttar Pradesh,Meerut,"Ganga Nagar, Meerut - UPPCB",2026-07-06 10:00:00,28.999264,77.7590354,NH3,11.0,16.0,13.0,10,Monday,5.0,Good/Satisfactory
India,Uttar Pradesh,Meerut,"Jai Bhim Nagar, Meerut - UPPCB",2026-07-06 10:00:00,28.9535882,77.7622941,PM2.5,5.0,51.0,27.0,10,Monday,46.0,Good/Satisfactory
India,Uttar Pradesh,Moradabad,"Transport Nagar, Moradabad - UPPCB",2026-07-06 10:00:00,28.802625,78.753728,PM10,20.0,107.0,55.0,10,Monday,87.0,Moderate
India,Uttar Pradesh,Moradabad,"Transport Nagar, Moradabad - UPPCB",2026-07-06 10:00:00,28.802625,78.753728,NO2,21.0,25.0,24.0,10,Monday,4.0,Good/Satisfactory
India,Uttar Pradesh,Moradabad,"Transport Nagar, Moradabad - UPPCB",2026-07-06 10:00:00,28.802625,78.753728,NH3,5.0,5.0,5.0,10,Monday,0.0,Good/Satisfactory
India,Uttar Pradesh,Moradabad,"Eco Herbal Park, Moradabad - UPPCB",2026-07-06 10:00:00,28.840739,78.697531,PM10,3.0,144.0,45.0,10,Monday,141.0,Good/Satisfactory
India,Uttar Pradesh,Moradabad,"Eco Herbal Park, Moradabad - UPPCB",2026-07-06 10:00:00,28.840739,78.697531,CO,8.0,14.0,11.0,10,Monday,6.0,Good/Satisfactory
India,Uttar Pradesh,Moradabad,"Eco Herbal Park, Moradabad - UPPCB",2026-07-06 10:00:00,28.840739,78.697531,OZONE,12.0,56.0,34.0,10,Monday,44.0,Good/Satisfactory
India,Uttar Pradesh,Moradabad,"Jigar Colony, Moradabad - UPPCB",2026-07-06 10:00:00,28.856664,78.772638,CO,40.0,40.0,40.0,10,Monday,0.0,Good/Satisfactory
India,Uttar Pradesh,Moradabad,"Buddhi Vihar, Moradabad - UPPCB",2026-07-06 10:00:00,28.83526,78.7446,NH3,5.0,5.0,5.0,10,Monday,0.0,Good/Satisfactory
India,Uttar Pradesh,Moradabad,"Buddhi Vihar, Moradabad - UPPCB",2026-07-06 10:00:00,28.83526,78.7446,CO,30.0,38.0,32.0,10,Monday,8.0,Good/Satisfactory
India,Uttar Pradesh,Moradabad,"Buddhi Vihar, Moradabad - UPPCB",2026-07-06 10:00:00,28.83526,78.7446,OZONE,32.0,43.0,36.0,10,Monday,11.0,Good/Satisfactory
India,Uttar Pradesh,Muzaffarnagar,"New Mandi, Muzaffarnagar - UPPCB",2026-07-06 10:00:00,29.4723508,77.7194031,PM2.5,15.0,285.0,88.0,10,Monday,270.0,Poor/Severe
India,Uttar Pradesh,Muzaffarnagar,"New Mandi, Muzaffarnagar - UPPCB",2026-07-06 10:00:00,29.4723508,77.7194031,PM10,18.0,171.0,92.0,10,Monday,153.0,Moderate
India,Uttar Pradesh,Muzaffarnagar,"New Mandi, Muzaffarnagar - UPPCB",2026-07-06 10:00:00,29.4723508,77.7194031,OZONE,11.0,37.0,21.0,10,Monday,26.0,Good/Satisfactory
India,Uttar Pradesh,Lucknow,"B R Ambedkar University, Lucknow - UPPCB",2026-07-06 10:00:00,26.766433,80.927299,CO,24.0,33.0,26.0,10,Monday,9.0,Good/Satisfactory
India,Uttar Pradesh,Lucknow,"Gomti Nagar, Lucknow - UPPCB",2026-07-06 10:00:00,26.86812,81.005119,PM2.5,10.0,102.0,25.0,10,Monday,92.0,Good/Satisfactory
India,Uttar Pradesh,Lucknow,"Gomti Nagar, Lucknow - UPPCB",2026-07-06 10:00:00,26.86812,81.005119,SO2,14.0,15.0,15.0,10,Monday,1.0,Good/Satisfactory
India,Uttar Pradesh,Lucknow,"Lalbagh, Lucknow - CPCB",2026-07-06 10:00:00,26.8458805,80.9365541,NH3,9.0,16.0,12.0,10,Monday,7.0,Good/Satisfactory
India,Uttar Pradesh,Lucknow,"Lalbagh, Lucknow - CPCB",2026-07-06 10:00:00,26.8458805,80.9365541,OZONE,5.0,48.0,15.0,10,Monday,43.0,Good/Satisfactory
India,Uttar Pradesh,Lucknow,"Talkatora District Industries Center, Lucknow - CPCB",2026-07-06 10:00:00,26.83399722,80.8917361,NH3,8.0,14.0,10.0,10,Monday,6.0,Good/Satisfactory
India,Uttar Pradesh,Lucknow,"Talkatora District Industries Center, Lucknow - CPCB",2026-07-06 10:00:00,26.83399722,80.8917361,OZONE,12.0,27.0,16.0,10,Monday,15.0,Good/Satisfactory
India,Uttar Pradesh,Lucknow,"Kukrail Picnic Spot-1, Lucknow - UPPCB",2026-07-06 10:00:00,26.90723,80.98579,PM2.5,11.0,74.0,37.0,10,Monday,63.0,Moderate
India,Uttar Pradesh,Lucknow,"Kukrail Picnic Spot-1, Lucknow - UPPCB",2026-07-06 10:00:00,26.90723,80.98579,CO,13.0,14.0,14.0,10,Monday,1.0,Good/Satisfactory
India,Uttar Pradesh,Mathura,"Pali Dungra, Mathura - UPPCB",2026-07-06 10:00:00,27.410954,77.550619,SO2,2.0,3.0,2.0,10,Monday,1.0,Good/Satisfactory
India,Uttar Pradesh,Meerut,"MIET College, Meerut - UPPCB",2026-07-06 10:00:00,28.972677,77.641018,PM2.5,72.0,233.0,132.0,10,Monday,161.0,Poor/Severe
India,Uttar Pradesh,Meerut,"MIET College, Meerut - UPPCB",2026-07-06 10:00:00,28.972677,77.641018,CO,33.0,68.0,50.0,10,Monday,35.0,Good/Satisfactory
India,Uttar Pradesh,Meerut,"Pallavpuram Phase 2, Meerut - UPPCB",2026-07-06 10:00:00,29.06351,77.709723,NO2,22.0,47.0,32.0,10,Monday,25.0,Good/Satisfactory
India,Tamil Nadu,Coimbatore,"SIDCO Kurichi, Coimbatore - TNPCB",2026-07-06 10:00:00,10.942451,76.978996,SO2,25.0,28.0,26.0,10,Monday,3.0,Good/Satisfactory
India,Tamil Nadu,Cuddalore,"Semmandalam, Cuddalore - TNPCB",2026-07-06 10:00:00,11.7637683,79.7499835,PM10,33.0,33.0,33.0,10,Monday,0.0,Good/Satisfactory
India,Tamil Nadu,Gummidipoondi,"Anthoni Pillai Nagar, Gummidipoondi - TNPCB",2026-07-06 10:00:00,13.4127,80.1081,PM2.5,25.0,301.0,104.0,10,Monday,276.0,Poor/Severe
India,Tamil Nadu,Gummidipoondi,"Anthoni Pillai Nagar, Gummidipoondi - TNPCB",2026-07-06 10:00:00,13.4127,80.1081,SO2,14.0,112.0,41.0,10,Monday,98.0,Good/Satisfactory
India,Tamil Nadu,Gummidipoondi,"Anthoni Pillai Nagar, Gummidipoondi - TNPCB",2026-07-06 10:00:00,13.4127,80.1081,CO,26.0,36.0,33.0,10,Monday,10.0,Good/Satisfactory
India,Telangana,Hyderabad,"IDA Pashamylaram, Hyderabad - TSPCB",2026-07-06 10:00:00,17.5316895,78.218939,NO2,2.0,36.0,14.0,10,Monday,34.0,Good/Satisfactory
India,Telangana,Hyderabad,"ECIL Kapra, Hyderabad - TSPCB",2026-07-06 10:00:00,17.470431,78.566959,NO2,4.0,15.0,9.0,10,Monday,11.0,Good/Satisfactory
India,Telangana,Hyderabad,"ECIL Kapra, Hyderabad - TSPCB",2026-07-06 10:00:00,17.470431,78.566959,SO2,2.0,13.0,6.0,10,Monday,11.0,Good/Satisfactory
India,Telangana,Hyderabad,"ICRISAT Patancheru, Hyderabad - TSPCB",2026-07-06 10:00:00,17.5184,78.278777,NO2,12.0,17.0,15.0,10,Monday,5.0,Good/Satisfactory
India,Telangana,Hyderabad,"IITH Kandi, Hyderabad - TSPCB",2026-07-06 10:00:00,17.585705,78.126199,PM10,56.0,64.0,62.0,10,Monday,8.0,Moderate
India,Telangana,Hyderabad,"Ramachandrapuram, Hyderabad - TSPCB",2026-07-06 10:00:00,17.528544,78.286195,SO2,2.0,32.0,14.0,10,Monday,30.0,Good/Satisfactory
India,Uttar Pradesh,Noida,"Sector - 62, Noida - IITM",2026-07-06 10:00:00,28.6245479,77.3577104,PM2.5,6.0,88.0,53.0,10,Monday,82.0,Moderate
India,Uttar Pradesh,Noida,"Sector - 62, Noida - IITM",2026-07-06 10:00:00,28.6245479,77.3577104,NH3,5.0,6.0,6.0,10,Monday,1.0,Good/Satisfactory
India,Uttar Pradesh,Noida,"Sector - 62, Noida - IITM",2026-07-06 10:00:00,28.6245479,77.3577104,OZONE,27.0,47.0,36.0,10,Monday,20.0,Good/Satisfactory
India,Uttar Pradesh,Noida,"Sector - 125, Noida - UPPCB",2026-07-06 10:00:00,28.5447608,77.3231257,CO,35.0,50.0,41.0,10,Monday,15.0,Good/Satisfactory
India,Uttar Pradesh,Noida,"Sector - 125, Noida - UPPCB",2026-07-06 10:00:00,28.5447608,77.3231257,OZONE,5.0,11.0,8.0,10,Monday,6.0,Good/Satisfactory
India,Uttar Pradesh,Noida,"Sector-116, Noida - UPPCB",2026-07-06 10:00:00,28.56923,77.393848,SO2,12.0,20.0,15.0,10,Monday,8.0,Good/Satisfactory
India,Uttar Pradesh,Noida,"Sector-116, Noida - UPPCB",2026-07-06 10:00:00,28.56923,77.393848,CO,39.0,53.0,45.0,10,Monday,14.0,Good/Satisfactory
India,Uttar Pradesh,Prayagraj,"Nagar Nigam, Prayagraj - UPPCB",2026-07-06 10:00:00,25.44919916,81.82735986,NH3,6.0,7.0,6.0,10,Monday,1.0,Good/Satisfactory
India,Uttar Pradesh,Prayagraj,"Nagar Nigam, Prayagraj - UPPCB",2026-07-06 10:00:00,25.44919916,81.82735986,SO2,19.0,27.0,21.0,10,Monday,8.0,Good/Satisfactory
India,Uttar Pradesh,Prayagraj,"Jhunsi, Prayagraj - UPPCB",2026-07-06 10:00:00,25.425602,81.917152,PM2.5,12.0,40.0,24.0,10,Monday,28.0,Good/Satisfactory
India,Uttar Pradesh,Prayagraj,"Jhunsi, Prayagraj - UPPCB",2026-07-06 10:00:00,25.425602,81.917152,SO2,14.0,32.0,22.0,10,Monday,18.0,Good/Satisfactory
India,Uttar Pradesh,Prayagraj,"Jhunsi, Prayagraj - UPPCB",2026-07-06 10:00:00,25.425602,81.917152,CO,7.0,11.0,9.0,10,Monday,4.0,Good/Satisfactory
India,Uttar Pradesh,Raebareli," Indira Nagar, Raebareli - NTPC Unchahar",2026-07-06 10:00:00,26.207781,81.245571,PM2.5,11.0,74.0,37.0,10,Monday,63.0,Moderate
India,Uttar Pradesh,Raebareli," Indira Nagar, Raebareli - NTPC Unchahar",2026-07-06 10:00:00,26.207781,81.245571,CO,21.5,32.5,27.0,10,Monday,11.0,Good/Satisfactory
India,Sikkim,Gangtok,"Zero Point GICI, Gangtok - SSPCB",2026-07-06 10:00:00,27.33853,88.614099,NH3,1.0,5.0,1.0,10,Monday,4.0,Good/Satisfactory
India,Sikkim,Gangtok,"Zero Point GICI, Gangtok - SSPCB",2026-07-06 10:00:00,27.33853,88.614099,CO,1.0,5.0,2.0,10,Monday,4.0,Good/Satisfactory
India,Tamil Nadu,Chennai,"Manali, Chennai - CPCB",2026-07-06 10:00:00,13.164544,80.26285,PM2.5,25.0,39.0,30.0,10,Monday,14.0,Good/Satisfactory
India,Tamil Nadu,Chennai,"Manali, Chennai - CPCB",2026-07-06 10:00:00,13.164544,80.26285,NO2,10.0,11.0,10.0,10,Monday,1.0,Good/Satisfactory
India,Tamil Nadu,Chennai,"Manali, Chennai - CPCB",2026-07-06 10:00:00,13.164544,80.26285,CO,25.0,69.0,40.0,10,Monday,44.0,Good/Satisfactory
India,Tamil Nadu,Chennai,"Manali Village, Chennai - TNPCB",2026-07-06 10:00:00,13.1662,80.2584,PM2.5,16.0,41.0,25.0,10,Monday,25.0,Good/Satisfactory
India,Tamil Nadu,Chennai,"Manali Village, Chennai - TNPCB",2026-07-06 10:00:00,13.1662,80.2584,NO2,13.0,23.0,18.0,10,Monday,10.0,Good/Satisfactory
India,Tamil Nadu,Chennai,"Manali Village, Chennai - TNPCB",2026-07-06 10:00:00,13.1662,80.2584,CO,32.0,36.0,33.0,10,Monday,4.0,Good/Satisfactory
India,Tamil Nadu,Chennai,"Arumbakkam, Chennai - TNPCB",2026-07-06 10:00:00,13.0664,80.2112,PM2.5,17.0,38.0,28.0,10,Monday,21.0,Good/Satisfactory
India,Tamil Nadu,Chennai,"Arumbakkam, Chennai - TNPCB",2026-07-06 10:00:00,13.0664,80.2112,SO2,0.0,2.0,1.0,10,Monday,2.0,Good/Satisfactory
India,Tamil Nadu,Chennai,"Velachery Res. Area, Chennai - CPCB",2026-07-06 10:00:00,13.0052189,80.2398125,SO2,5.0,6.0,6.0,10,Monday,1.0,Good/Satisfactory
India,Tamil Nadu,Chennai,"Perungudi, Chennai - TNPCB",2026-07-06 10:00:00,12.9533,80.2357,NH3,0.0,1.0,0.0,10,Monday,1.0,Good/Satisfactory
India,Tamil Nadu,Chennai,"Royapuram, Chennai - TNPCB",2026-07-06 10:00:00,13.1036,80.2909,SO2,4.0,7.0,5.0,10,Monday,3.0,Good/Satisfactory
India,Uttar Pradesh,Agra,"Sector-3B Avas Vikas Colony, Agra - UPPCB",2026-07-06 10:00:00,27.19412,77.96237,NO2,20.0,21.0,20.0,10,Monday,1.0,Good/Satisfactory
India,Uttar Pradesh,Agra,"Sector-3B Avas Vikas Colony, Agra - UPPCB",2026-07-06 10:00:00,27.19412,77.96237,OZONE,12.0,13.0,13.0,10,Monday,1.0,Good/Satisfactory
India,Uttar Pradesh,Agra,"Shastripuram, Agra - UPPCB",2026-07-06 10:00:00,27.19862,77.92066,NO2,18.0,18.0,18.0,10,Monday,0.0,Good/Satisfactory
India,Uttar Pradesh,Agra,"Shastripuram, Agra - UPPCB",2026-07-06 10:00:00,27.19862,77.92066,NH3,3.0,3.0,3.0,10,Monday,0.0,Good/Satisfactory
India,Uttar Pradesh,Agra,"Rohta, Agra - UPPCB",2026-07-06 10:00:00,27.106972,78.000111,NH3,5.0,6.0,6.0,10,Monday,1.0,Good/Satisfactory
India,Uttar Pradesh,Agra,"Rohta, Agra - UPPCB",2026-07-06 10:00:00,27.106972,78.000111,CO,9.0,17.0,12.0,10,Monday,8.0,Good/Satisfactory
India,Uttar Pradesh,Baghpat,"Sardar Patel Inter College, Baghpat - UPPCB",2026-07-06 10:00:00,28.964949,77.278761,PM10,20.0,107.0,55.0,10,Monday,87.0,Moderate
India,Uttar Pradesh,Baghpat,"Sardar Patel Inter College, Baghpat - UPPCB",2026-07-06 10:00:00,28.964949,77.278761,NH3,5.0,6.0,6.0,10,Monday,1.0,Good/Satisfactory
India,Uttar Pradesh,Baghpat,"Sardar Patel Inter College, Baghpat - UPPCB",2026-07-06 10:00:00,28.964949,77.278761,SO2,12.0,20.0,15.0,10,Monday,8.0,Good/Satisfactory
India,Uttar Pradesh,Baghpat,"Sardar Patel Inter College, Baghpat - UPPCB",2026-07-06 10:00:00,28.964949,77.278761,OZONE,3.0,8.0,6.0,10,Monday,5.0,Good/Satisfactory
India,Uttar Pradesh,Bareilly,"Civil Lines, Bareilly - UPPCB",2026-07-06 10:00:00,28.359581,79.414455,NH3,1.0,6.0,2.0,10,Monday,5.0,Good/Satisfactory
India,Uttar Pradesh,Bareilly,"Civil Lines, Bareilly - UPPCB",2026-07-06 10:00:00,28.359581,79.414455,OZONE,22.0,82.0,44.0,10,Monday,60.0,Good/Satisfactory
India,Uttar Pradesh,Bareilly,"Rajendra Nagar, Bareilly - UPPCB",2026-07-06 10:00:00,28.38910936,79.42963708,PM10,12.0,29.0,20.0,10,Monday,17.0,Good/Satisfactory
India,Telangana,Hyderabad,"Kompally Municipal Office, Hyderabad - TSPCB",2026-07-06 10:00:00,17.544899,78.486949,NO2,12.0,17.0,16.0,10,Monday,5.0,Good/Satisfactory
India,Telangana,Hyderabad,"Kompally Municipal Office, Hyderabad - TSPCB",2026-07-06 10:00:00,17.544899,78.486949,CO,25.0,25.0,25.0,10,Monday,0.0,Good/Satisfactory
India,Telangana,Hyderabad,"Kompally Municipal Office, Hyderabad - TSPCB",2026-07-06 10:00:00,17.544899,78.486949,OZONE,19.0,31.0,29.0,10,Monday,12.0,Good/Satisfactory
India,Telangana,Hyderabad,"Nacharam_TSIIC IALA, Hyderabad - TSPCB",2026-07-06 10:00:00,17.429398,78.569354,NO2,12.0,17.0,15.0,10,Monday,5.0,Good/Satisfactory
India,Telangana,Hyderabad,"Nacharam_TSIIC IALA, Hyderabad - TSPCB",2026-07-06 10:00:00,17.429398,78.569354,CO,28.0,28.0,28.0,10,Monday,0.0,Good/Satisfactory
India,Telangana,Hyderabad,"Central University, Hyderabad - TSPCB",2026-07-06 10:00:00,17.460103,78.334361,PM10,16.0,42.0,30.0,10,Monday,26.0,Good/Satisfactory
India,Telangana,Hyderabad,"Central University, Hyderabad - TSPCB",2026-07-06 10:00:00,17.460103,78.334361,NO2,5.0,31.0,23.0,10,Monday,26.0,Good/Satisfactory
India,Telangana,Hyderabad,"Central University, Hyderabad - TSPCB",2026-07-06 10:00:00,17.460103,78.334361,OZONE,9.0,13.0,11.0,10,Monday,4.0,Good/Satisfactory
India,Uttar Pradesh,Agra,"Sanjay Palace, Agra - UPPCB",2026-07-06 10:00:00,27.19865833,78.00598056,NO2,9.0,11.0,10.0,10,Monday,2.0,Good/Satisfactory
India,Uttar Pradesh,Agra,"Sanjay Palace, Agra - UPPCB",2026-07-06 10:00:00,27.19865833,78.00598056,OZONE,9.0,12.0,11.0,10,Monday,3.0,Good/Satisfactory
India,Uttar Pradesh,Agra,"Manoharpur, Agra - UPPCB",2026-07-06 10:00:00,27.23711,78.01936,CO,19.0,20.0,20.0,10,Monday,1.0,Good/Satisfactory
India,Uttar Pradesh,Greater Noida,"Knowledge Park - V, Greater Noida - UPPCB",2026-07-06 10:00:00,28.557054,77.453663,PM2.5,27.0,95.0,61.0,10,Monday,68.0,Poor/Severe
India,Uttar Pradesh,Greater Noida,"Knowledge Park - V, Greater Noida - UPPCB",2026-07-06 10:00:00,28.557054,77.453663,PM10,30.0,352.0,155.0,10,Monday,322.0,Poor/Severe
India,Uttar Pradesh,Greater Noida,"Knowledge Park - V, Greater Noida - UPPCB",2026-07-06 10:00:00,28.557054,77.453663,SO2,6.0,12.0,9.0,10,Monday,6.0,Good/Satisfactory
India,Uttar Pradesh,Jhansi,"Shivaji Nagar, Jhansi - UPPCB",2026-07-06 10:00:00,25.4547,78.6039,SO2,19.0,28.0,22.0,10,Monday,9.0,Good/Satisfactory
India,Uttar Pradesh,Jhansi,"Shivaji Nagar, Jhansi - UPPCB",2026-07-06 10:00:00,25.4547,78.6039,OZONE,5.0,6.0,6.0,10,Monday,1.0,Good/Satisfactory
India,Uttar Pradesh,Kanpur,"NSI Kalyanpur, Kanpur - UPPCB",2026-07-06 10:00:00,26.509954,80.249612,PM2.5,2.0,24.0,13.0,10,Monday,22.0,Good/Satisfactory
India,Uttar Pradesh,Kanpur,"NSI Kalyanpur, Kanpur - UPPCB",2026-07-06 10:00:00,26.509954,80.249612,CO,28.0,32.0,30.0,10,Monday,4.0,Good/Satisfactory
India,Uttar Pradesh,Kanpur,"FTI Kidwai Nagar, Kanpur - UPPCB",2026-07-06 10:00:00,26.428282,80.327067,PM10,2.0,154.0,30.0,10,Monday,152.0,Good/Satisfactory
India,Uttar Pradesh,Lucknow,"B R Ambedkar University, Lucknow - UPPCB",2026-07-06 10:00:00,26.766433,80.927299,PM2.5,0.0,59.0,13.0,10,Monday,59.0,Good/Satisfactory
India,Uttar Pradesh,Varanasi,"Maldahiya, Varanasi - UPPCB",2026-07-06 10:00:00,25.32393,82.99687,CO,11.0,16.0,13.0,10,Monday,5.0,Good/Satisfactory
India,Uttar Pradesh,Varanasi,"Ardhali Bazar, Varanasi - UPPCB",2026-07-06 10:00:00,25.3505986,82.9083074,CO,17.0,17.0,17.0,10,Monday,0.0,Good/Satisfactory
India,Uttar Pradesh,Varanasi,"Bhelupur, Varanasi - UPPCB",2026-07-06 10:00:00,25.301778,82.996789,NH3,1.0,1.0,1.0,10,Monday,0.0,Good/Satisfactory
India,Uttar Pradesh,Varanasi,"Bhelupur, Varanasi - UPPCB",2026-07-06 10:00:00,25.301778,82.996789,CO,4.0,7.0,6.0,10,Monday,3.0,Good/Satisfactory
India,Uttar Pradesh,Varanasi,"IESD Banaras Hindu University, Varanasi - UPPCB",2026-07-06 10:00:00,25.262326,82.995408,OZONE,3.0,5.0,3.0,10,Monday,2.0,Good/Satisfactory
India,Uttar Pradesh,Vrindavan,"Omex Eternity, Vrindavan - UPPCB",2026-07-06 10:00:00,27.571409,77.655757,CO,13.0,15.0,14.0,10,Monday,2.0,Good/Satisfactory
India,Uttarakhand,Dehradun,"Doon University, Dehradun - UKPCB",2026-07-06 10:00:00,30.269444,78.044167,NO2,1.0,5.0,2.0,10,Monday,4.0,Good/Satisfactory
India,Uttarakhand,Kashipur,"Govt. Girls Inter College, Kashipur - UKPCB",2026-07-06 10:00:00,29.2124114,78.9611753,OZONE,22.5,34.0,26.0,10,Monday,11.5,Good/Satisfactory
India,West Bengal,Asansol,"Evelyn Lodge, Asansol - WBPCB",2026-07-06 10:00:00,23.697936,86.944395,NO2,9.0,17.0,13.0,10,Monday,8.0,Good/Satisfactory
India,West Bengal,Asansol,"Evelyn Lodge, Asansol - WBPCB",2026-07-06 10:00:00,23.697936,86.944395,SO2,74.0,75.0,75.0,10,Monday,1.0,Moderate
India,West Bengal,Asansol,"Asansol Court Area, Asansol - WBPCB",2026-07-06 10:00:00,23.685297,86.945968,PM2.5,17.0,36.0,30.0,10,Monday,19.0,Good/Satisfactory
India,West Bengal,Asansol,"Asansol Court Area, Asansol - WBPCB",2026-07-06 10:00:00,23.685297,86.945968,NH3,1.0,3.0,3.0,10,Monday,2.0,Good/Satisfactory
India,West Bengal,Asansol,"Mahabir Colliery, Asansol - WBPCB",2026-07-06 10:00:00,23.618183,87.105718,PM2.5,5.0,20.0,11.0,10,Monday,15.0,Good/Satisfactory
India,West Bengal,Asansol,"Mahabir Colliery, Asansol - WBPCB",2026-07-06 10:00:00,23.618183,87.105718,CO,35.0,44.0,39.0,10,Monday,9.0,Good/Satisfactory
India,West Bengal,Barrackpore,"SVSPA Campus, Barrackpore - WBPCB",2026-07-06 10:00:00,22.7605581,88.3617589,PM2.5,6.0,24.0,16.0,10,Monday,18.0,Good/Satisfactory
India,West Bengal,Barrackpore,"SVSPA Campus, Barrackpore - WBPCB",2026-07-06 10:00:00,22.7605581,88.3617589,SO2,9.0,10.0,10.0,10,Monday,1.0,Good/Satisfactory
India,West Bengal,Durgapur,"Womens College_City Center, Durgapur - WBPCB",2026-07-06 10:00:00,23.549395,87.300496,NO2,14.0,23.0,19.0,10,Monday,9.0,Good/Satisfactory
India,West Bengal,Durgapur,"Womens College_City Center, Durgapur - WBPCB",2026-07-06 10:00:00,23.549395,87.300496,NH3,5.0,6.0,5.0,10,Monday,1.0,Good/Satisfactory
India,West Bengal,Durgapur,"Womens College_City Center, Durgapur - WBPCB",2026-07-06 10:00:00,23.549395,87.300496,CO,13.0,22.0,16.0,10,Monday,9.0,Good/Satisfactory
India,West Bengal,Durgapur,"PCBL Residential Complex, Durgapur - WBPCB",2026-07-06 10:00:00,23.508764,87.35444,SO2,10.0,11.0,10.0,10,Monday,1.0,Good/Satisfactory
India,West Bengal,Durgapur,"PCBL Residential Complex, Durgapur - WBPCB",2026-07-06 10:00:00,23.508764,87.35444,OZONE,47.0,47.0,47.0,10,Monday,0.0,Good/Satisfactory
India,West Bengal,Durgapur,"Mahishkapur Road_B-Zone, Durgapur - WBPCB",2026-07-06 10:00:00,23.567923,87.306843,NH3,0.0,0.0,0.0,10,Monday,0.0,Good/Satisfactory
India,West Bengal,Durgapur,"Mahishkapur Road_B-Zone, Durgapur - WBPCB",2026-07-06 10:00:00,23.567923,87.306843,CO,22.0,27.0,24.5,10,Monday,5.0,Good/Satisfactory
India,West Bengal,Haldia,"Priyambada Housing Estate, Haldia - WBPCB",2026-07-06 10:00:00,22.06047,88.109737,PM2.5,16.0,18.0,17.0,10,Monday,2.0,Good/Satisfactory
India,West Bengal,Howrah,"Botanical Garden, Howrah - WBPCB",2026-07-06 10:00:00,22.554954,88.292568,PM2.5,13.0,34.0,23.0,10,Monday,21.0,Good/Satisfactory
India,West Bengal,Howrah,"Botanical Garden, Howrah - WBPCB",2026-07-06 10:00:00,22.554954,88.292568,NO2,15.0,32.0,22.0,10,Monday,17.0,Good/Satisfactory
India,West Bengal,Howrah,"Botanical Garden, Howrah - WBPCB",2026-07-06 10:00:00,22.554954,88.292568,SO2,7.0,8.0,8.0,10,Monday,1.0,Good/Satisfactory
India,West Bengal,Howrah,"Botanical Garden, Howrah - WBPCB",2026-07-06 10:00:00,22.554954,88.292568,OZONE,9.0,10.0,9.0,10,Monday,1.0,Good/Satisfactory
India,West Bengal,Howrah,"Belur Math, Howrah - WBPCB",2026-07-06 10:00:00,22.629801,88.352017,OZONE,8.0,9.0,8.0,10,Monday,1.0,Good/Satisfactory
India,West Bengal,Howrah,"Padmapukur, Howrah - WBPCB",2026-07-06 10:00:00,22.5687319,88.2797276,PM10,30.0,48.0,37.0,10,Monday,18.0,Good/Satisfactory
India,West Bengal,Howrah,"Padmapukur, Howrah - WBPCB",2026-07-06 10:00:00,22.5687319,88.2797276,NH3,5.0,6.0,5.0,10,Monday,1.0,Good/Satisfactory
India,West Bengal,Howrah,"Dasnagar, Howrah - WBPCB",2026-07-06 10:00:00,22.6025571,88.3105664,PM2.5,1.0,35.0,12.0,10,Monday,34.0,Good/Satisfactory
India,West Bengal,Howrah,"Dasnagar, Howrah - WBPCB",2026-07-06 10:00:00,22.6025571,88.3105664,NO2,4.0,6.0,5.0,10,Monday,2.0,Good/Satisfactory
India,West Bengal,Howrah,"Ghusuri, Howrah - WBPCB",2026-07-06 10:00:00,22.611968,88.347422,PM2.5,8.0,26.0,15.0,10,Monday,18.0,Good/Satisfactory
India,West Bengal,Howrah,"Ghusuri, Howrah - WBPCB",2026-07-06 10:00:00,22.611968,88.347422,OZONE,15.0,18.0,16.0,10,Monday,3.0,Good/Satisfactory
India,West Bengal,Kolkata,"Rabindra Sarobar, Kolkata - WBPCB",2026-07-06 10:00:00,22.51106,88.35142,NO2,9.0,20.0,12.0,10,Monday,11.0,Good/Satisfactory
India,West Bengal,Kolkata,"Rabindra Sarobar, Kolkata - WBPCB",2026-07-06 10:00:00,22.51106,88.35142,CO,14.0,20.0,16.0,10,Monday,6.0,Good/Satisfactory
India,West Bengal,Kolkata,"Ballygunge, Kolkata - WBPCB",2026-07-06 10:00:00,22.5367507,88.3638022,SO2,3.0,7.0,6.0,10,Monday,4.0,Good/Satisfactory
India,West Bengal,Kolkata,"Victoria, Kolkata - WBPCB",2026-07-06 10:00:00,22.5448082,88.3403691,NH3,7.0,8.0,8.0,10,Monday,1.0,Good/Satisfactory
India,West Bengal,Kolkata,"Bidhannagar, Kolkata - WBPCB",2026-07-06 10:00:00,22.58157048,88.41002457,PM10,24.0,32.0,27.0,10,Monday,8.0,Good/Satisfactory
India,Bihar,Manguraha,"Forest Rest House, Manguraha - BSPCB",2026-07-06 10:00:00,27.308328,84.531742,NH3,1.0,1.0,1.0,10,Monday,0.0,Good/Satisfactory
India,Bihar,Manguraha,"Forest Rest House, Manguraha - BSPCB",2026-07-06 10:00:00,27.308328,84.531742,CO,13.0,35.0,22.0,10,Monday,22.0,Good/Satisfactory
India,Bihar,Manguraha,"Forest Rest House, Manguraha - BSPCB",2026-07-06 10:00:00,27.308328,84.531742,OZONE,24.0,33.0,30.0,10,Monday,9.0,Good/Satisfactory
India,Bihar,Motihari,"Gandak Colony, Motihari - BSPCB",2026-07-06 10:00:00,26.63086,84.90051,CO,11.0,11.0,11.0,10,Monday,0.0,Good/Satisfactory
India,Bihar,Munger,"Town Hall, Munger - BSPCB",2026-07-06 10:00:00,25.376776,86.471523,CO,43.0,46.0,45.0,10,Monday,3.0,Good/Satisfactory
India,Bihar,Munger,"Town Hall, Munger - BSPCB",2026-07-06 10:00:00,25.376776,86.471523,OZONE,1.0,8.0,4.0,10,Monday,7.0,Good/Satisfactory
India,Bihar,Muzaffarpur,"Buddha Colony, Muzaffarpur - BSPCB",2026-07-06 10:00:00,26.11442,85.39813,NO2,12.0,22.0,16.0,10,Monday,10.0,Good/Satisfactory
India,Bihar,Muzaffarpur,"MIT-Daudpur Kothi, Muzaffarpur - BSPCB",2026-07-06 10:00:00,26.1403345,85.3650192,NH3,0.0,0.0,0.0,10,Monday,0.0,Good/Satisfactory
India,Bihar,Muzaffarpur,"MIT-Daudpur Kothi, Muzaffarpur - BSPCB",2026-07-06 10:00:00,26.1403345,85.3650192,OZONE,31.0,33.0,32.0,10,Monday,2.0,Good/Satisfactory
India,Bihar,Patna,"Govt. High School Shikarpur, Patna - BSPCB",2026-07-06 10:00:00,25.592539,85.227158,PM2.5,20.0,61.0,37.0,10,Monday,41.0,Moderate
India,Bihar,Patna,"Govt. High School Shikarpur, Patna - BSPCB",2026-07-06 10:00:00,25.592539,85.227158,CO,30.0,32.0,31.0,10,Monday,2.0,Good/Satisfactory
India,Bihar,Patna,"Samanpura, Patna - BSPCB",2026-07-06 10:00:00,25.596727,85.085624,PM2.5,36.0,119.0,62.0,10,Monday,83.0,Poor/Severe
India,Bihar,Patna,"Samanpura, Patna - BSPCB",2026-07-06 10:00:00,25.596727,85.085624,CO,24.0,26.0,25.0,10,Monday,2.0,Good/Satisfactory
India,Bihar,Patna,"IGSC Planetarium Complex, Patna - BSPCB",2026-07-06 10:00:00,25.610369,85.132568,PM2.5,20.0,61.0,37.0,10,Monday,41.0,Moderate
India,Andhra Pradesh,Vijayawada,"Kanuru, Vijayawada - APPCB",2026-07-06 10:00:00,16.486692,80.699436,SO2,13.0,18.0,15.0,10,Monday,5.0,Good/Satisfactory
India,Andhra Pradesh,Vijayawada,"HB Colony, Vijayawada - APPCB",2026-07-06 10:00:00,16.536107,80.594233,NO2,15.0,19.0,15.0,10,Monday,4.0,Good/Satisfactory
India,Andhra Pradesh,Visakhapatnam,"GVM Corporation, Visakhapatnam - APPCB",2026-07-06 10:00:00,17.72,83.3,NO2,29.0,82.0,49.0,10,Monday,53.0,Good/Satisfactory
India,Andhra Pradesh,Visakhapatnam,"GVM Corporation, Visakhapatnam - APPCB",2026-07-06 10:00:00,17.72,83.3,NH3,3.0,3.0,3.0,10,Monday,0.0,Good/Satisfactory
India,Andhra Pradesh,Visakhapatnam,"GVM Corporation, Visakhapatnam - APPCB",2026-07-06 10:00:00,17.72,83.3,SO2,2.0,44.0,16.0,10,Monday,42.0,Good/Satisfactory
India,Andhra Pradesh,Visakhapatnam,"GVM Corporation, Visakhapatnam - APPCB",2026-07-06 10:00:00,17.72,83.3,OZONE,4.0,12.0,6.0,10,Monday,8.0,Good/Satisfactory
India,Assam,Byrnihat,"Central Academy for SFS, Byrnihat - PCBA",2026-07-06 10:00:00,26.071318,91.87488,PM2.5,53.0,78.0,68.0,10,Monday,25.0,Poor/Severe
India,Assam,Byrnihat,"Central Academy for SFS, Byrnihat - PCBA",2026-07-06 10:00:00,26.071318,91.87488,PM10,52.0,76.0,66.0,10,Monday,24.0,Moderate
India,Assam,Byrnihat,"Central Academy for SFS, Byrnihat - PCBA",2026-07-06 10:00:00,26.071318,91.87488,NO2,4.0,10.0,7.0,10,Monday,6.0,Good/Satisfactory
India,Assam,Byrnihat,"Central Academy for SFS, Byrnihat - PCBA",2026-07-06 10:00:00,26.071318,91.87488,NH3,4.0,4.0,4.0,10,Monday,0.0,Good/Satisfactory
India,Assam,Byrnihat,"Central Academy for SFS, Byrnihat - PCBA",2026-07-06 10:00:00,26.071318,91.87488,SO2,18.0,32.0,29.0,10,Monday,14.0,Good/Satisfactory
India,Assam,Guwahati,"Railway Colony, Guwahati - PCBA",2026-07-06 10:00:00,26.181742,91.78063,OZONE,12.0,26.0,17.0,10,Monday,14.0,Good/Satisfactory
India,Assam,Guwahati,"LGBI Airport, Guwahati - PCBA",2026-07-06 10:00:00,26.10887,91.589544,CO,19.0,48.0,33.0,10,Monday,29.0,Good/Satisfactory
India,Assam,Guwahati,"Pan Bazaar, Guwahati - PCBA",2026-07-06 10:00:00,26.1875,91.744194,SO2,32.0,37.0,34.0,10,Monday,5.0,Good/Satisfactory
India,Assam,Nagaon,"Christianpatty, Nagaon - PCBA",2026-07-06 10:00:00,26.349082,92.68449,NH3,4.0,4.0,4.0,10,Monday,0.0,Good/Satisfactory
India,Assam,Silchar,"Tarapur, Silchar - PCBA",2026-07-06 10:00:00,24.82827,92.79525,SO2,4.0,6.0,5.0,10,Monday,2.0,Good/Satisfactory
India,Assam,Sivasagar,"Girls College, Sivasagar - PCBA",2026-07-06 10:00:00,26.987634,94.636574,PM10,23.0,28.0,24.0,10,Monday,5.0,Good/Satisfactory
India,Bihar,Araria,"Kharahiya Basti, Araria - BSPCB",2026-07-06 10:00:00,26.146529,87.454184,PM2.5,25.0,92.0,46.0,10,Monday,67.0,Moderate
India,Bihar,Araria,"Kharahiya Basti, Araria - BSPCB",2026-07-06 10:00:00,26.146529,87.454184,NO2,12.0,22.0,15.0,10,Monday,10.0,Good/Satisfactory
India,Bihar,Arrah,"New DM Office, Arrah - BSPCB",2026-07-06 10:00:00,25.5626095,84.663264,NO2,6.0,8.0,7.0,10,Monday,2.0,Good/Satisfactory
India,Bihar,Arrah,"New DM Office, Arrah - BSPCB",2026-07-06 10:00:00,25.5626095,84.663264,SO2,5.0,5.0,5.0,10,Monday,0.0,Good/Satisfactory
India,Bihar,Begusarai,"Lohiyanagar, Begusarai - BSPCB",2026-07-06 10:00:00,25.42742023,86.13886079,NO2,9.0,17.0,13.0,10,Monday,8.0,Good/Satisfactory
India,Bihar,Begusarai,"Lohiyanagar, Begusarai - BSPCB",2026-07-06 10:00:00,25.42742023,86.13886079,NH3,16.0,16.0,16.0,10,Monday,0.0,Good/Satisfactory
India,Bihar,Bettiah,"Kamalnath Nagar, Bettiah - BSPCB",2026-07-06 10:00:00,26.80365,84.51954,CO,30.0,32.0,31.0,10,Monday,2.0,Good/Satisfactory
India,Bihar,Bhagalpur,"Mayaganj, Bhagalpur - BSPCB",2026-07-06 10:00:00,25.265194,87.012947,PM10,26.5,69.0,44.5,10,Monday,42.5,Good/Satisfactory
India,Bihar,Bhagalpur,"DM Office_Kachari Chowk, Bhagalpur - BSPCB",2026-07-06 10:00:00,25.251013,86.989001,PM10,26.5,69.0,44.5,10,Monday,42.5,Good/Satisfactory
India,Andhra Pradesh,Machilipatnam,"Srinivas Nagar Colony, Machilipatnam - APPCB",2026-07-06 10:00:00,16.186555,81.13219,NH3,3.0,4.0,3.0,10,Monday,1.0,Good/Satisfactory
India,Andhra Pradesh,Machilipatnam,"Srinivas Nagar Colony, Machilipatnam - APPCB",2026-07-06 10:00:00,16.186555,81.13219,CO,7.0,19.0,12.0,10,Monday,12.0,Good/Satisfactory
India,Andhra Pradesh,Nellore,"Ambedkar Nagar, Nellore - APPCB ",2026-07-06 10:00:00,14.438164,79.966814,CO,40.0,42.0,42.0,10,Monday,2.0,Good/Satisfactory
India,Andhra Pradesh,Rajamahendravaram,"Anand Kala Kshetram, Rajamahendravaram - APPCB",2026-07-06 10:00:00,16.9872867,81.7363176,PM2.5,50.0,67.0,60.0,10,Monday,17.0,Moderate
India,Andhra Pradesh,Rajamahendravaram,"Anand Kala Kshetram, Rajamahendravaram - APPCB",2026-07-06 10:00:00,16.9872867,81.7363176,NO2,21.0,29.0,24.0,10,Monday,8.0,Good/Satisfactory
India,Andhra Pradesh,Rajamahendravaram,"Anand Kala Kshetram, Rajamahendravaram - APPCB",2026-07-06 10:00:00,16.9872867,81.7363176,NH3,3.0,5.0,4.0,10,Monday,2.0,Good/Satisfactory
India,Andhra Pradesh,Rajamahendravaram,"Anand Kala Kshetram, Rajamahendravaram - APPCB",2026-07-06 10:00:00,16.9872867,81.7363176,SO2,10.0,15.0,14.0,10,Monday,5.0,Good/Satisfactory
India,Andhra Pradesh,Tirumala,"Toll Gate, Tirumala - APPCB",2026-07-06 10:00:00,13.67,79.35,OZONE,14.0,21.0,17.0,10,Monday,7.0,Good/Satisfactory
India,Andhra Pradesh,Vijayawada,"Rajiv Nagar, Vijayawada - APPCB",2026-07-06 10:00:00,16.554731,80.64911,PM2.5,52.0,66.0,63.0,10,Monday,14.0,Poor/Severe
India,Andhra Pradesh,Vijayawada,"Rajiv Nagar, Vijayawada - APPCB",2026-07-06 10:00:00,16.554731,80.64911,CO,22.0,24.0,23.0,10,Monday,2.0,Good/Satisfactory
India,Andhra Pradesh,Vijayawada,"Rajiv Gandhi Park, Vijayawada - APPCB",2026-07-06 10:00:00,16.509717,80.612222,PM10,55.0,81.0,67.0,10,Monday,26.0,Moderate
India,Andhra Pradesh,Vijayawada,"Rajiv Gandhi Park, Vijayawada - APPCB",2026-07-06 10:00:00,16.509717,80.612222,CO,28.0,29.0,28.0,10,Monday,1.0,Good/Satisfactory
India,Andhra Pradesh,Vijayawada,"Kanuru, Vijayawada - APPCB",2026-07-06 10:00:00,16.486692,80.699436,PM10,60.0,65.0,62.0,10,Monday,5.0,Moderate
India,Bihar,Bhagalpur,"DM Office_Kachari Chowk, Bhagalpur - BSPCB",2026-07-06 10:00:00,25.251013,86.989001,OZONE,17.0,22.0,19.0,10,Monday,5.0,Good/Satisfactory
India,Bihar,Bihar Sharif,"D M Colony, Bihar Sharif - BSPCB",2026-07-06 10:00:00,25.204762,85.51496,CO,103.0,105.0,104.0,10,Monday,2.0,Poor/Severe
India,Bihar,Chhapra,"Darshan Nagar, Chhapra - BSPCB",2026-07-06 10:00:00,25.7808257,84.7446768,PM10,109.0,109.0,109.0,10,Monday,0.0,Poor/Severe
India,Bihar,Chhapra,"Darshan Nagar, Chhapra - BSPCB",2026-07-06 10:00:00,25.7808257,84.7446768,NO2,2.0,2.0,2.0,10,Monday,0.0,Good/Satisfactory
India,Bihar,Chhapra,"Darshan Nagar, Chhapra - BSPCB",2026-07-06 10:00:00,25.7808257,84.7446768,CO,67.0,96.0,86.0,10,Monday,29.0,Moderate
India,Bihar,Gaya,"SFTI Kusdihra, Gaya - BSPCB",2026-07-06 10:00:00,24.762518,84.982348,PM2.5,15.0,45.0,32.0,10,Monday,30.0,Moderate
India,Bihar,Gaya,"Kareemganj, Gaya - BSPCB",2026-07-06 10:00:00,24.792403,84.992416,NH3,1.0,1.0,1.0,10,Monday,0.0,Good/Satisfactory
India,Bihar,Hajipur,"Industrial Area, Hajipur - BSPCB",2026-07-06 10:00:00,25.697189,85.2459,CO,21.0,34.0,28.0,10,Monday,13.0,Good/Satisfactory
India,Bihar,Kishanganj,"SDM Office_Khagra, Kishanganj - BSPCB",2026-07-06 10:00:00,26.0881305,87.93840336,PM2.5,42.0,80.0,57.0,10,Monday,38.0,Moderate
India,Bihar,Manguraha,"Forest Rest House, Manguraha - BSPCB",2026-07-06 10:00:00,27.308328,84.531742,NO2,2.0,8.0,5.0,10,Monday,6.0,Good/Satisfactory
India,Bihar,Patna,"Rajbansi Nagar, Patna - BSPCB",2026-07-06 10:00:00,25.599486,85.113666,PM10,15.0,39.0,28.0,10,Monday,24.0,Good/Satisfactory
India,Bihar,Patna,"Rajbansi Nagar, Patna - BSPCB",2026-07-06 10:00:00,25.599486,85.113666,NH3,2.0,3.0,3.0,10,Monday,1.0,Good/Satisfactory
India,Bihar,Rajgir,"Dangi Tola, Rajgir - BSPCB",2026-07-06 10:00:00,25.0328,85.41948,PM10,18.0,63.0,32.0,10,Monday,45.0,Good/Satisfactory
India,Bihar,Rajgir,"Dangi Tola, Rajgir - BSPCB",2026-07-06 10:00:00,25.0328,85.41948,SO2,2.0,3.0,3.0,10,Monday,1.0,Good/Satisfactory
India,Bihar,Rajgir,"Dangi Tola, Rajgir - BSPCB",2026-07-06 10:00:00,25.0328,85.41948,OZONE,19.0,53.0,37.0,10,Monday,34.0,Good/Satisfactory
India,Bihar,Samastipur,"DM Office_Kasipur, Samastipur - BSPCB",2026-07-06 10:00:00,25.859655,85.77944,NH3,3.0,3.5,3.0,10,Monday,0.5,Good/Satisfactory
India,Chandigarh,Chandigarh,"Sector-53, Chandigarh - CPCC",2026-07-06 10:00:00,30.719859,76.738637,NO2,8.0,33.0,21.0,10,Monday,25.0,Good/Satisfactory
India,Chandigarh,Chandigarh,"Sector-25, Chandigarh - CPCC",2026-07-06 10:00:00,30.751462,76.762879,OZONE,14.0,28.0,20.0,10,Monday,14.0,Good/Satisfactory
India,Chandigarh,Chandigarh,"Sector 22, Chandigarh - CPCC",2026-07-06 10:00:00,30.735567,76.775714,PM2.5,13.0,48.0,30.0,10,Monday,35.0,Good/Satisfactory
India,Chhattisgarh,Bhilai,"Civic Center, Bhilai - Bhilai Steel Plant",2026-07-06 10:00:00,21.185571,81.343175,CO,20.0,21.0,20.0,10,Monday,1.0,Good/Satisfactory
India,Chhattisgarh,Bhilai,"32Bungalows, Bhilai - CECB",2026-07-06 10:00:00,21.194815,81.31477,NH3,3.0,3.0,3.0,10,Monday,0.0,Good/Satisfactory
India,Chhattisgarh,Korba,"Rampur, Korba - CECB",2026-07-06 10:00:00,22.368195,82.746431,SO2,2.0,4.0,3.0,10,Monday,2.0,Good/Satisfactory
India,Chhattisgarh,Korba,"Rampur, Korba - CECB",2026-07-06 10:00:00,22.368195,82.746431,OZONE,9.0,11.0,10.0,10,Monday,2.0,Good/Satisfactory
India,Andhra Pradesh,Chittoor,"Gangineni Cheruvu, Chittoor - APPCB",2026-07-06 10:00:00,13.20488,79.097889,OZONE,32.0,35.0,33.0,10,Monday,3.0,Good/Satisfactory
India,Andhra Pradesh,Guntur,"Rajendra Nagar North, Guntur - APPCB",2026-07-06 10:00:00,16.316553,80.413302,PM2.5,59.0,79.0,64.0,10,Monday,20.0,Poor/Severe
India,Andhra Pradesh,Kadapa,"Yerramukkapalli, Kadapa - APPCB",2026-07-06 10:00:00,14.465052,78.824187,NO2,24.0,30.0,25.0,10,Monday,6.0,Good/Satisfactory
India,Andhra Pradesh,Kurnool,"Sita Rama Nagar, Kurnool - APPCB",2026-07-06 10:00:00,15.83411,78.028546,NO2,23.0,26.0,24.0,10,Monday,3.0,Good/Satisfactory
India,Andhra Pradesh,Machilipatnam,"Srinivas Nagar Colony, Machilipatnam - APPCB",2026-07-06 10:00:00,16.186555,81.13219,PM2.5,56.0,312.0,73.0,10,Monday,256.0,Poor/Severe
India,Andhra Pradesh,Amaravati,"Secretariat, Amaravati - APPCB",2026-07-06 10:00:00,16.5150833,80.5181667,SO2,5.0,21.0,13.0,10,Monday,16.0,Good/Satisfactory
India,Andhra Pradesh,Anantapur,"Gulzarpet, Anantapur - APPCB",2026-07-06 10:00:00,14.675886,77.593027,PM2.5,49.0,206.0,91.0,10,Monday,157.0,Poor/Severe
India,Andhra Pradesh,Anantapur,"Gulzarpet, Anantapur - APPCB",2026-07-06 10:00:00,14.675886,77.593027,NO2,16.0,16.0,16.0,10,Monday,0.0,Good/Satisfactory
India,Andhra Pradesh,Anantapur,"Gulzarpet, Anantapur - APPCB",2026-07-06 10:00:00,14.675886,77.593027,CO,23.0,31.0,25.0,10,Monday,8.0,Good/Satisfactory
India,Andhra Pradesh,Amaravati,"Secretariat, Amaravati - APPCB",2026-07-06 10:00:00,16.5150833,80.5181667,NO2,10.0,15.0,12.0,10,Monday,5.0,Good/Satisfactory
India,Delhi,Delhi,"NSUT Jaffarpur, Delhi - DPCC",2026-07-06 10:00:00,28.594004,76.909423,SO2,5.0,6.0,6.0,10,Monday,1.0,Good/Satisfactory
India,Delhi,Delhi,"Cantonment Area, Delhi - DPCC",2026-07-06 10:00:00,28.594169,77.1251,CO,45.0,59.0,53.0,10,Monday,14.0,Moderate
India,Delhi,Delhi,"Cantonment Area, Delhi - DPCC",2026-07-06 10:00:00,28.594169,77.1251,OZONE,6.0,38.0,15.0,10,Monday,32.0,Good/Satisfactory
India,Delhi,Delhi,"Commonwealth Sports Complex, Delhi - DPCC",2026-07-06 10:00:00,28.615828,77.271992,NO2,21.0,86.0,46.0,10,Monday,65.0,Good/Satisfactory
India,Delhi,Delhi,"Talkatora Garden, Delhi - DPCC",2026-07-06 10:00:00,28.62181,77.1944633,PM2.5,17.0,91.0,64.0,10,Monday,74.0,Poor/Severe
India,Delhi,Delhi,"Narela, Delhi - DPCC",2026-07-06 10:00:00,28.822836,77.101981,CO,37.0,41.0,39.0,10,Monday,4.0,Good/Satisfactory
India,Delhi,Delhi,"IGNOU_Maidan Garhi, Delhi - DPCC",2026-07-06 10:00:00,28.493624,77.201159,NH3,0.0,16.0,4.0,10,Monday,16.0,Good/Satisfactory
India,Delhi,Delhi,"IGNOU_Maidan Garhi, Delhi - DPCC",2026-07-06 10:00:00,28.493624,77.201159,SO2,3.0,4.0,4.0,10,Monday,1.0,Good/Satisfactory
India,Delhi,Delhi,"IGNOU_Maidan Garhi, Delhi - DPCC",2026-07-06 10:00:00,28.493624,77.201159,CO,28.0,41.0,35.0,10,Monday,13.0,Good/Satisfactory
India,Delhi,Delhi,"DTU, Delhi - CPCB",2026-07-06 10:00:00,28.7500499,77.1112615,PM2.5,20.0,196.0,93.0,10,Monday,176.0,Poor/Severe
India,Delhi,Delhi,"DTU, Delhi - CPCB",2026-07-06 10:00:00,28.7500499,77.1112615,SO2,25.0,27.0,26.0,10,Monday,2.0,Good/Satisfactory
India,Delhi,Delhi,"Sirifort, Delhi - CPCB",2026-07-06 10:00:00,28.5504249,77.2159377,PM10,30.0,124.0,82.0,10,Monday,94.0,Moderate
India,Delhi,Delhi,"Sirifort, Delhi - CPCB",2026-07-06 10:00:00,28.5504249,77.2159377,NH3,3.0,24.0,8.0,10,Monday,21.0,Good/Satisfactory
India,Delhi,Delhi,"Sirifort, Delhi - CPCB",2026-07-06 10:00:00,28.5504249,77.2159377,OZONE,9.0,20.0,14.0,10,Monday,11.0,Good/Satisfactory
India,Gujarat,Ahmedabad,"SAC ISRO Bopal, Ahmedabad - IITM",2026-07-06 10:00:00,23.041137,72.456691,PM10,6.0,75.0,35.0,10,Monday,69.0,Good/Satisfactory
India,Gujarat,Bhavnagar,"Vidhyanagar, Bhavnagar - Nexteng Enviro",2026-07-06 10:00:00,21.755417,72.139056,OZONE,19.0,28.0,23.0,10,Monday,9.0,Good/Satisfactory
India,Gujarat,Gandhinagar,"GIFT City, Gandhinagar - IITM",2026-07-06 10:00:00,23.163798,72.677768,SO2,1.0,15.0,5.0,10,Monday,14.0,Good/Satisfactory
India,Gujarat,Gandhinagar,"GIFT City, Gandhinagar - IITM",2026-07-06 10:00:00,23.163798,72.677768,CO,55.0,75.0,65.0,10,Monday,20.0,Moderate
India,Gujarat,Gandhinagar,"IIPHG Lekawada, Gandhinagar - IITM",2026-07-06 10:00:00,23.243639,72.68994,NH3,4.0,5.0,4.0,10,Monday,1.0,Good/Satisfactory
India,Gujarat,Gandhinagar,"IIPHG Lekawada, Gandhinagar - IITM",2026-07-06 10:00:00,23.243639,72.68994,SO2,1.0,2.0,1.0,10,Monday,1.0,Good/Satisfactory
India,Gujarat,Gandhinagar,"IIPHG Lekawada, Gandhinagar - IITM",2026-07-06 10:00:00,23.243639,72.68994,CO,33.0,44.0,37.0,10,Monday,11.0,Good/Satisfactory
India,Gujarat,Gandhinagar,"Sector-10, Gandhinagar - GPCB",2026-07-06 10:00:00,23.221714,72.654328,CO,14.0,15.0,15.0,10,Monday,1.0,Good/Satisfactory
India,Gujarat,Gandhinagar,"Sector-10, Gandhinagar - GPCB",2026-07-06 10:00:00,23.221714,72.654328,OZONE,4.0,7.0,5.0,10,Monday,3.0,Good/Satisfactory
India,Gujarat,Mehsana,"Sadanand Nagar, Mehsana - Nexteng Enviro",2026-07-06 10:00:00,23.59315,72.372792,PM2.5,9.0,65.0,34.0,10,Monday,56.0,Moderate
India,Gujarat,Mehsana,"Sadanand Nagar, Mehsana - Nexteng Enviro",2026-07-06 10:00:00,23.59315,72.372792,OZONE,11.0,13.0,12.0,10,Monday,2.0,Good/Satisfactory
India,Gujarat,Nandesari,"GIDC, Nandesari - Nandesari Ind. Association",2026-07-06 10:00:00,22.410802,73.097923,NO2,18.0,113.0,55.0,10,Monday,95.0,Moderate
India,Gujarat,Rajkot,"Mavdi, Rajkot - Nexteng Enviro ",2026-07-06 10:00:00,22.248853,70.776774,PM2.5,25.0,74.0,61.0,10,Monday,49.0,Poor/Severe
India,Gujarat,Rajkot,"Mavdi, Rajkot - Nexteng Enviro ",2026-07-06 10:00:00,22.248853,70.776774,CO,91.0,93.0,92.0,10,Monday,2.0,Moderate
India,Gujarat,Ahmedabad,"SAC ISRO Bopal, Ahmedabad - IITM",2026-07-06 10:00:00,23.041137,72.456691,CO,32.0,38.0,34.0,10,Monday,6.0,Good/Satisfactory
India,Gujarat,Ahmedabad,"Raikhad, Ahmedabad - IITM",2026-07-06 10:00:00,23.020509,72.579261,PM2.5,18.5,75.5,46.5,10,Monday,57.0,Moderate
India,Gujarat,Ahmedabad,"Raikhad, Ahmedabad - IITM",2026-07-06 10:00:00,23.020509,72.579261,PM10,28.0,103.0,62.0,10,Monday,75.0,Moderate
India,Gujarat,Ahmedabad,"Raikhad, Ahmedabad - IITM",2026-07-06 10:00:00,23.020509,72.579261,NO2,12.0,21.0,15.0,10,Monday,9.0,Good/Satisfactory
India,Gujarat,Ahmedabad,"Raikhad, Ahmedabad - IITM",2026-07-06 10:00:00,23.020509,72.579261,SO2,5.5,10.5,7.5,10,Monday,5.0,Good/Satisfactory
India,Gujarat,Ahmedabad,"Gyaspur, Ahmedabad - IITM",2026-07-06 10:00:00,22.977134,72.553024,PM10,24.0,122.0,70.0,10,Monday,98.0,Moderate
India,Gujarat,Ahmedabad,"Gyaspur, Ahmedabad - IITM",2026-07-06 10:00:00,22.977134,72.553024,NO2,7.0,14.0,10.0,10,Monday,7.0,Good/Satisfactory
India,Gujarat,Ahmedabad,"SAC ISRO Satellite, Ahmedabad - IITM",2026-07-06 10:00:00,23.023389,72.515201,PM2.5,21.0,84.0,50.0,10,Monday,63.0,Moderate
India,Gujarat,Ahmedabad,"Chandkheda, Ahmedabad - IITM",2026-07-06 10:00:00,23.107969,72.574648,PM2.5,20.0,84.0,52.0,10,Monday,64.0,Moderate
India,Gujarat,Ahmedabad,"Chandkheda, Ahmedabad - IITM",2026-07-06 10:00:00,23.107969,72.574648,CO,16.0,37.0,27.0,10,Monday,21.0,Good/Satisfactory
India,Gujarat,Ahmedabad,"Chandkheda, Ahmedabad - IITM",2026-07-06 10:00:00,23.107969,72.574648,OZONE,2.0,13.0,6.0,10,Monday,11.0,Good/Satisfactory
India,Gujarat,Ahmedabad,"SVPI Airport Hansol, Ahmedabad - IITM",2026-07-06 10:00:00,23.076793,72.627874,PM10,47.0,103.0,75.0,10,Monday,56.0,Moderate
India,Gujarat,Ahmedabad,"Rakhial, Ahmedabad - IITM",2026-07-06 10:00:00,23.016834,72.625775,PM10,28.0,103.0,62.0,10,Monday,75.0,Moderate
India,Gujarat,Surat,"Science Center, Surat - SMC",2026-07-06 10:00:00,21.170046,72.795405,SO2,14.0,18.0,16.0,10,Monday,4.0,Good/Satisfactory
India,Gujarat,Surat,"Science Center, Surat - SMC",2026-07-06 10:00:00,21.170046,72.795405,CO,39.0,45.0,41.0,10,Monday,6.0,Good/Satisfactory
India,Gujarat,Surat,"Science Center, Surat - SMC",2026-07-06 10:00:00,21.170046,72.795405,OZONE,6.0,13.0,9.0,10,Monday,7.0,Good/Satisfactory
India,Gujarat,Surat,"Katargam, Surat - Nexteng Enviro",2026-07-06 10:00:00,21.217779,72.834787,PM2.5,24.0,172.0,61.0,10,Monday,148.0,Poor/Severe
India,Gujarat,Surat,"Katargam, Surat - Nexteng Enviro",2026-07-06 10:00:00,21.217779,72.834787,PM10,34.0,160.0,94.0,10,Monday,126.0,Moderate
India,Gujarat,Surat,"Katargam, Surat - Nexteng Enviro",2026-07-06 10:00:00,21.217779,72.834787,SO2,7.0,11.0,8.0,10,Monday,4.0,Good/Satisfactory
India,Gujarat,Surat,"Katargam, Surat - Nexteng Enviro",2026-07-06 10:00:00,21.217779,72.834787,OZONE,4.0,5.0,5.0,10,Monday,1.0,Good/Satisfactory
India,Gujarat,Vadodara,"Bapunagar, Vadodara - Nexteng Enviro",2026-07-06 10:00:00,22.320153,73.216285,PM10,46.0,117.0,78.0,10,Monday,71.0,Moderate
India,Gujarat,Vadodara,"Bapunagar, Vadodara - Nexteng Enviro",2026-07-06 10:00:00,22.320153,73.216285,CO,97.0,101.0,99.0,10,Monday,4.0,Moderate
India,Gujarat,Vadodara,"Bapunagar, Vadodara - Nexteng Enviro",2026-07-06 10:00:00,22.320153,73.216285,OZONE,2.0,4.0,3.0,10,Monday,2.0,Good/Satisfactory
India,Gujarat,Vatva,"Phase-4 GIDC, Vatva - GPCB",2026-07-06 10:00:00,22.969611,72.6435,CO,31.0,44.0,37.0,10,Monday,13.0,Good/Satisfactory
India,Haryana,Bahadurgarh,"Arya Nagar, Bahadurgarh - HSPCB",2026-07-06 10:00:00,28.6701,76.9254,SO2,5.0,7.0,6.0,10,Monday,2.0,Good/Satisfactory
India,Chhattisgarh,Korba,"Urja Nagar, Korba - CECB",2026-07-06 10:00:00,22.348441,82.549611,CO,14.0,17.0,15.0,10,Monday,3.0,Good/Satisfactory
India,Chhattisgarh,Kunjemura,"OP Jindal School, Kunjemura - CECB",2026-07-06 10:00:00,22.12665,83.483212,CO,22.0,27.0,25.0,10,Monday,5.0,Good/Satisfactory
India,Chhattisgarh,Milupara,"Govt. Higher Secondary School, Milupara - CECB",2026-07-06 10:00:00,22.1910172,83.5197009,NH3,2.0,2.0,2.0,10,Monday,0.0,Good/Satisfactory
India,Chhattisgarh,Milupara,"Govt. Higher Secondary School, Milupara - CECB",2026-07-06 10:00:00,22.1910172,83.5197009,SO2,6.5,9.5,8.5,10,Monday,3.0,Good/Satisfactory
India,Chhattisgarh,Milupara,"Govt. Higher Secondary School, Milupara - CECB",2026-07-06 10:00:00,22.1910172,83.5197009,CO,24.0,25.0,25.0,10,Monday,1.0,Good/Satisfactory
India,Chhattisgarh,Raipur,"Krishak Nagar, Raipur - CECB",2026-07-06 10:00:00,21.237755,81.705301,NH3,2.0,2.0,2.0,10,Monday,0.0,Good/Satisfactory
India,Chhattisgarh,Raipur,"Krishak Nagar, Raipur - CECB",2026-07-06 10:00:00,21.237755,81.705301,CO,7.0,17.0,11.0,10,Monday,10.0,Good/Satisfactory
India,Delhi,Delhi,"Bawana, Delhi - DPCC",2026-07-06 10:00:00,28.7762,77.051074,PM10,9.0,157.0,88.0,10,Monday,148.0,Moderate
India,Delhi,Delhi,"Bawana, Delhi - DPCC",2026-07-06 10:00:00,28.7762,77.051074,CO,49.0,64.0,55.0,10,Monday,15.0,Moderate
India,Delhi,Delhi,"Dr. Karni Singh Shooting Range, Delhi - DPCC",2026-07-06 10:00:00,28.498571,77.26484,PM2.5,8.0,92.0,43.0,10,Monday,84.0,Moderate
India,Delhi,Delhi,"Vivek Vihar, Delhi - DPCC",2026-07-06 10:00:00,28.672342,77.31526,SO2,4.0,10.0,7.0,10,Monday,6.0,Good/Satisfactory
India,Delhi,Delhi,"Vivek Vihar, Delhi - DPCC",2026-07-06 10:00:00,28.672342,77.31526,OZONE,26.0,48.0,35.0,10,Monday,22.0,Good/Satisfactory
India,Delhi,Delhi,"North Campus, DU, Delhi - IITM",2026-07-06 10:00:00,28.6573814,77.1585447,NO2,14.0,66.0,36.0,10,Monday,52.0,Good/Satisfactory
India,Delhi,Delhi,"North Campus, DU, Delhi - IITM",2026-07-06 10:00:00,28.6573814,77.1585447,NH3,5.0,12.0,8.5,10,Monday,7.0,Good/Satisfactory
India,Delhi,Delhi,"Rohini, Delhi - DPCC",2026-07-06 10:00:00,28.732528,77.11992,OZONE,2.0,3.0,3.0,10,Monday,1.0,Good/Satisfactory
India,Delhi,Delhi,"Okhla Phase-2, Delhi - DPCC",2026-07-06 10:00:00,28.530785,77.271255,PM10,13.0,130.0,84.0,10,Monday,117.0,Moderate
India,Delhi,Delhi,"IMD Lodhi Road, Delhi - IITM",2026-07-06 10:00:00,28.5918245,77.2273074,PM2.5,11.0,102.0,51.0,10,Monday,91.0,Moderate
India,Delhi,Delhi,"IMD Lodhi Road, Delhi - IITM",2026-07-06 10:00:00,28.5918245,77.2273074,NH3,5.0,12.0,8.5,10,Monday,7.0,Good/Satisfactory
India,Delhi,Delhi,"IMD Lodhi Road, Delhi - IITM",2026-07-06 10:00:00,28.5918245,77.2273074,OZONE,8.0,69.0,26.0,10,Monday,61.0,Good/Satisfactory
India,Delhi,Delhi,"NSIT Dwarka, Delhi - CPCB",2026-07-06 10:00:00,28.60909,77.0325413,SO2,11.0,22.0,15.0,10,Monday,11.0,Good/Satisfactory
India,Delhi,Delhi,"NSIT Dwarka, Delhi - CPCB",2026-07-06 10:00:00,28.60909,77.0325413,CO,28.0,62.0,41.0,10,Monday,34.0,Good/Satisfactory
India,Delhi,Delhi,"Ashok Vihar, Delhi - DPCC",2026-07-06 10:00:00,28.695381,77.181665,NH3,7.0,16.0,10.0,10,Monday,9.0,Good/Satisfactory
India,Delhi,Delhi,"Ashok Vihar, Delhi - DPCC",2026-07-06 10:00:00,28.695381,77.181665,SO2,9.0,16.0,12.0,10,Monday,7.0,Good/Satisfactory
India,Delhi,Delhi,"R K Puram, Delhi - DPCC",2026-07-06 10:00:00,28.563262,77.186937,PM10,14.0,119.0,78.0,10,Monday,105.0,Moderate
India,Delhi,Delhi,"R K Puram, Delhi - DPCC",2026-07-06 10:00:00,28.563262,77.186937,NH3,5.0,6.0,6.0,10,Monday,1.0,Good/Satisfactory
India,Delhi,Delhi,"Dwarka-Sector 8, Delhi - DPCC ",2026-07-06 10:00:00,28.5710274,77.0719006,PM2.5,3.0,65.0,34.0,10,Monday,62.0,Moderate
India,Delhi,Delhi,"Dwarka-Sector 8, Delhi - DPCC ",2026-07-06 10:00:00,28.5710274,77.0719006,NO2,10.0,66.0,33.0,10,Monday,56.0,Good/Satisfactory
India,Delhi,Delhi,"Chandni Chowk, Delhi - IITM",2026-07-06 10:00:00,28.656756,77.227234,NH3,5.0,17.0,11.0,10,Monday,12.0,Good/Satisfactory
India,Delhi,Delhi,"Punjabi Bagh, Delhi - DPCC",2026-07-06 10:00:00,28.674045,77.131023,SO2,32.0,47.0,42.0,10,Monday,15.0,Good/Satisfactory
India,Delhi,Delhi,"Mundka, Delhi - DPCC",2026-07-06 10:00:00,28.684678,77.076574,PM10,35.0,175.0,93.0,10,Monday,140.0,Moderate
India,Delhi,Delhi,"Mundka, Delhi - DPCC",2026-07-06 10:00:00,28.684678,77.076574,OZONE,2.0,6.0,3.0,10,Monday,4.0,Good/Satisfactory
India,Delhi,Delhi,"Najafgarh, Delhi - DPCC",2026-07-06 10:00:00,28.570173,76.933762,NO2,14.0,69.0,34.0,10,Monday,55.0,Good/Satisfactory
India,Delhi,Delhi,"IHBAS, Dilshad Garden, Delhi - CPCB",2026-07-06 10:00:00,28.6811736,77.3025234,NH3,3.0,3.0,3.0,10,Monday,0.0,Good/Satisfactory
India,Delhi,Delhi,"IHBAS, Dilshad Garden, Delhi - CPCB",2026-07-06 10:00:00,28.6811736,77.3025234,CO,27.0,130.0,112.0,10,Monday,103.0,Poor/Severe
India,Delhi,Delhi,"Jahangirpuri, Delhi - DPCC",2026-07-06 10:00:00,28.73282,77.170633,NH3,1.0,8.0,5.0,10,Monday,7.0,Good/Satisfactory
India,Delhi,Delhi,"Jahangirpuri, Delhi - DPCC",2026-07-06 10:00:00,28.73282,77.170633,OZONE,3.0,23.0,10.0,10,Monday,20.0,Good/Satisfactory
India,Delhi,Delhi,"Aya Nagar, Delhi - IITM",2026-07-06 10:00:00,28.4706914,77.1099364,CO,42.0,50.0,46.0,10,Monday,8.0,Good/Satisfactory
India,Delhi,Delhi,"Pusa, Delhi - IITM",2026-07-06 10:00:00,28.63611,77.173332,PM10,23.0,141.0,77.0,10,Monday,118.0,Moderate
India,Delhi,Delhi,"Mandir Marg, Delhi - DPCC",2026-07-06 10:00:00,28.636429,77.201067,PM10,40.0,178.0,93.0,10,Monday,138.0,Moderate
India,Delhi,Delhi,"Patparganj, Delhi - DPCC",2026-07-06 10:00:00,28.623763,77.287209,SO2,9.0,15.0,13.0,10,Monday,6.0,Good/Satisfactory
India,Delhi,Delhi,"Patparganj, Delhi - DPCC",2026-07-06 10:00:00,28.623763,77.287209,CO,25.0,31.0,28.0,10,Monday,6.0,Good/Satisfactory
India,Delhi,Delhi,"Nehru Nagar, Delhi - DPCC",2026-07-06 10:00:00,28.56789,77.250515,NO2,22.0,72.0,41.0,10,Monday,50.0,Good/Satisfactory
India,Delhi,Delhi,"Major Dhyan Chand National Stadium, Delhi - DPCC",2026-07-06 10:00:00,28.611281,77.237738,NH3,9.0,14.0,11.0,10,Monday,5.0,Good/Satisfactory
India,Delhi,Delhi,"Major Dhyan Chand National Stadium, Delhi - DPCC",2026-07-06 10:00:00,28.611281,77.237738,CO,12.0,19.0,17.0,10,Monday,7.0,Good/Satisfactory
India,Delhi,Delhi,"NSUT Jaffarpur, Delhi - DPCC",2026-07-06 10:00:00,28.594004,76.909423,PM10,34.0,130.0,77.0,10,Monday,96.0,Moderate
India,Jharkhand,Jorapokhar,"Tata Stadium, Jorapokhar - JSPCB",2026-07-06 10:00:00,23.707909,86.41467,OZONE,2.0,3.0,3.0,10,Monday,1.0,Good/Satisfactory
India,Karnataka,Bagalkot,"Vidayagiri, Bagalkot - KSPCB",2026-07-06 10:00:00,16.172806,75.659694,NH3,1.0,1.0,1.0,10,Monday,0.0,Good/Satisfactory
India,Karnataka,Bengaluru,"BTM Layout, Bengaluru - CPCB",2026-07-06 10:00:00,12.9135218,77.5950804,NH3,4.0,4.0,4.0,10,Monday,0.0,Good/Satisfactory
India,Karnataka,Bengaluru,"Hombegowda Nagar, Bengaluru - KSPCB",2026-07-06 10:00:00,12.938539,77.5901,SO2,4.0,11.0,6.0,10,Monday,7.0,Good/Satisfactory
India,Karnataka,Bengaluru,"Jayanagar 5th Block, Bengaluru - KSPCB",2026-07-06 10:00:00,12.920984,77.584908,PM10,22.0,355.0,83.0,10,Monday,333.0,Moderate
India,Karnataka,Bengaluru,"Jayanagar 5th Block, Bengaluru - KSPCB",2026-07-06 10:00:00,12.920984,77.584908,NH3,1.0,1.0,1.0,10,Monday,0.0,Good/Satisfactory
India,Karnataka,Bengaluru,"Jayanagar 5th Block, Bengaluru - KSPCB",2026-07-06 10:00:00,12.920984,77.584908,SO2,15.0,30.0,22.0,10,Monday,15.0,Good/Satisfactory
India,Karnataka,Bengaluru,"Silk Board, Bengaluru - KSPCB",2026-07-06 10:00:00,12.917348,77.622813,PM2.5,9.0,46.0,26.0,10,Monday,37.0,Good/Satisfactory
India,Karnataka,Bengaluru,"Silk Board, Bengaluru - KSPCB",2026-07-06 10:00:00,12.917348,77.622813,NH3,3.0,4.0,3.0,10,Monday,1.0,Good/Satisfactory
India,Karnataka,Bengaluru,"Silk Board, Bengaluru - KSPCB",2026-07-06 10:00:00,12.917348,77.622813,SO2,3.0,10.0,6.0,10,Monday,7.0,Good/Satisfactory
India,Karnataka,Bengaluru,"Silk Board, Bengaluru - KSPCB",2026-07-06 10:00:00,12.917348,77.622813,OZONE,21.0,26.0,24.0,10,Monday,5.0,Good/Satisfactory
India,Karnataka,Bengaluru,"Hebbal, Bengaluru - KSPCB",2026-07-06 10:00:00,13.029152,77.585901,PM2.5,3.0,20.0,10.0,10,Monday,17.0,Good/Satisfactory
India,Karnataka,Bengaluru,"Hebbal, Bengaluru - KSPCB",2026-07-06 10:00:00,13.029152,77.585901,NH3,2.0,2.0,2.0,10,Monday,0.0,Good/Satisfactory
India,Karnataka,Bengaluru,"Kasturi Nagar, Bengaluru - KSPCB",2026-07-06 10:00:00,13.003872,77.664217,NO2,12.0,19.0,15.0,10,Monday,7.0,Good/Satisfactory
India,Karnataka,Bengaluru,"Bapuji Nagar, Bengaluru - KSPCB",2026-07-06 10:00:00,12.951913,77.539784,PM2.5,17.0,35.0,25.0,10,Monday,18.0,Good/Satisfactory
India,Karnataka,Bengaluru,"Bapuji Nagar, Bengaluru - KSPCB",2026-07-06 10:00:00,12.951913,77.539784,CO,8.0,16.0,11.0,10,Monday,8.0,Good/Satisfactory
India,Karnataka,Bengaluru,"Jigani, Bengaluru - KSPCB",2026-07-06 10:00:00,12.7816279,77.6299145,NO2,19.0,20.0,19.0,10,Monday,1.0,Good/Satisfactory
India,Karnataka,Bengaluru,"Jigani, Bengaluru - KSPCB",2026-07-06 10:00:00,12.7816279,77.6299145,NH3,3.0,3.0,3.0,10,Monday,0.0,Good/Satisfactory
India,Karnataka,Bengaluru,"Jigani, Bengaluru - KSPCB",2026-07-06 10:00:00,12.7816279,77.6299145,OZONE,25.0,26.0,25.0,10,Monday,1.0,Good/Satisfactory
India,Karnataka,Karwar,"KHB Colony, Karwar - KSPCB",2026-07-06 10:00:00,14.816666,74.141003,OZONE,15.0,16.0,16.0,10,Monday,1.0,Good/Satisfactory
India,Karnataka,Koppal,"Diwator Nagar, Koppal - KSPCB",2026-07-06 10:00:00,15.34763,76.181767,PM2.5,17.5,40.0,27.0,10,Monday,22.5,Good/Satisfactory
India,Karnataka,Koppal,"Diwator Nagar, Koppal - KSPCB",2026-07-06 10:00:00,15.34763,76.181767,CO,15.0,19.0,17.0,10,Monday,4.0,Good/Satisfactory
India,Karnataka,Madikeri,"Stuart Hill, Madikeri - KSPCB",2026-07-06 10:00:00,12.415911,75.73505,PM2.5,23.0,54.0,39.0,10,Monday,31.0,Moderate
India,Karnataka,Madikeri,"Stuart Hill, Madikeri - KSPCB",2026-07-06 10:00:00,12.415911,75.73505,SO2,7.0,7.0,7.0,10,Monday,0.0,Good/Satisfactory
India,Karnataka,Mangalore,"Kadri, Mangalore - KSPCB",2026-07-06 10:00:00,12.88925,74.853,NO2,12.0,19.0,15.0,10,Monday,7.0,Good/Satisfactory
India,Karnataka,Mangalore,"Kadri, Mangalore - KSPCB",2026-07-06 10:00:00,12.88925,74.853,NH3,3.0,3.0,3.0,10,Monday,0.0,Good/Satisfactory
India,Karnataka,Mangalore,"Kadri, Mangalore - KSPCB",2026-07-06 10:00:00,12.88925,74.853,CO,15.0,26.0,21.0,10,Monday,11.0,Good/Satisfactory
India,Karnataka,Mysuru,"Hebbal 1st Stage, Mysuru - KSPCB",2026-07-06 10:00:00,12.21041,76.37376,PM10,23.0,88.0,58.0,10,Monday,65.0,Moderate
India,Karnataka,Mysuru,"Hebbal 1st Stage, Mysuru - KSPCB",2026-07-06 10:00:00,12.21041,76.37376,OZONE,8.0,18.0,13.0,10,Monday,10.0,Good/Satisfactory
India,Karnataka,Ramanagara,"Vijay Nagar, Ramanagara - KSPCB",2026-07-06 10:00:00,12.733409,77.298051,PM2.5,18.0,53.0,31.0,10,Monday,35.0,Moderate
India,Karnataka,Ramanagara,"Vijay Nagar, Ramanagara - KSPCB",2026-07-06 10:00:00,12.733409,77.298051,NO2,12.0,19.0,15.0,10,Monday,7.0,Good/Satisfactory
India,Karnataka,Ramanagara,"Vijay Nagar, Ramanagara - KSPCB",2026-07-06 10:00:00,12.733409,77.298051,CO,15.0,46.0,27.0,10,Monday,31.0,Good/Satisfactory
India,Karnataka,Vijayapura,"Ibrahimpur, Vijayapura - KSPCB",2026-07-06 10:00:00,16.802639,75.722694,OZONE,16.0,16.0,16.0,10,Monday,0.0,Good/Satisfactory
India,Karnataka,Yadgir,"Collector Office, Yadgir - KSPCB",2026-07-06 10:00:00,16.7602,77.1428,SO2,7.0,11.0,10.0,10,Monday,4.0,Good/Satisfactory
India,Karnataka,Yadgir,"Collector Office, Yadgir - KSPCB",2026-07-06 10:00:00,16.7602,77.1428,OZONE,21.0,26.0,24.0,10,Monday,5.0,Good/Satisfactory
India,Kerala,Kannur,"Thavakkara, Kannur - Kerala PCB",2026-07-06 10:00:00,11.875,75.3732,PM2.5,35.0,51.0,45.0,10,Monday,16.0,Moderate
India,Kerala,Kannur,"Thavakkara, Kannur - Kerala PCB",2026-07-06 10:00:00,11.875,75.3732,NO2,12.0,14.0,13.0,10,Monday,2.0,Good/Satisfactory
India,Karnataka,Chamarajanagar,"Urban, Chamarajanagar - KSPCB",2026-07-06 10:00:00,11.55358,76.55521,PM2.5,16.0,31.0,29.0,10,Monday,15.0,Good/Satisfactory
India,Karnataka,Chikkamagaluru,"Kalyana Nagara, Chikkamagaluru - KSPCB",2026-07-06 10:00:00,13.328028,75.797056,PM2.5,17.5,40.0,27.0,10,Monday,22.5,Good/Satisfactory
India,Karnataka,Chikkamagaluru,"Kalyana Nagara, Chikkamagaluru - KSPCB",2026-07-06 10:00:00,13.328028,75.797056,NH3,3.0,3.0,3.0,10,Monday,0.0,Good/Satisfactory
India,Karnataka,Chikkamagaluru,"Kalyana Nagara, Chikkamagaluru - KSPCB",2026-07-06 10:00:00,13.328028,75.797056,CO,40.0,41.0,40.0,10,Monday,1.0,Good/Satisfactory
India,Karnataka,Dharwad,"Kalabhavan, Dharwad - KSPCB",2026-07-06 10:00:00,15.459706,75.008381,PM10,53.0,65.0,58.0,10,Monday,12.0,Moderate
India,Karnataka,Dharwad,"Kalabhavan, Dharwad - KSPCB",2026-07-06 10:00:00,15.459706,75.008381,NO2,23.0,26.0,24.0,10,Monday,3.0,Good/Satisfactory
India,Karnataka,Dharwad,"Kalabhavan, Dharwad - KSPCB",2026-07-06 10:00:00,15.459706,75.008381,NH3,5.0,6.0,5.0,10,Monday,1.0,Good/Satisfactory
India,Karnataka,Dharwad,"Kalabhavan, Dharwad - KSPCB",2026-07-06 10:00:00,15.459706,75.008381,CO,16.0,25.0,19.0,10,Monday,9.0,Good/Satisfactory
India,Karnataka,Dharwad,"Kalabhavan, Dharwad - KSPCB",2026-07-06 10:00:00,15.459706,75.008381,OZONE,23.0,24.0,23.0,10,Monday,1.0,Good/Satisfactory
India,Karnataka,Gadag,"Panchal Nagar, Gadag - KSPCB",2026-07-06 10:00:00,15.411456,75.638133,CO,14.0,19.0,15.0,10,Monday,5.0,Good/Satisfactory
India,Karnataka,Gadag,"Panchal Nagar, Gadag - KSPCB",2026-07-06 10:00:00,15.411456,75.638133,OZONE,20.0,20.0,20.0,10,Monday,0.0,Good/Satisfactory
India,Karnataka,Hubballi,"Lingaraj Nagar, Hubballi - KSPCB",2026-07-06 10:00:00,15.3714823,75.1160168,CO,9.0,13.0,11.0,10,Monday,4.0,Good/Satisfactory
India,Karnataka,Kalaburagi,"Mahatma Basaveswar Colony, Kalaburgi - KSPCB",2026-07-06 10:00:00,17.336318,76.847397,NH3,2.0,3.0,3.0,10,Monday,1.0,Good/Satisfactory
India,Karnataka,Karwar,"KHB Colony, Karwar - KSPCB",2026-07-06 10:00:00,14.816666,74.141003,PM2.5,17.5,40.0,27.0,10,Monday,22.5,Good/Satisfactory
India,Haryana,Fatehabad,"Huda Sector, Fatehabad - HSPCB",2026-07-06 10:00:00,29.503664,75.467934,OZONE,18.0,23.0,20.0,10,Monday,5.0,Good/Satisfactory
India,Haryana,Gurugram,"Sector-51, Gurugram - HSPCB",2026-07-06 10:00:00,28.4227,77.0667,PM2.5,13.0,500.0,198.0,10,Monday,487.0,Poor/Severe
India,Haryana,Gurugram,"NISE Gwal Pahari, Gurugram - IITM",2026-07-06 10:00:00,28.422681,77.148944,SO2,8.0,15.0,11.0,10,Monday,7.0,Good/Satisfactory
India,Haryana,Gurugram,"NISE Gwal Pahari, Gurugram - IITM",2026-07-06 10:00:00,28.422681,77.148944,CO,74.0,84.0,81.0,10,Monday,10.0,Moderate
India,Haryana,Gurugram,"Vikas Sadan, Gurugram - HSPCB",2026-07-06 10:00:00,28.4501238,77.0263051,PM2.5,41.0,297.0,125.0,10,Monday,256.0,Poor/Severe
India,Haryana,Gurugram,"Vikas Sadan, Gurugram - HSPCB",2026-07-06 10:00:00,28.4501238,77.0263051,SO2,1.0,6.0,3.0,10,Monday,5.0,Good/Satisfactory
India,Haryana,Gurugram,"Vikas Sadan, Gurugram - HSPCB",2026-07-06 10:00:00,28.4501238,77.0263051,CO,23.0,73.0,44.0,10,Monday,50.0,Good/Satisfactory
India,Haryana,Jind,"Police Lines, Jind - HSPCB",2026-07-06 10:00:00,29.307814,76.337619,PM10,24.0,90.0,50.0,10,Monday,66.0,Good/Satisfactory
India,Haryana,Jind,"Police Lines, Jind - HSPCB",2026-07-06 10:00:00,29.307814,76.337619,NH3,12.0,15.0,13.0,10,Monday,3.0,Good/Satisfactory
India,Haryana,Mandikhera,"General Hospital, Mandikhera(Nuh) - HSPCB",2026-07-06 10:00:00,27.9002,76.9938,PM2.5,49.0,52.0,51.0,10,Monday,3.0,Moderate
India,Haryana,Mandikhera,"General Hospital, Mandikhera(Nuh) - HSPCB",2026-07-06 10:00:00,27.9002,76.9938,OZONE,46.0,49.0,48.0,10,Monday,3.0,Good/Satisfactory
India,Haryana,Manesar,"Sector-2 IMT, Manesar - HSPCB",2026-07-06 10:00:00,28.360699,76.93609,SO2,6.0,38.0,13.0,10,Monday,32.0,Good/Satisfactory
India,Kerala,Kollam,"Polayathode, Kollam - Kerala PCB",2026-07-06 10:00:00,8.8787,76.6073,PM2.5,47.0,77.0,61.0,10,Monday,30.0,Poor/Severe
India,Kerala,Kollam,"Polayathode, Kollam - Kerala PCB",2026-07-06 10:00:00,8.8787,76.6073,PM10,51.0,69.0,59.0,10,Monday,18.0,Moderate
India,Kerala,Kollam,"Polayathode, Kollam - Kerala PCB",2026-07-06 10:00:00,8.8787,76.6073,NH3,1.0,1.0,1.0,10,Monday,0.0,Good/Satisfactory
India,Kerala,Kollam,"Polayathode, Kollam - Kerala PCB",2026-07-06 10:00:00,8.8787,76.6073,SO2,1.0,3.0,2.0,10,Monday,2.0,Good/Satisfactory
India,Kerala,Thiruvananthapuram,"Kariavattom, Thiruvananthapuram - Kerala PCB",2026-07-06 10:00:00,8.5637,76.8865,PM2.5,33.0,36.0,34.0,10,Monday,3.0,Moderate
India,Kerala,Thiruvananthapuram,"Kariavattom, Thiruvananthapuram - Kerala PCB",2026-07-06 10:00:00,8.5637,76.8865,SO2,4.0,4.0,4.0,10,Monday,0.0,Good/Satisfactory
India,Kerala,Thrissur,"Corporation Ground, Thrissur - Kerala PCB",2026-07-06 10:00:00,10.5324,76.2159,NH3,0.0,0.0,0.0,10,Monday,0.0,Good/Satisfactory
India,Kerala,Thrissur,"Corporation Ground, Thrissur - Kerala PCB",2026-07-06 10:00:00,10.5324,76.2159,SO2,0.0,0.0,0.0,10,Monday,0.0,Good/Satisfactory
India,Kerala,Thrissur,"Corporation Ground, Thrissur - Kerala PCB",2026-07-06 10:00:00,10.5324,76.2159,CO,10.0,15.0,13.0,10,Monday,5.0,Good/Satisfactory
India,Kerala,Thrissur,"Corporation Ground, Thrissur - Kerala PCB",2026-07-06 10:00:00,10.5324,76.2159,OZONE,29.0,30.0,29.0,10,Monday,1.0,Good/Satisfactory
India,Madhya Pradesh,Bhopal,"T T Nagar, Bhopal - MPPCB",2026-07-06 10:00:00,23.233584,77.400574,PM2.5,17.0,47.0,30.0,10,Monday,30.0,Good/Satisfactory
India,Madhya Pradesh,Bhopal,"T T Nagar, Bhopal - MPPCB",2026-07-06 10:00:00,23.233584,77.400574,PM10,27.0,63.0,45.0,10,Monday,36.0,Good/Satisfactory
India,Madhya Pradesh,Bhopal,"T T Nagar, Bhopal - MPPCB",2026-07-06 10:00:00,23.233584,77.400574,OZONE,17.0,85.0,29.0,10,Monday,68.0,Good/Satisfactory
India,Madhya Pradesh,Bhopal,"Paryavaran Parisar, Bhopal - MPPCB",2026-07-06 10:00:00,23.210494,77.425409,OZONE,17.0,42.0,22.0,10,Monday,25.0,Good/Satisfactory
India,Madhya Pradesh,Damoh,"Shrivastav Colony, Damoh - MPPCB",2026-07-06 10:00:00,23.81748678,79.446246,PM2.5,1.0,36.0,15.0,10,Monday,35.0,Good/Satisfactory
India,Madhya Pradesh,Dewas,"Bhopal Chauraha, Dewas - MPPCB",2026-07-06 10:00:00,22.9682591,76.064118,PM2.5,12.0,84.0,39.0,10,Monday,72.0,Moderate
India,Madhya Pradesh,Dewas,"Bhopal Chauraha, Dewas - MPPCB",2026-07-06 10:00:00,22.9682591,76.064118,CO,21.0,32.0,26.0,10,Monday,11.0,Good/Satisfactory
India,Madhya Pradesh,Gwalior,"City Center, Gwalior - MPPCB",2026-07-06 10:00:00,26.203442,78.193251,OZONE,22.0,40.0,26.0,10,Monday,18.0,Good/Satisfactory
India,Madhya Pradesh,Gwalior,"Maharaj Bada, Gwalior - MPPCB",2026-07-06 10:00:00,26.200388,78.147714,NH3,3.0,4.0,4.0,10,Monday,1.0,Good/Satisfactory
India,Madhya Pradesh,Gwalior,"Maharaj Bada, Gwalior - MPPCB",2026-07-06 10:00:00,26.200388,78.147714,OZONE,21.0,28.0,24.0,10,Monday,7.0,Good/Satisfactory
India,Madhya Pradesh,Indore,"Residency Area, Indore - IMC",2026-07-06 10:00:00,22.7084,75.8815,NO2,2.0,11.0,7.0,10,Monday,9.0,Good/Satisfactory
India,Madhya Pradesh,Indore,"Airport Area, Indore - IMC",2026-07-06 10:00:00,22.7289,75.8076,NO2,57.0,76.0,68.0,10,Monday,19.0,Moderate
India,Madhya Pradesh,Indore,"Regional Park, Indore - IMC",2026-07-06 10:00:00,22.678,75.8559,CO,21.0,33.0,28.0,10,Monday,12.0,Good/Satisfactory
India,Haryana,Ballabgarh,"Nathu Colony, Ballabgarh - HSPCB",2026-07-06 10:00:00,28.3419248,77.319699,PM10,97.0,325.0,157.0,10,Monday,228.0,Poor/Severe
India,Haryana,Ballabgarh,"Nathu Colony, Ballabgarh - HSPCB",2026-07-06 10:00:00,28.3419248,77.319699,SO2,3.0,5.0,4.0,10,Monday,2.0,Good/Satisfactory
India,Haryana,Bhiwani,"H.B. Colony, Bhiwani - HSPCB",2026-07-06 10:00:00,28.806223,76.141105,PM2.5,133.0,202.0,152.0,10,Monday,69.0,Poor/Severe
India,Haryana,Bhiwani,"H.B. Colony, Bhiwani - HSPCB",2026-07-06 10:00:00,28.806223,76.141105,CO,15.0,18.0,15.0,10,Monday,3.0,Good/Satisfactory
India,Haryana,Dharuhera,"Municipal Corporation Office, Dharuhera -  HSPCB",2026-07-06 10:00:00,28.2068,76.7997,NH3,5.0,10.0,7.0,10,Monday,5.0,Good/Satisfactory
India,Haryana,Faridabad,"Sector 30, Faridabad - HSPCB",2026-07-06 10:00:00,28.4417,77.3217,PM2.5,37.0,70.0,44.0,10,Monday,33.0,Moderate
India,Haryana,Faridabad,"Sector 30, Faridabad - HSPCB",2026-07-06 10:00:00,28.4417,77.3217,SO2,10.0,10.0,10.0,10,Monday,0.0,Good/Satisfactory
India,Haryana,Faridabad,"New Industrial Town, Faridabad - HSPCB",2026-07-06 10:00:00,28.39072,77.30059,PM2.5,27.0,90.0,31.0,10,Monday,63.0,Moderate
India,Haryana,Faridabad,"Sector 11, Faridabad - HSPCB",2026-07-06 10:00:00,28.376058,77.315741,NO2,29.0,34.0,31.0,10,Monday,5.0,Good/Satisfactory
India,Himachal Pradesh,Baddi,"HIMUDA Complex Phase-1, Baddi - HPPCB",2026-07-06 10:00:00,30.943887,76.801991,NO2,8.0,19.0,13.0,10,Monday,11.0,Good/Satisfactory
India,Himachal Pradesh,Baddi,"HIMUDA Complex Phase-1, Baddi - HPPCB",2026-07-06 10:00:00,30.943887,76.801991,NH3,5.0,9.0,7.0,10,Monday,4.0,Good/Satisfactory
India,Himachal Pradesh,Baddi,"HIMUDA Complex Phase-1, Baddi - HPPCB",2026-07-06 10:00:00,30.943887,76.801991,SO2,15.0,22.0,18.0,10,Monday,7.0,Good/Satisfactory
India,Himachal Pradesh,Baddi,"HIMUDA Complex Phase-1, Baddi - HPPCB",2026-07-06 10:00:00,30.943887,76.801991,OZONE,1.0,31.0,13.0,10,Monday,30.0,Good/Satisfactory
India,Jammu and Kashmir,Srinagar,"Rajbagh, Srinagar - JKPCC",2026-07-06 10:00:00,34.066206,74.81982,PM10,31.0,49.0,38.0,10,Monday,18.0,Good/Satisfactory
India,Jammu and Kashmir,Srinagar,"Rajbagh, Srinagar - JKPCC",2026-07-06 10:00:00,34.066206,74.81982,CO,14.0,17.0,16.0,10,Monday,3.0,Good/Satisfactory
India,Jharkhand,Dhanbad,"Sardar Patel Nagar, Dhanbad - JSPCB",2026-07-06 10:00:00,23.80569,86.44268,NO2,84.0,122.0,92.0,10,Monday,38.0,Moderate
India,Jharkhand,Dhanbad,"Sardar Patel Nagar, Dhanbad - JSPCB",2026-07-06 10:00:00,23.80569,86.44268,NH3,3.0,3.0,3.0,10,Monday,0.0,Good/Satisfactory
India,Jharkhand,Jorapokhar,"Tata Stadium, Jorapokhar - JSPCB",2026-07-06 10:00:00,23.707909,86.41467,PM10,48.0,104.0,68.0,10,Monday,56.0,Moderate
India,Haryana,Narnaul,"Shastri Nagar, Narnaul - HSPCB",2026-07-06 10:00:00,28.060249,76.113115,SO2,6.0,7.0,7.0,10,Monday,1.0,Good/Satisfactory
India,Haryana,Panchgaon,"Amity University, Panchgaon - IITM",2026-07-06 10:00:00,28.3153,76.9143,PM2.5,31.0,105.0,66.0,10,Monday,74.0,Poor/Severe
India,Haryana,Panchkula,"Sector-6, Panchkula - HSPCB ",2026-07-06 10:00:00,30.7057778,76.8531805555555,CO,19.0,20.0,19.0,10,Monday,1.0,Good/Satisfactory
India,Haryana,Panipat,"Sector-18, Panipat - HSPCB",2026-07-06 10:00:00,29.432304,76.972765,SO2,35.0,68.0,49.0,10,Monday,33.0,Good/Satisfactory
India,Maharashtra,Nagpur,"Mahal, Nagpur - MPCB",2026-07-06 10:00:00,21.14472,79.107595,CO,12.0,32.0,20.0,10,Monday,20.0,Good/Satisfactory
India,Maharashtra,Nagpur,"Mahal, Nagpur - MPCB",2026-07-06 10:00:00,21.14472,79.107595,OZONE,6.0,15.0,9.0,10,Monday,9.0,Good/Satisfactory
India,Maharashtra,Nagpur,"Opp GPO Civil Lines, Nagpur - MPCB",2026-07-06 10:00:00,21.152875,79.0517531,PM10,4.0,48.0,29.0,10,Monday,44.0,Good/Satisfactory
India,Maharashtra,Nagpur,"Opp GPO Civil Lines, Nagpur - MPCB",2026-07-06 10:00:00,21.152875,79.0517531,NO2,15.0,16.0,16.0,10,Monday,1.0,Good/Satisfactory
India,Maharashtra,Nagpur,"Opp GPO Civil Lines, Nagpur - MPCB",2026-07-06 10:00:00,21.152875,79.0517531,NH3,5.0,5.0,5.0,10,Monday,0.0,Good/Satisfactory
India,Maharashtra,Nagpur,"Opp GPO Civil Lines, Nagpur - MPCB",2026-07-06 10:00:00,21.152875,79.0517531,OZONE,4.0,6.0,5.0,10,Monday,2.0,Good/Satisfactory
India,Maharashtra,Nanded,"Sneh Nagar, Nanded - MPCB",2026-07-06 10:00:00,19.173852,77.296291,NO2,15.0,19.0,17.0,10,Monday,4.0,Good/Satisfactory
India,Maharashtra,Nashik,"MIDC Ambad, Nashik - MPCB",2026-07-06 10:00:00,19.95022,73.73148,NO2,2.0,8.0,5.0,10,Monday,6.0,Good/Satisfactory
India,Maharashtra,Nashik,"Gangapur Road, Nashik - MPCB",2026-07-06 10:00:00,20.0073285,73.7762427,NO2,5.0,5.0,5.0,10,Monday,0.0,Good/Satisfactory
India,Maharashtra,Nashik,"Gangapur Road, Nashik - MPCB",2026-07-06 10:00:00,20.0073285,73.7762427,SO2,1.0,4.0,3.0,10,Monday,3.0,Good/Satisfactory
India,Maharashtra,Nashik,"Pandav Nagari, Nashik - MPCB",2026-07-06 10:00:00,19.9591346,73.7788008,PM10,12.0,22.0,16.0,10,Monday,10.0,Good/Satisfactory
India,Maharashtra,Nashik,"Pandav Nagari, Nashik - MPCB",2026-07-06 10:00:00,19.9591346,73.7788008,CO,7.0,26.0,13.0,10,Monday,19.0,Good/Satisfactory
India,Maharashtra,Nashik,"Hirawadi, Nashik - MPCB",2026-07-06 10:00:00,20.021503,73.813844,NH3,3.0,4.0,4.0,10,Monday,1.0,Good/Satisfactory
India,Maharashtra,Navi Mumbai,"Mahape, Navi Mumbai - MPCB",2026-07-06 10:00:00,19.1135051,73.008978,PM2.5,8.0,30.0,19.0,10,Monday,22.0,Good/Satisfactory
India,Maharashtra,Navi Mumbai,"Mahape, Navi Mumbai - MPCB",2026-07-06 10:00:00,19.1135051,73.008978,CO,11.5,20.0,14.5,10,Monday,8.5,Good/Satisfactory
India,Maharashtra,Navi Mumbai,"Tondare-Taloja, Navi Mumbai - MPCB",2026-07-06 10:00:00,19.063,73.1209,PM2.5,14.0,55.0,30.0,10,Monday,41.0,Good/Satisfactory
India,Maharashtra,Navi Mumbai,"Tondare-Taloja, Navi Mumbai - MPCB",2026-07-06 10:00:00,19.063,73.1209,PM10,27.0,59.0,36.0,10,Monday,32.0,Good/Satisfactory
India,Maharashtra,Navi Mumbai,"Tondare-Taloja, Navi Mumbai - MPCB",2026-07-06 10:00:00,19.063,73.1209,NO2,7.0,14.0,9.0,10,Monday,7.0,Good/Satisfactory
India,Maharashtra,Navi Mumbai,"Tondare-Taloja, Navi Mumbai - MPCB",2026-07-06 10:00:00,19.063,73.1209,NH3,8.0,12.0,10.0,10,Monday,4.0,Good/Satisfactory
India,Madhya Pradesh,Indore,"Regional Park, Indore - IMC",2026-07-06 10:00:00,22.678,75.8559,OZONE,4.0,6.0,5.0,10,Monday,2.0,Good/Satisfactory
India,Madhya Pradesh,Jabalpur,"Marhatal, Jabalpur - MPPCB",2026-07-06 10:00:00,23.168606,79.932247,NO2,17.0,29.0,22.0,10,Monday,12.0,Good/Satisfactory
India,Madhya Pradesh,Jabalpur,"Marhatal, Jabalpur - MPPCB",2026-07-06 10:00:00,23.168606,79.932247,NH3,2.0,2.0,2.0,10,Monday,0.0,Good/Satisfactory
India,Madhya Pradesh,Jabalpur,"Marhatal, Jabalpur - MPPCB",2026-07-06 10:00:00,23.168606,79.932247,CO,25.0,35.0,28.0,10,Monday,10.0,Good/Satisfactory
India,Madhya Pradesh,Katni,"Gole Bazar, Katni - MPPCB",2026-07-06 10:00:00,23.50016,80.23284,NO2,9.0,16.0,13.0,10,Monday,7.0,Good/Satisfactory
India,Madhya Pradesh,Maihar,"Sahilara, Maihar - KJS Cements",2026-07-06 10:00:00,24.2613009,80.7231783,PM10,10.0,93.0,39.0,10,Monday,83.0,Good/Satisfactory
India,Madhya Pradesh,Maihar,"Sahilara, Maihar - KJS Cements",2026-07-06 10:00:00,24.2613009,80.7231783,NO2,12.0,88.0,40.0,10,Monday,76.0,Good/Satisfactory
India,Madhya Pradesh,Maihar,"Sahilara, Maihar - KJS Cements",2026-07-06 10:00:00,24.2613009,80.7231783,NH3,3.0,4.0,4.0,10,Monday,1.0,Good/Satisfactory
India,Madhya Pradesh,Maihar,"Sahilara, Maihar - KJS Cements",2026-07-06 10:00:00,24.2613009,80.7231783,SO2,6.0,6.0,6.0,10,Monday,0.0,Good/Satisfactory
India,Madhya Pradesh,Mandideep,"Sector-D Industrial Area, Mandideep - MPPCB",2026-07-06 10:00:00,23.10844,77.511428,PM10,42.0,111.0,77.0,10,Monday,69.0,Moderate
India,Madhya Pradesh,Pithampur,"Sector-2 Industrial Area, Pithampur - MPPCB",2026-07-06 10:00:00,22.624758,75.675238,SO2,9.0,37.0,19.0,10,Monday,28.0,Good/Satisfactory
India,Madhya Pradesh,Ratlam,"Shasthri Nagar, Ratlam - IPCA Lab",2026-07-06 10:00:00,23.331731,75.045981,NH3,3.0,4.0,4.0,10,Monday,1.0,Good/Satisfactory
India,Madhya Pradesh,Satna,"Bandhavgar Colony, Satna - Birla Cement",2026-07-06 10:00:00,24.58434363,80.8549414,SO2,17.0,18.0,18.0,10,Monday,1.0,Good/Satisfactory
India,Madhya Pradesh,Singrauli,"Suryakiran Bhawan NCL, Singrauli - MPPCB",2026-07-06 10:00:00,24.10897,82.64558,PM10,30.0,107.0,69.0,10,Monday,77.0,Moderate
India,Madhya Pradesh,Singrauli,"Suryakiran Bhawan NCL, Singrauli - MPPCB",2026-07-06 10:00:00,24.10897,82.64558,NO2,50.0,67.0,60.0,10,Monday,17.0,Moderate
India,Madhya Pradesh,Singrauli,"Suryakiran Bhawan NCL, Singrauli - MPPCB",2026-07-06 10:00:00,24.10897,82.64558,CO,7.0,12.0,10.0,10,Monday,5.0,Good/Satisfactory
India,Madhya Pradesh,Ujjain,"Mahashweta Nagar, Ujjain - MPPCB",2026-07-06 10:00:00,23.1633321,75.800225,NH3,7.0,11.0,9.0,10,Monday,4.0,Good/Satisfactory
India,Madhya Pradesh,Ujjain,"Mahashweta Nagar, Ujjain - MPPCB",2026-07-06 10:00:00,23.1633321,75.800225,CO,26.0,33.0,29.0,10,Monday,7.0,Good/Satisfactory
India,Madhya Pradesh,Ujjain,"Mahashweta Nagar, Ujjain - MPPCB",2026-07-06 10:00:00,23.1633321,75.800225,OZONE,42.0,67.0,55.0,10,Monday,25.0,Moderate
India,Maharashtra,Ahmednagar,"Tarakpur, Ahmednagar - MPCB",2026-07-06 10:00:00,19.10122,74.73339,PM10,8.0,42.0,21.0,10,Monday,34.0,Good/Satisfactory
India,Maharashtra,Ahmednagar,"Tarakpur, Ahmednagar - MPCB",2026-07-06 10:00:00,19.10122,74.73339,CO,23.0,50.0,38.0,10,Monday,27.0,Good/Satisfactory
India,Maharashtra,Akola,"Ramdaspeth, Akola - MPCB",2026-07-06 10:00:00,20.719516,77.000253,PM2.5,9.0,38.0,20.0,10,Monday,29.0,Good/Satisfactory
India,Maharashtra,Akola,"Ramdaspeth, Akola - MPCB",2026-07-06 10:00:00,20.719516,77.000253,SO2,4.0,8.0,6.0,10,Monday,4.0,Good/Satisfactory
India,Maharashtra,Akola,"Ramdaspeth, Akola - MPCB",2026-07-06 10:00:00,20.719516,77.000253,OZONE,12.0,21.0,16.0,10,Monday,9.0,Good/Satisfactory
India,Maharashtra,Amravati,"Shri Shivaji Science College, Amravati - MPCB",2026-07-06 10:00:00,20.939198,77.765701,NO2,4.0,14.0,8.0,10,Monday,10.0,Good/Satisfactory
India,Maharashtra,Amravati,"Shri Shivaji Science College, Amravati - MPCB",2026-07-06 10:00:00,20.939198,77.765701,NH3,5.0,6.0,5.0,10,Monday,1.0,Good/Satisfactory
India,Maharashtra,Amravati,"Shri Shivaji Science College, Amravati - MPCB",2026-07-06 10:00:00,20.939198,77.765701,SO2,0.0,2.0,1.0,10,Monday,2.0,Good/Satisfactory
India,Maharashtra,Amravati,"Shivneri Colony, Amravati - MPCB",2026-07-06 10:00:00,20.9402359,77.7895248,OZONE,11.0,14.0,12.0,10,Monday,3.0,Good/Satisfactory
India,Maharashtra,Aurangabad,"MIDC Chilkalthana, Aurangabad - MPCB",2026-07-06 10:00:00,19.87562,75.38731,SO2,4.0,10.0,7.0,10,Monday,6.0,Good/Satisfactory
India,Maharashtra,Aurangabad,"MIDC Chilkalthana, Aurangabad - MPCB",2026-07-06 10:00:00,19.87562,75.38731,OZONE,15.0,26.0,19.0,10,Monday,11.0,Good/Satisfactory
India,Maharashtra,Badlapur,"Katrap, Badlapur - MPCB",2026-07-06 10:00:00,19.16485,73.23409,CO,17.0,23.0,19.0,10,Monday,6.0,Good/Satisfactory
India,Maharashtra,Mira-Bhayandar,"Bhayandar West, Mira-Bhayandar - MPCB",2026-07-06 10:00:00,19.296481,72.840923,SO2,3.0,4.0,4.0,10,Monday,1.0,Good/Satisfactory
India,Maharashtra,Mira-Bhayandar,"Bhayandar West, Mira-Bhayandar - MPCB",2026-07-06 10:00:00,19.296481,72.840923,OZONE,12.0,19.0,14.0,10,Monday,7.0,Good/Satisfactory
India,Maharashtra,Mumbai,"Mazgaon, Mumbai - IITM",2026-07-06 10:00:00,18.96702,72.84214,OZONE,22.0,32.0,27.0,10,Monday,10.0,Good/Satisfactory
India,Maharashtra,Mumbai,"Kandivali West, Mumbai - BMC",2026-07-06 10:00:00,19.215859,72.831718,PM2.5,4.0,17.0,9.0,10,Monday,13.0,Good/Satisfactory
India,Maharashtra,Mumbai,"Kandivali West, Mumbai - BMC",2026-07-06 10:00:00,19.215859,72.831718,NO2,6.0,14.0,8.0,10,Monday,8.0,Good/Satisfactory
India,Maharashtra,Mumbai,"Kandivali West, Mumbai - BMC",2026-07-06 10:00:00,19.215859,72.831718,NH3,2.0,3.0,2.0,10,Monday,1.0,Good/Satisfactory
India,Maharashtra,Mumbai,"Kandivali West, Mumbai - BMC",2026-07-06 10:00:00,19.215859,72.831718,CO,3.0,5.0,4.0,10,Monday,2.0,Good/Satisfactory
India,Maharashtra,Mumbai,"Mindspace-Malad West, Mumbai - MPCB",2026-07-06 10:00:00,19.1878657,72.8304069,PM10,29.0,32.0,30.0,10,Monday,3.0,Good/Satisfactory
India,Maharashtra,Mumbai,"Mindspace-Malad West, Mumbai - MPCB",2026-07-06 10:00:00,19.1878657,72.8304069,CO,11.0,13.0,12.0,10,Monday,2.0,Good/Satisfactory
India,Maharashtra,Mumbai,"Byculla, Mumbai - BMC",2026-07-06 10:00:00,18.9767,72.838,PM10,30.0,71.0,49.0,10,Monday,41.0,Good/Satisfactory
India,Maharashtra,Mumbai,"Kherwadi_Bandra East, Mumbai - MPCB",2026-07-06 10:00:00,19.0632143,72.8456324,PM10,24.0,51.0,35.0,10,Monday,27.0,Good/Satisfactory
India,Maharashtra,Mumbai,"Kherwadi_Bandra East, Mumbai - MPCB",2026-07-06 10:00:00,19.0632143,72.8456324,NH3,4.0,4.0,4.0,10,Monday,0.0,Good/Satisfactory
India,Maharashtra,Mumbai,"Navy Nagar-Colaba, Mumbai - IITM",2026-07-06 10:00:00,18.897756,72.81332,SO2,2.0,32.0,10.0,10,Monday,30.0,Good/Satisfactory
India,Maharashtra,Mumbai,"Mulund West, Mumbai - MPCB",2026-07-06 10:00:00,19.175,72.9419,NO2,15.0,17.0,16.0,10,Monday,2.0,Good/Satisfactory
India,Maharashtra,Jalgaon,"Prabhat Colony, Jalgaon - MPCB",2026-07-06 10:00:00,21.001264,75.565602,OZONE,22.0,38.0,30.0,10,Monday,16.0,Good/Satisfactory
India,Maharashtra,Jalna,"Old MIDC, Jalna - MPCB",2026-07-06 10:00:00,19.854616,75.905894,PM2.5,6.0,17.0,9.0,10,Monday,11.0,Good/Satisfactory
India,Maharashtra,Jalna,"Old MIDC, Jalna - MPCB",2026-07-06 10:00:00,19.854616,75.905894,SO2,2.0,4.0,3.0,10,Monday,2.0,Good/Satisfactory
India,Maharashtra,Jalna,"Old MIDC, Jalna - MPCB",2026-07-06 10:00:00,19.854616,75.905894,OZONE,21.0,36.0,29.0,10,Monday,15.0,Good/Satisfactory
India,Maharashtra,Kalyan,"Khadakpada, Kalyan - MPCB",2026-07-06 10:00:00,19.25292,73.142019,PM10,7.0,33.0,17.0,10,Monday,26.0,Good/Satisfactory
India,Maharashtra,Kalyan,"Khadakpada, Kalyan - MPCB",2026-07-06 10:00:00,19.25292,73.142019,CO,11.5,20.0,14.5,10,Monday,8.5,Good/Satisfactory
India,Maharashtra,Kalyan,"Pimpleshwar Mandir, Kalyan - MPCB",2026-07-06 10:00:00,19.192056,72.9585188,PM10,31.0,87.0,55.0,10,Monday,56.0,Moderate
India,Maharashtra,Kalyan,"Pimpleshwar Mandir, Kalyan - MPCB",2026-07-06 10:00:00,19.192056,72.9585188,CO,11.5,20.0,14.5,10,Monday,8.5,Good/Satisfactory
India,Maharashtra,Kolhapur,"Shivaji University, Kolhapur - MPCB",2026-07-06 10:00:00,16.6870449,74.2505872,PM2.5,6.0,34.0,14.0,10,Monday,28.0,Good/Satisfactory
India,Maharashtra,Kolhapur,"Shivaji University, Kolhapur - MPCB",2026-07-06 10:00:00,16.6870449,74.2505872,NO2,7.0,17.0,12.0,10,Monday,10.0,Good/Satisfactory
India,Maharashtra,Kolhapur,"Shivaji University, Kolhapur - MPCB",2026-07-06 10:00:00,16.6870449,74.2505872,SO2,0.0,1.0,1.0,10,Monday,1.0,Good/Satisfactory
India,Maharashtra,Kolhapur,"Shivaji University, Kolhapur - MPCB",2026-07-06 10:00:00,16.6870449,74.2505872,OZONE,19.0,22.0,21.0,10,Monday,3.0,Good/Satisfactory
India,Maharashtra,Mira-Bhayandar,"Bhayandar West, Mira-Bhayandar - MPCB",2026-07-06 10:00:00,19.296481,72.840923,PM2.5,8.0,28.0,17.0,10,Monday,20.0,Good/Satisfactory
India,Maharashtra,Navi Mumbai,"Sanpada, Navi Mumbai - MPCB",2026-07-06 10:00:00,19.0575752,73.0151367,PM10,15.0,35.0,23.0,10,Monday,20.0,Good/Satisfactory
India,Maharashtra,Navi Mumbai,"Sanpada, Navi Mumbai - MPCB",2026-07-06 10:00:00,19.0575752,73.0151367,NO2,2.0,6.0,3.0,10,Monday,4.0,Good/Satisfactory
India,Maharashtra,Navi Mumbai,"Sanpada, Navi Mumbai - MPCB",2026-07-06 10:00:00,19.0575752,73.0151367,SO2,4.0,4.0,4.0,10,Monday,0.0,Good/Satisfactory
India,Maharashtra,Navi Mumbai,"Sector-2E Kalamboli, Navi Mumbai - MPCB",2026-07-06 10:00:00,19.02579,73.10297,PM10,14.0,110.0,29.0,10,Monday,96.0,Good/Satisfactory
India,Maharashtra,Navi Mumbai,"Kopripada-Vashi, Navi Mumbai - MPCB",2026-07-06 10:00:00,19.090337,73.014232,PM2.5,6.0,23.0,11.0,10,Monday,17.0,Good/Satisfactory
India,Maharashtra,Parbhani,"Masoom Colony, Parbhani - MPCB",2026-07-06 10:00:00,19.265594,76.761463,NO2,26.0,60.0,37.0,10,Monday,34.0,Good/Satisfactory
India,Maharashtra,Parbhani,"Masoom Colony, Parbhani - MPCB",2026-07-06 10:00:00,19.265594,76.761463,OZONE,6.0,8.0,7.0,10,Monday,2.0,Good/Satisfactory
India,Maharashtra,Pimpri-Chinchwad,"Bhosari, Pune - IITM",2026-07-06 10:00:00,18.640051,73.848956,NO2,20.0,39.0,28.0,10,Monday,19.0,Good/Satisfactory
India,Maharashtra,Pimpri-Chinchwad,"Bhosari, Pune - IITM",2026-07-06 10:00:00,18.640051,73.848956,SO2,2.0,6.0,4.0,10,Monday,4.0,Good/Satisfactory
India,Maharashtra,Pimpri-Chinchwad,"Gavalinagar, Pimpri Chinchwad - MPCB",2026-07-06 10:00:00,18.63673,73.82487,PM2.5,20.0,27.0,23.0,10,Monday,7.0,Good/Satisfactory
India,Maharashtra,Pimpri-Chinchwad,"Gavalinagar, Pimpri Chinchwad - MPCB",2026-07-06 10:00:00,18.63673,73.82487,PM10,28.0,37.0,32.0,10,Monday,9.0,Good/Satisfactory
India,Maharashtra,Pimpri-Chinchwad,"Gavalinagar, Pimpri Chinchwad - MPCB",2026-07-06 10:00:00,18.63673,73.82487,NH3,2.0,4.0,3.0,10,Monday,2.0,Good/Satisfactory
India,Maharashtra,Beed,"Bir, Beed - MPCB",2026-07-06 10:00:00,18.988474,75.753873,OZONE,12.0,19.0,16.0,10,Monday,7.0,Good/Satisfactory
India,Maharashtra,Belapur,"CBD Belapur, Belapur - MPCB",2026-07-06 10:00:00,19.0243902,73.0406721,NO2,13.0,34.0,22.0,10,Monday,21.0,Good/Satisfactory
India,Maharashtra,Bhiwandi,"Gokul Nagar, Bhiwandi - MPCB",2026-07-06 10:00:00,19.309073,73.057223,PM2.5,16.0,43.0,30.0,10,Monday,27.0,Good/Satisfactory
India,Maharashtra,Boisar,"Khaira, Boisar - MPCB",2026-07-06 10:00:00,19.786089,72.757971,SO2,13.0,16.0,15.0,10,Monday,3.0,Good/Satisfactory
India,Maharashtra,Boisar,"Khaira, Boisar - MPCB",2026-07-06 10:00:00,19.786089,72.757971,CO,1.0,32.0,15.0,10,Monday,31.0,Good/Satisfactory
India,Maharashtra,Chandrapur,"MIDC Khutala, Chandrapur - MPCB",2026-07-06 10:00:00,19.9775302,79.2337086,NH3,2.0,4.0,3.0,10,Monday,2.0,Good/Satisfactory
India,Maharashtra,Chandrapur,"MIDC Khutala, Chandrapur - MPCB",2026-07-06 10:00:00,19.9775302,79.2337086,CO,37.0,42.0,39.0,10,Monday,5.0,Good/Satisfactory
India,Maharashtra,Dhule,"Deopur, Dhule - MPCB",2026-07-06 10:00:00,20.918946,74.776388,PM2.5,30.0,54.0,39.0,10,Monday,24.0,Moderate
India,Maharashtra,Dombivli,"Kalu Nagar, Dombivli - MPCB",2026-07-06 10:00:00,19.2268427,73.0788456,SO2,0.0,7.0,3.0,10,Monday,7.0,Good/Satisfactory
India,Maharashtra,Hingoli,"Ashta Vinayak Nagar, Hingoli - MPCB",2026-07-06 10:00:00,19.710842,77.151824,PM2.5,2.0,11.0,5.0,10,Monday,9.0,Good/Satisfactory
India,Maharashtra,Mumbai,"Bandra Kurla Complex, Mumbai - MPCB",2026-07-06 10:00:00,19.065931,72.862131,CO,21.0,22.0,21.0,10,Monday,1.0,Good/Satisfactory
India,Maharashtra,Mumbai,"Worli, Mumbai - MPCB",2026-07-06 10:00:00,18.9936162,72.8128113,NH3,0.0,15.0,6.0,10,Monday,15.0,Good/Satisfactory
India,Maharashtra,Mumbai,"Worli, Mumbai - MPCB",2026-07-06 10:00:00,18.9936162,72.8128113,CO,27.0,35.0,29.0,10,Monday,8.0,Good/Satisfactory
India,Maharashtra,Mumbai,"Borivali East, Mumbai - IITM",2026-07-06 10:00:00,19.23241,72.86895,PM10,25.0,41.0,34.0,10,Monday,16.0,Good/Satisfactory
India,Maharashtra,Mumbai,"Deonar, Mumbai - IITM",2026-07-06 10:00:00,19.04946,72.923,NO2,4.0,11.0,7.0,10,Monday,7.0,Good/Satisfactory
India,Maharashtra,Mumbai,"Deonar, Mumbai - IITM",2026-07-06 10:00:00,19.04946,72.923,SO2,4.0,6.0,5.0,10,Monday,2.0,Good/Satisfactory
India,Maharashtra,Mumbai,"Chembur, Mumbai - MPCB",2026-07-06 10:00:00,19.0364585,72.8954371,NH3,12.0,24.0,17.0,10,Monday,12.0,Good/Satisfactory
India,Maharashtra,Mumbai,"Khindipada-Bhandup West, Mumbai - IITM",2026-07-06 10:00:00,19.1653323,72.922099,PM2.5,2.0,10.0,4.0,10,Monday,8.0,Good/Satisfactory
India,Maharashtra,Nagpur,"Ram Nagar, Nagpur - MPCB",2026-07-06 10:00:00,21.143383,79.048912,PM10,10.0,52.0,33.0,10,Monday,42.0,Good/Satisfactory
India,Maharashtra,Nagpur,"Ambazari, Nagpur - MPCB",2026-07-06 10:00:00,21.121801,79.04952,NO2,5.0,30.0,12.0,10,Monday,25.0,Good/Satisfactory
India,Maharashtra,Mumbai,"Mulund West, Mumbai - MPCB",2026-07-06 10:00:00,19.175,72.9419,OZONE,13.5,21.0,16.0,10,Monday,7.5,Good/Satisfactory
India,Maharashtra,Mumbai,"Siddharth Nagar-Worli, Mumbai - IITM",2026-07-06 10:00:00,19.000083,72.813993,NH3,1.0,2.0,2.0,10,Monday,1.0,Good/Satisfactory
India,Maharashtra,Mumbai,"Ghatkopar, Mumbai - BMC",2026-07-06 10:00:00,19.083694,72.920967,PM10,50.0,50.0,50.0,10,Monday,0.0,Good/Satisfactory
India,Maharashtra,Mumbai,"Sewri, Mumbai - BMC",2026-07-06 10:00:00,19.000084,72.85673,PM2.5,8.0,30.0,19.0,10,Monday,22.0,Good/Satisfactory
India,Maharashtra,Mumbai,"Sewri, Mumbai - BMC",2026-07-06 10:00:00,19.000084,72.85673,NO2,7.0,17.0,12.0,10,Monday,10.0,Good/Satisfactory
India,Maharashtra,Mumbai,"Sewri, Mumbai - BMC",2026-07-06 10:00:00,19.000084,72.85673,SO2,2.0,6.0,4.0,10,Monday,4.0,Good/Satisfactory
India,Maharashtra,Mumbai,"Chhatrapati Shivaji Intl. Airport (T2), Mumbai - MPCB",2026-07-06 10:00:00,19.10078,72.87462,PM10,18.0,43.5,29.0,10,Monday,25.5,Good/Satisfactory
India,Maharashtra,Mumbai,"Malad West, Mumbai - IITM",2026-07-06 10:00:00,19.19709,72.82204,PM10,12.0,34.0,18.0,10,Monday,22.0,Good/Satisfactory
India,Maharashtra,Mumbai,"Shivaji Nagar, Mumbai - BMC",2026-07-06 10:00:00,19.060498,72.923356,NO2,15.0,15.0,15.0,10,Monday,0.0,Good/Satisfactory
India,Maharashtra,Mumbai,"Shivaji Nagar, Mumbai - BMC",2026-07-06 10:00:00,19.060498,72.923356,NH3,5.0,5.0,5.0,10,Monday,0.0,Good/Satisfactory
India,Odisha,Baripada,"Meher Colony, Baripada - OSPCB",2026-07-06 10:00:00,21.941841,86.728318,CO,12.0,28.0,20.0,10,Monday,16.0,Good/Satisfactory
India,Odisha,Bhubaneswar,"Patia, Bhubaneswar - OSPCB",2026-07-06 10:00:00,20.34652,85.8163,PM10,13.0,44.0,25.0,10,Monday,31.0,Good/Satisfactory
India,Odisha,Bhubaneswar,"Patia, Bhubaneswar - OSPCB",2026-07-06 10:00:00,20.34652,85.8163,SO2,3.0,9.0,6.0,10,Monday,6.0,Good/Satisfactory
India,Odisha,Bhubaneswar,"Patia, Bhubaneswar - OSPCB",2026-07-06 10:00:00,20.34652,85.8163,CO,43.0,51.0,47.0,10,Monday,8.0,Good/Satisfactory
India,Odisha,Bhubaneswar,"Lingraj Mandir, Bhubaneswar - OSPCB",2026-07-06 10:00:00,20.24079,85.836784,CO,40.0,45.0,43.0,10,Monday,5.0,Good/Satisfactory
India,Odisha,Bhubaneswar,"Lingraj Mandir, Bhubaneswar - OSPCB",2026-07-06 10:00:00,20.24079,85.836784,OZONE,39.0,46.0,42.0,10,Monday,7.0,Good/Satisfactory
India,Odisha,Bileipada,"Tata Township, Bileipada - OSPCB",2026-07-06 10:00:00,22.06156703,85.47409613,PM2.5,19.0,58.0,34.0,10,Monday,39.0,Moderate
India,Odisha,Bileipada,"Tata Township, Bileipada - OSPCB",2026-07-06 10:00:00,22.06156703,85.47409613,OZONE,15.0,15.0,15.0,10,Monday,0.0,Good/Satisfactory
India,Odisha,Brajrajnagar,"GM Office, Brajrajnagar - OSPCB",2026-07-06 10:00:00,21.8004996,83.8396977,NH3,4.0,5.0,5.0,10,Monday,1.0,Good/Satisfactory
India,Odisha,Brajrajnagar,"GM Office, Brajrajnagar - OSPCB",2026-07-06 10:00:00,21.8004996,83.8396977,SO2,22.0,25.0,24.0,10,Monday,3.0,Good/Satisfactory
India,Odisha,Byasanagar,"Ferro Chrome Colony, Byasanagar - OSPCB",2026-07-06 10:00:00,20.94185,86.1151,PM2.5,2.0,15.0,5.0,10,Monday,13.0,Good/Satisfactory
India,Odisha,Byasanagar,"Ferro Chrome Colony, Byasanagar - OSPCB",2026-07-06 10:00:00,20.94185,86.1151,SO2,3.0,10.0,7.0,10,Monday,7.0,Good/Satisfactory
India,Odisha,Cuttack,"CDA Area, Cuttack - OSPCB",2026-07-06 10:00:00,20.48891,85.84768,NH3,12.0,22.0,17.0,10,Monday,10.0,Good/Satisfactory
India,Odisha,Cuttack,"CDA Area, Cuttack - OSPCB",2026-07-06 10:00:00,20.48891,85.84768,SO2,3.0,9.0,7.0,10,Monday,6.0,Good/Satisfactory
India,Odisha,Cuttack,"CDA Area, Cuttack - OSPCB",2026-07-06 10:00:00,20.48891,85.84768,OZONE,21.0,38.0,29.0,10,Monday,17.0,Good/Satisfactory
India,Odisha,Keonjhar,"Jagamohanpur, Keonjhar - OSPCB",2026-07-06 10:00:00,21.6439,85.599355,PM2.5,15.0,21.0,18.0,10,Monday,6.0,Good/Satisfactory
India,Odisha,Keonjhar,"Jagamohanpur, Keonjhar - OSPCB",2026-07-06 10:00:00,21.6439,85.599355,NH3,2.0,3.0,2.0,10,Monday,1.0,Good/Satisfactory
India,Odisha,Rourkela,"Raghunathpali, Rourkela - OSPCB",2026-07-06 10:00:00,22.220833,84.809444,NO2,15.0,15.0,15.0,10,Monday,0.0,Good/Satisfactory
India,Odisha,Rourkela,"Raghunathpali, Rourkela - OSPCB",2026-07-06 10:00:00,22.220833,84.809444,NH3,1.0,2.0,2.0,10,Monday,1.0,Good/Satisfactory
India,Rajasthan,Hanumangarh,"Housing Board, Hanumangarh - RSPCB",2026-07-06 10:00:00,29.61075,74.283608,CO,25.0,35.0,29.0,10,Monday,10.0,Good/Satisfactory
India,Rajasthan,Jaipur,"Mansarovar Sector-12, Jaipur - RSPCB",2026-07-06 10:00:00,26.843698,75.766894,PM10,33.0,103.0,58.0,10,Monday,70.0,Moderate
India,Rajasthan,Jaipur,"Mansarovar Sector-12, Jaipur - RSPCB",2026-07-06 10:00:00,26.843698,75.766894,NO2,6.0,30.0,15.0,10,Monday,24.0,Good/Satisfactory
India,Rajasthan,Jaipur,"Sector-2 Murlipura, Jaipur - RSPCB",2026-07-06 10:00:00,26.960669,75.771817,NO2,7.0,52.0,24.0,10,Monday,45.0,Good/Satisfactory
India,Rajasthan,Jaipur,"Police Commissionerate, Jaipur - RSPCB",2026-07-06 10:00:00,26.9164092,75.7994901,SO2,3.0,6.5,4.0,10,Monday,3.5,Good/Satisfactory
India,Rajasthan,Jaipur,"Police Commissionerate, Jaipur - RSPCB",2026-07-06 10:00:00,26.9164092,75.7994901,OZONE,25.0,25.0,25.0,10,Monday,0.0,Good/Satisfactory
India,Rajasthan,Jaipur,"Shastri Nagar, Jaipur - RSPCB",2026-07-06 10:00:00,26.9502929,75.730943,CO,23.0,52.0,38.0,10,Monday,29.0,Good/Satisfactory
India,Rajasthan,Jaipur,"Shastri Nagar, Jaipur - RSPCB",2026-07-06 10:00:00,26.9502929,75.730943,OZONE,39.0,60.0,48.0,10,Monday,21.0,Good/Satisfactory
India,Rajasthan,Jaipur,"RIICO Sitapura, Jaipur - RSPCB",2026-07-06 10:00:00,26.786682,75.827928,PM10,2.0,89.0,34.0,10,Monday,87.0,Good/Satisfactory
India,Rajasthan,Jaisalmer,"Sadar Bazar, Jaisalmer - RSPCB",2026-07-06 10:00:00,26.912329,70.909168,PM2.5,18.0,82.0,48.0,10,Monday,64.0,Moderate
India,Rajasthan,Jaisalmer,"Sadar Bazar, Jaisalmer - RSPCB",2026-07-06 10:00:00,26.912329,70.909168,CO,8.0,16.0,12.0,10,Monday,8.0,Good/Satisfactory
India,Rajasthan,Jalore,"Mudtra Sili, Jalore - RSPCB",2026-07-06 10:00:00,25.344694,72.626208,NO2,7.0,29.0,13.0,10,Monday,22.0,Good/Satisfactory
India,Rajasthan,Jalore,"Mudtra Sili, Jalore - RSPCB",2026-07-06 10:00:00,25.344694,72.626208,SO2,2.0,4.0,3.0,10,Monday,2.0,Good/Satisfactory
India,Rajasthan,Jhalawar,"Rajlaxmi Nagar, Jhalawar - RSPCB",2026-07-06 10:00:00,24.588397,76.172782,NO2,42.0,74.0,59.0,10,Monday,32.0,Moderate
India,Rajasthan,Jhalawar,"Rajlaxmi Nagar, Jhalawar - RSPCB",2026-07-06 10:00:00,24.588397,76.172782,NH3,3.0,5.0,4.0,10,Monday,2.0,Good/Satisfactory
India,Maharashtra,Ulhasnagar,"Sidhi Vinayak Nagar, Ulhasnagar - MPCB",2026-07-06 10:00:00,19.235581,73.159121,PM10,18.0,50.0,29.0,10,Monday,32.0,Good/Satisfactory
India,Maharashtra,Virar,"Bolinj, Virar - MPCB",2026-07-06 10:00:00,19.445821,72.7988231,PM10,18.0,43.5,29.0,10,Monday,25.5,Good/Satisfactory
India,Meghalaya,Shillong,"JN Stadium, Shillong - Meghalaya PCB",2026-07-06 10:00:00,25.5803419,91.8942571,NO2,1.0,4.0,2.0,10,Monday,3.0,Good/Satisfactory
India,Meghalaya,Shillong,"JN Stadium, Shillong - Meghalaya PCB",2026-07-06 10:00:00,25.5803419,91.8942571,NH3,0.0,0.0,0.0,10,Monday,0.0,Good/Satisfactory
India,Mizoram,Aizawl,"Sikulpuikawn, Aizawl - Mizoram PCB",2026-07-06 10:00:00,23.7176342,92.7192841,OZONE,5.0,7.0,6.0,10,Monday,2.0,Good/Satisfactory
India,Nagaland,Kohima,"PWD Junction, Kohima - NPCB",2026-07-06 10:00:00,25.6635413,94.0989878,PM2.5,1.0,21.0,10.0,10,Monday,20.0,Good/Satisfactory
India,Odisha,Angul,"Hakimapada, Angul - OSPCB",2026-07-06 10:00:00,20.832874,85.104082,SO2,10.0,15.0,12.0,10,Monday,5.0,Good/Satisfactory
India,Odisha,Balasore,"Kalidaspur, Balasore - OSPCB",2026-07-06 10:00:00,21.51161,86.89088,PM2.5,2.0,23.0,7.0,10,Monday,21.0,Good/Satisfactory
India,Odisha,Balasore,"Kalidaspur, Balasore - OSPCB",2026-07-06 10:00:00,21.51161,86.89088,NO2,1.0,28.0,6.0,10,Monday,27.0,Good/Satisfactory
India,Odisha,Barbil,"Forest Office, Barbil - OSPCB",2026-07-06 10:00:00,22.1166054,85.3945546,NO2,1.0,5.0,3.0,10,Monday,4.0,Good/Satisfactory
India,Odisha,Baripada,"Meher Colony, Baripada - OSPCB",2026-07-06 10:00:00,21.941841,86.728318,PM2.5,4.0,6.0,5.0,10,Monday,2.0,Good/Satisfactory
India,Maharashtra,Pune,"Hadapsar, Pune - IITM",2026-07-06 10:00:00,18.501793,73.927532,SO2,2.0,6.0,4.0,10,Monday,4.0,Good/Satisfactory
India,Maharashtra,Pune,"Dhankawadi, Pune - IITM",2026-07-06 10:00:00,18.459883,73.852193,PM2.5,7.0,41.0,19.0,10,Monday,34.0,Good/Satisfactory
India,Maharashtra,Pune,"Dhankawadi, Pune - IITM",2026-07-06 10:00:00,18.459883,73.852193,PM10,18.0,37.0,27.0,10,Monday,19.0,Good/Satisfactory
India,Maharashtra,Pune,"Dhankawadi, Pune - IITM",2026-07-06 10:00:00,18.459883,73.852193,CO,11.5,20.0,14.5,10,Monday,8.5,Good/Satisfactory
India,Maharashtra,Pune,"Revenue Colony-Shivajinagar, Pune - IITM",2026-07-06 10:00:00,18.530085,73.849598,NO2,16.0,46.0,29.0,10,Monday,30.0,Good/Satisfactory
India,Maharashtra,Sangli,"Vijay Nagar, Sangli - MPCB",2026-07-06 10:00:00,16.5038,74.3623,PM2.5,6.0,22.0,13.0,10,Monday,16.0,Good/Satisfactory
India,Maharashtra,Satara," Koyana Nagar, Satara - MPCB",2026-07-06 10:00:00,17.696651,74.003387,SO2,0.0,3.0,1.0,10,Monday,3.0,Good/Satisfactory
India,Maharashtra,Solapur,"Ratandeep Housing Society, Solapur - MPCB",2026-07-06 10:00:00,17.65439,75.90649,PM10,29.0,64.0,40.0,10,Monday,35.0,Good/Satisfactory
India,Maharashtra,Solapur,"Ratandeep Housing Society, Solapur - MPCB",2026-07-06 10:00:00,17.65439,75.90649,OZONE,19.0,31.0,25.0,10,Monday,12.0,Good/Satisfactory
India,Maharashtra,Thane,"Kasarvadavali, Thane - MPCB",2026-07-06 10:00:00,19.26777,72.97182,SO2,2.0,3.0,2.0,10,Monday,1.0,Good/Satisfactory
India,Maharashtra,Thane,"Kasarvadavali, Thane - MPCB",2026-07-06 10:00:00,19.26777,72.97182,OZONE,25.0,26.0,25.0,10,Monday,1.0,Good/Satisfactory
India,Maharashtra,Ulhasnagar,"Vithalwadi, Ulhasnagar - MPCB",2026-07-06 10:00:00,19.2307571,73.155192,PM2.5,7.0,53.0,24.0,10,Monday,46.0,Good/Satisfactory
India,Maharashtra,Pimpri-Chinchwad,"Gavalinagar, Pimpri Chinchwad - MPCB",2026-07-06 10:00:00,18.63673,73.82487,CO,6.0,7.0,7.0,10,Monday,1.0,Good/Satisfactory
India,Maharashtra,Pimpri-Chinchwad,"Savta Mali Nagar, Pimpri-Chinchwad - IITM",2026-07-06 10:00:00,18.614767,73.799516,PM10,18.0,43.5,29.0,10,Monday,25.5,Good/Satisfactory
India,Maharashtra,Pimpri-Chinchwad,"Savta Mali Nagar, Pimpri-Chinchwad - IITM",2026-07-06 10:00:00,18.614767,73.799516,OZONE,3.0,12.0,7.0,10,Monday,9.0,Good/Satisfactory
India,Maharashtra,Pimpri-Chinchwad,"Thergaon, Pimpri Chinchwad - MPCB",2026-07-06 10:00:00,18.616318,73.765797,NH3,4.0,21.0,10.0,10,Monday,17.0,Good/Satisfactory
India,Maharashtra,Pune,"Mhada Colony, Pune - IITM",2026-07-06 10:00:00,18.57304,73.927715,PM10,16.0,32.0,23.0,10,Monday,16.0,Good/Satisfactory
India,Maharashtra,Pune,"Mhada Colony, Pune - IITM",2026-07-06 10:00:00,18.57304,73.927715,SO2,2.0,6.0,4.0,10,Monday,4.0,Good/Satisfactory
India,Maharashtra,Pune,"Mhada Colony, Pune - IITM",2026-07-06 10:00:00,18.57304,73.927715,OZONE,9.0,16.0,12.0,10,Monday,7.0,Good/Satisfactory
India,Maharashtra,Pune,"Savitribai Phule Pune University, Pune - MPCB",2026-07-06 10:00:00,18.547056,73.826908,PM10,9.0,16.0,11.0,10,Monday,7.0,Good/Satisfactory
India,Maharashtra,Pune,"Savitribai Phule Pune University, Pune - MPCB",2026-07-06 10:00:00,18.547056,73.826908,NO2,7.0,17.0,12.0,10,Monday,10.0,Good/Satisfactory
India,Maharashtra,Pune,"Panchawati_Pashan, Pune - IITM",2026-07-06 10:00:00,18.536457,73.805454,SO2,2.0,6.0,4.0,10,Monday,4.0,Good/Satisfactory
India,Maharashtra,Pune,"Katraj Dairy, Pune - MPCB",2026-07-06 10:00:00,18.45445,73.854155,CO,1.0,8.0,4.0,10,Monday,7.0,Good/Satisfactory
India,Maharashtra,Pune,"Hadapsar, Pune - IITM",2026-07-06 10:00:00,18.501793,73.927532,PM10,21.0,70.0,33.0,10,Monday,49.0,Good/Satisfactory
India,Rajasthan,Jhunjhunu,"Indra Nagar, Jhunjhunu - RSPCB",2026-07-06 10:00:00,28.108988,75.386577,OZONE,39.0,105.0,70.0,10,Monday,66.0,Moderate
India,Rajasthan,Jodhpur,"Samrat Ashok Udhyan, Jodhpur - RSPCB",2026-07-06 10:00:00,26.253384,72.976571,NO2,4.0,60.0,12.0,10,Monday,56.0,Good/Satisfactory
India,Rajasthan,Jodhpur,"Samrat Ashok Udhyan, Jodhpur - RSPCB",2026-07-06 10:00:00,26.253384,72.976571,OZONE,22.0,32.0,28.0,10,Monday,10.0,Good/Satisfactory
India,Rajasthan,Jodhpur,"Jhalamand, Jodhpur - RSPCB",2026-07-06 10:00:00,26.215415,73.070156,NH3,8.0,16.0,11.0,10,Monday,8.0,Good/Satisfactory
India,Rajasthan,Jodhpur,"Mandor, Jodhpur - RSPCB",2026-07-06 10:00:00,26.358805,73.047444,PM2.5,28.0,97.0,55.0,10,Monday,69.0,Moderate
India,Rajasthan,Jodhpur,"Mandor, Jodhpur - RSPCB",2026-07-06 10:00:00,26.358805,73.047444,OZONE,18.0,62.0,34.0,10,Monday,44.0,Good/Satisfactory
India,Rajasthan,Karauli,"Satyawati Vihar, Karauli - RSPCB",2026-07-06 10:00:00,26.506177,77.025989,PM2.5,5.0,24.0,13.0,10,Monday,19.0,Good/Satisfactory
India,Rajasthan,Karauli,"Satyawati Vihar, Karauli - RSPCB",2026-07-06 10:00:00,26.506177,77.025989,CO,7.0,14.0,11.0,10,Monday,7.0,Good/Satisfactory
India,Rajasthan,Khairthal,"New Anaj Mandi, Khairthal - RSPCB",2026-07-06 10:00:00,27.8015617,76.6365217,NH3,3.0,6.0,4.0,10,Monday,3.0,Good/Satisfactory
India,Rajasthan,Khairthal,"New Anaj Mandi, Khairthal - RSPCB",2026-07-06 10:00:00,27.8015617,76.6365217,SO2,4.0,5.0,4.0,10,Monday,1.0,Good/Satisfactory
India,Rajasthan,Kota,"Dhanmandi, Kota - RSPCB",2026-07-06 10:00:00,25.16409,75.858137,NO2,21.0,49.0,30.0,10,Monday,28.0,Good/Satisfactory
India,Rajasthan,Kota,"Dhanmandi, Kota - RSPCB",2026-07-06 10:00:00,25.16409,75.858137,SO2,7.0,54.0,16.0,10,Monday,47.0,Good/Satisfactory
India,Rajasthan,Bhiwadi,"RIICO Ind. Area III, Bhiwadi - RSPCB",2026-07-06 10:00:00,28.194909,76.862296,PM2.5,12.0,67.0,34.0,10,Monday,55.0,Moderate
India,Rajasthan,Bhiwadi,"RIICO Ind. Area III, Bhiwadi - RSPCB",2026-07-06 10:00:00,28.194909,76.862296,NH3,4.0,11.0,8.0,10,Monday,7.0,Good/Satisfactory
India,Rajasthan,Bhiwadi,"Vasundhara Nagar_UIT, Bhiwadi - RSPCB",2026-07-06 10:00:00,28.207266,76.829265,PM10,49.0,151.0,90.0,10,Monday,102.0,Moderate
India,Rajasthan,Bundi,"New Colony, Bundi - RSPCB",2026-07-06 10:00:00,25.435774,75.644272,NO2,23.0,53.0,36.0,10,Monday,30.0,Good/Satisfactory
India,Rajasthan,Bundi,"New Colony, Bundi - RSPCB",2026-07-06 10:00:00,25.435774,75.644272,NH3,4.0,6.0,5.0,10,Monday,2.0,Good/Satisfactory
India,Rajasthan,Bundi,"New Colony, Bundi - RSPCB",2026-07-06 10:00:00,25.435774,75.644272,CO,11.0,17.0,14.0,10,Monday,6.0,Good/Satisfactory
India,Rajasthan,Churu,"Subash Chowk, Churu - RSPCB",2026-07-06 10:00:00,28.296139,74.961696,PM10,26.0,151.0,77.0,10,Monday,125.0,Moderate
India,Rajasthan,Dausa,"Khatikan Mohalla, Dausa - RSPCB",2026-07-06 10:00:00,26.895552,76.334753,SO2,2.0,7.0,3.0,10,Monday,5.0,Good/Satisfactory
India,Rajasthan,Dholpur,"Raja Ganj, Dholpur - RSPCB",2026-07-06 10:00:00,26.699557,77.898881,NO2,4.0,43.0,10.0,10,Monday,39.0,Good/Satisfactory
India,Rajasthan,Dholpur,"Raja Ganj, Dholpur - RSPCB",2026-07-06 10:00:00,26.699557,77.898881,CO,19.0,24.0,21.0,10,Monday,5.0,Good/Satisfactory
India,Rajasthan,Dungarpur,"Bhoiwada, Dungarpur - RSPCB",2026-07-06 10:00:00,23.837789,73.714926,SO2,3.0,6.5,4.0,10,Monday,3.5,Good/Satisfactory
India,Punjab,Mandi Gobindgarh,"RIMT University, Mandi Gobindgarh - PPCB",2026-07-06 10:00:00,30.649961,76.331442,PM2.5,36.0,204.0,98.0,10,Monday,168.0,Poor/Severe
India,Punjab,Rupnagar,"Ratanpura, Rupnagar - Ambuja Cements",2026-07-06 10:00:00,31.0325454,76.5623046,PM10,27.0,157.0,60.0,10,Monday,130.0,Moderate
India,Punjab,Rupnagar,"Ratanpura, Rupnagar - Ambuja Cements",2026-07-06 10:00:00,31.0325454,76.5623046,CO,49.0,63.0,55.0,10,Monday,14.0,Moderate
India,Rajasthan,Ajmer,"Civil Lines,  Ajmer - RSPCB",2026-07-06 10:00:00,26.470859,74.646594,NO2,7.0,38.0,15.0,10,Monday,31.0,Good/Satisfactory
India,Rajasthan,Alwar,"Moti Doongri, Alwar - RSPCB",2026-07-06 10:00:00,27.554793,76.611536,SO2,27.0,45.0,39.0,10,Monday,18.0,Good/Satisfactory
India,Rajasthan,Banswara,"Rati Talai, Banswara - RSPCB",2026-07-06 10:00:00,23.55519,74.44001,NO2,18.0,40.0,26.0,10,Monday,22.0,Good/Satisfactory
India,Rajasthan,Banswara,"Rati Talai, Banswara - RSPCB",2026-07-06 10:00:00,23.55519,74.44001,SO2,5.0,21.0,8.0,10,Monday,16.0,Good/Satisfactory
India,Rajasthan,Barmer,"Railway Colony, Barmer - RSPCB",2026-07-06 10:00:00,25.747299,71.393989,PM2.5,5.0,55.0,27.0,10,Monday,50.0,Good/Satisfactory
India,Rajasthan,Barmer,"Railway Colony, Barmer - RSPCB",2026-07-06 10:00:00,25.747299,71.393989,PM10,79.0,113.0,93.0,10,Monday,34.0,Moderate
India,Odisha,Rourkela,"Sector-2, Rourkela - OSPCB",2026-07-06 10:00:00,22.245,84.88111111,PM10,30.0,48.0,35.0,10,Monday,18.0,Good/Satisfactory
India,Odisha,Suakati,"OMC Colony, Suakati - OSPCB",2026-07-06 10:00:00,21.606865,85.510538,CO,1.0,2.0,2.0,10,Monday,1.0,Good/Satisfactory
India,Odisha,Talcher,"Talcher Coalfields,Talcher - OSPCB",2026-07-06 10:00:00,20.9360711,85.1707021,OZONE,15.0,17.0,16.0,10,Monday,2.0,Good/Satisfactory
India,Punjab,Amritsar,"Golden Temple, Amritsar - PPCB",2026-07-06 10:00:00,31.62,74.876512,NO2,13.0,17.0,16.0,10,Monday,4.0,Good/Satisfactory
India,Punjab,Amritsar,"Golden Temple, Amritsar - PPCB",2026-07-06 10:00:00,31.62,74.876512,NH3,7.0,7.0,7.0,10,Monday,0.0,Good/Satisfactory
India,Punjab,Amritsar,"Golden Temple, Amritsar - PPCB",2026-07-06 10:00:00,31.62,74.876512,CO,23.0,44.0,28.0,10,Monday,21.0,Good/Satisfactory
India,Punjab,Bathinda,"Hardev Nagar, Bathinda - PPCB",2026-07-06 10:00:00,30.233011,74.907758,NO2,28.0,37.0,31.0,10,Monday,9.0,Good/Satisfactory
India,Uttar Pradesh,Agra,"Shahjahan Garden, Agra - UPPCB",2026-07-06 10:00:00,27.169338,78.03582,CO,20.0,20.0,20.0,10,Monday,0.0,Good/Satisfactory
India,Uttar Pradesh,Bareilly,"Civil Lines, Bareilly - UPPCB",2026-07-06 10:00:00,28.359581,79.414455,PM2.5,15.0,39.0,28.0,10,Monday,24.0,Good/Satisfactory
India,Uttar Pradesh,Bareilly,"Civil Lines, Bareilly - UPPCB",2026-07-06 10:00:00,28.359581,79.414455,NO2,8.0,9.0,8.0,10,Monday,1.0,Good/Satisfactory
India,Uttar Pradesh,Bareilly,"Civil Lines, Bareilly - UPPCB",2026-07-06 10:00:00,28.359581,79.414455,SO2,12.0,20.0,15.0,10,Monday,8.0,Good/Satisfactory
India,Uttar Pradesh,Bareilly,"Rajendra Nagar, Bareilly - UPPCB",2026-07-06 10:00:00,28.38910936,79.42963708,NO2,9.0,15.0,10.0,10,Monday,6.0,Good/Satisfactory
India,Uttar Pradesh,Bulandshahr,"Yamunapuram, Bulandshahr - UPPCB",2026-07-06 10:00:00,28.406963,77.849831,SO2,8.0,22.0,13.0,10,Monday,14.0,Good/Satisfactory
India,Uttar Pradesh,Bulandshahr,"Yamunapuram, Bulandshahr - UPPCB",2026-07-06 10:00:00,28.406963,77.849831,CO,34.0,56.0,43.0,10,Monday,22.0,Good/Satisfactory
India,Uttar Pradesh,Firozabad,"Vibhab Nagar, Firozabad - UPPCB",2026-07-06 10:00:00,27.1594,78.3953,NO2,15.0,15.0,15.0,10,Monday,0.0,Good/Satisfactory
India,Uttar Pradesh,Firozabad,"Nagla Bhau, Firozabad - UPPCB",2026-07-06 10:00:00,27.168897,78.37696,SO2,18.0,53.0,28.0,10,Monday,35.0,Good/Satisfactory
India,Uttar Pradesh,Ghaziabad,"Govindpuram, Ghaziabad - UPPCB",2026-07-06 10:00:00,28.694528,77.494705,PM10,17.0,62.0,38.0,10,Monday,45.0,Good/Satisfactory
India,Uttar Pradesh,Ghaziabad,"Govindpuram, Ghaziabad - UPPCB",2026-07-06 10:00:00,28.694528,77.494705,CO,35.0,46.0,41.0,10,Monday,11.0,Good/Satisfactory
India,Uttar Pradesh,Ghaziabad,"Govindpuram, Ghaziabad - UPPCB",2026-07-06 10:00:00,28.694528,77.494705,OZONE,8.0,25.0,12.0,10,Monday,17.0,Good/Satisfactory
India,Uttar Pradesh,Ghaziabad,"Vasundhara, Ghaziabad - UPPCB",2026-07-06 10:00:00,28.6603346,77.3572563,NO2,21.0,69.0,39.0,10,Monday,48.0,Good/Satisfactory
India,Uttar Pradesh,Ghaziabad,"Vasundhara, Ghaziabad - UPPCB",2026-07-06 10:00:00,28.6603346,77.3572563,NH3,9.0,13.0,11.0,10,Monday,4.0,Good/Satisfactory
India,Uttar Pradesh,Ghaziabad,"Vasundhara, Ghaziabad - UPPCB",2026-07-06 10:00:00,28.6603346,77.3572563,OZONE,4.0,42.0,16.0,10,Monday,38.0,Good/Satisfactory
India,Uttar Pradesh,Kanpur,"FTI Kidwai Nagar, Kanpur - UPPCB",2026-07-06 10:00:00,26.428282,80.327067,CO,33.0,34.0,33.0,10,Monday,1.0,Good/Satisfactory
India,Uttar Pradesh,Khora,"Prashant Garden, Khora - UPPCB",2026-07-06 10:00:00,28.61119,77.34206,NO2,26.0,49.0,37.0,10,Monday,23.0,Good/Satisfactory
India,Uttar Pradesh,Khurja,"Kalindi Kunj, Khurja - UPPCB",2026-07-06 10:00:00,28.2348927,77.8683002,PM10,18.0,114.0,60.0,10,Monday,96.0,Moderate
India,Uttar Pradesh,Khurja,"Kalindi Kunj, Khurja - UPPCB",2026-07-06 10:00:00,28.2348927,77.8683002,NO2,12.0,13.0,12.0,10,Monday,1.0,Good/Satisfactory
India,Uttar Pradesh,Lucknow,"Kendriya Vidyalaya, Lucknow - CPCB",2026-07-06 10:00:00,26.906111,80.948222,OZONE,18.0,33.0,23.0,10,Monday,15.0,Good/Satisfactory
India,Uttar Pradesh,Lucknow,"B R Ambedkar University, Lucknow - UPPCB",2026-07-06 10:00:00,26.766433,80.927299,SO2,33.0,84.0,60.0,10,Monday,51.0,Moderate
India,Uttar Pradesh,Lucknow,"Gomti Nagar, Lucknow - UPPCB",2026-07-06 10:00:00,26.86812,81.005119,NO2,9.0,11.0,10.0,10,Monday,2.0,Good/Satisfactory
India,Uttar Pradesh,Lucknow,"Lalbagh, Lucknow - CPCB",2026-07-06 10:00:00,26.8458805,80.9365541,SO2,11.0,12.0,11.0,10,Monday,1.0,Good/Satisfactory
India,Uttar Pradesh,Lucknow,"Lalbagh, Lucknow - CPCB",2026-07-06 10:00:00,26.8458805,80.9365541,CO,19.0,52.0,32.0,10,Monday,33.0,Good/Satisfactory
India,Uttar Pradesh,Lucknow,"Talkatora District Industries Center, Lucknow - CPCB",2026-07-06 10:00:00,26.83399722,80.8917361,PM2.5,18.0,49.0,33.0,10,Monday,31.0,Moderate
India,Uttar Pradesh,Lucknow,"Talkatora District Industries Center, Lucknow - CPCB",2026-07-06 10:00:00,26.83399722,80.8917361,PM10,31.0,57.0,46.0,10,Monday,26.0,Good/Satisfactory
India,Uttar Pradesh,Lucknow,"Talkatora District Industries Center, Lucknow - CPCB",2026-07-06 10:00:00,26.83399722,80.8917361,NO2,23.0,44.0,31.0,10,Monday,21.0,Good/Satisfactory
India,Uttar Pradesh,Lucknow,"Talkatora District Industries Center, Lucknow - CPCB",2026-07-06 10:00:00,26.83399722,80.8917361,CO,21.0,88.0,41.0,10,Monday,67.0,Good/Satisfactory
India,Uttar Pradesh,Ghaziabad,"Sanjay Nagar, Ghaziabad - UPPCB",2026-07-06 10:00:00,28.685382,77.453839,PM10,19.0,107.0,67.0,10,Monday,88.0,Moderate
India,Uttar Pradesh,Ghaziabad,"Sanjay Nagar, Ghaziabad - UPPCB",2026-07-06 10:00:00,28.685382,77.453839,NH3,10.0,20.0,15.0,10,Monday,10.0,Good/Satisfactory
India,Uttar Pradesh,Ghaziabad,"Sanjay Nagar, Ghaziabad - UPPCB",2026-07-06 10:00:00,28.685382,77.453839,SO2,4.0,7.0,6.0,10,Monday,3.0,Good/Satisfactory
India,Uttar Pradesh,Ghaziabad,"Loni, Ghaziabad - UPPCB",2026-07-06 10:00:00,28.757294,77.278792,CO,45.0,45.0,45.0,10,Monday,0.0,Good/Satisfactory
India,Uttar Pradesh,Gorakhpur,"Madan Mohan Malaviya University of Technology, Gorakhpur - UPPCB",2026-07-06 10:00:00,26.730136,83.433859,PM2.5,11.0,74.0,37.0,10,Monday,63.0,Moderate
India,Uttar Pradesh,Gorakhpur,"Madan Mohan Malaviya University of Technology, Gorakhpur - UPPCB",2026-07-06 10:00:00,26.730136,83.433859,SO2,40.0,41.0,41.0,10,Monday,1.0,Good/Satisfactory
India,Uttar Pradesh,Greater Noida,"Knowledge Park - III, Greater Noida - UPPCB",2026-07-06 10:00:00,28.47272,77.482,PM10,23.0,132.0,75.0,10,Monday,109.0,Moderate
India,Uttar Pradesh,Greater Noida,"Knowledge Park - V, Greater Noida - UPPCB",2026-07-06 10:00:00,28.557054,77.453663,OZONE,5.0,53.0,19.0,10,Monday,48.0,Good/Satisfactory
India,Uttar Pradesh,Jhansi,"Shivaji Nagar, Jhansi - UPPCB",2026-07-06 10:00:00,25.4547,78.6039,PM10,11.0,47.0,22.0,10,Monday,36.0,Good/Satisfactory
India,Uttar Pradesh,Kanpur,"Nehru Nagar, Kanpur - UPPCB",2026-07-06 10:00:00,26.4703136,80.3229863,PM2.5,11.0,74.0,37.0,10,Monday,63.0,Moderate
India,Uttar Pradesh,Kanpur,"NSI Kalyanpur, Kanpur - UPPCB",2026-07-06 10:00:00,26.509954,80.249612,PM10,19.0,155.0,39.0,10,Monday,136.0,Good/Satisfactory
India,Tamil Nadu,Chennai,"Royapuram, Chennai - TNPCB",2026-07-06 10:00:00,13.1036,80.2909,PM2.5,36.0,47.0,40.0,10,Monday,11.0,Moderate
India,Tamil Nadu,Chennai,"Royapuram, Chennai - TNPCB",2026-07-06 10:00:00,13.1036,80.2909,NH3,4.0,4.0,4.0,10,Monday,0.0,Good/Satisfactory
India,Tamil Nadu,Cuddalore,"Semmandalam, Cuddalore - TNPCB",2026-07-06 10:00:00,11.7637683,79.7499835,NH3,6.0,6.0,6.0,10,Monday,0.0,Good/Satisfactory
India,Tamil Nadu,Gummidipoondi,"Anthoni Pillai Nagar, Gummidipoondi - TNPCB",2026-07-06 10:00:00,13.4127,80.1081,PM10,44.0,170.0,92.0,10,Monday,126.0,Moderate
India,Tamil Nadu,Thoothukudi,"Meelavittan, Thoothukudi - TNPCB",2026-07-06 10:00:00,8.816428,78.099039,PM2.5,25.0,43.0,37.0,10,Monday,18.0,Moderate
India,Tamil Nadu,Thoothukudi,"Meelavittan, Thoothukudi - TNPCB",2026-07-06 10:00:00,8.816428,78.099039,SO2,5.0,19.0,13.0,10,Monday,14.0,Good/Satisfactory
India,Tamil Nadu,Thoothukudi,"Meelavittan, Thoothukudi - TNPCB",2026-07-06 10:00:00,8.816428,78.099039,CO,24.0,35.0,27.0,10,Monday,11.0,Good/Satisfactory
India,Telangana,Hyderabad,"IDA Pashamylaram, Hyderabad - TSPCB",2026-07-06 10:00:00,17.5316895,78.218939,PM10,25.0,55.0,36.0,10,Monday,30.0,Good/Satisfactory
India,Telangana,Hyderabad,"ECIL Kapra, Hyderabad - TSPCB",2026-07-06 10:00:00,17.470431,78.566959,NH3,3.0,5.0,4.0,10,Monday,2.0,Good/Satisfactory
India,Telangana,Hyderabad,"ECIL Kapra, Hyderabad - TSPCB",2026-07-06 10:00:00,17.470431,78.566959,OZONE,16.0,21.0,17.0,10,Monday,5.0,Good/Satisfactory
India,Telangana,Hyderabad,"Somajiguda, Hyderabad - TSPCB",2026-07-06 10:00:00,17.417094,78.457437,PM2.5,35.0,83.0,45.0,10,Monday,48.0,Moderate
India,Telangana,Hyderabad,"Somajiguda, Hyderabad - TSPCB",2026-07-06 10:00:00,17.417094,78.457437,PM10,44.0,52.0,47.0,10,Monday,8.0,Good/Satisfactory
India,Rajasthan,Kota,"Shrinath Puram, Kota - RSPCB",2026-07-06 10:00:00,25.14389,75.821256,NH3,4.0,8.0,6.0,10,Monday,4.0,Good/Satisfactory
India,Rajasthan,Kota,"Nayapura, Kota - RSPCB",2026-07-06 10:00:00,25.196024,75.855668,NH3,8.0,10.0,9.0,10,Monday,2.0,Good/Satisfactory
India,Rajasthan,Nagaur,"Karni Colony, Nagaur - RSPCB",2026-07-06 10:00:00,27.213494,73.734444,OZONE,28.0,46.0,38.0,10,Monday,18.0,Good/Satisfactory
India,Rajasthan,Pali,"Indira Colony Vistar, Pali - RSPCB",2026-07-06 10:00:00,25.771061,73.340227,NO2,27.0,29.0,28.0,10,Monday,2.0,Good/Satisfactory
India,Rajasthan,Rajsamand,"Dhoinda, Rajsamand - RSPCB",2026-07-06 10:00:00,25.03636,73.883502,PM10,2.0,99.0,48.0,10,Monday,97.0,Good/Satisfactory
India,Rajasthan,Sawai Madhopur,"Sahu Nagar, Sawai Madhopur - RSPCB",2026-07-06 10:00:00,26.031443,76.359327,NO2,8.0,31.0,15.0,10,Monday,23.0,Good/Satisfactory
India,Rajasthan,Sikar,"Radhakishan Pura, Sikar - RSPCB",2026-07-06 10:00:00,27.608912,75.153302,PM10,31.0,107.0,70.0,10,Monday,76.0,Moderate
India,Rajasthan,Sirohi,"Vedhaynath Colony, Sirohi - RSPCB",2026-07-06 10:00:00,24.885261,72.857549,CO,14.0,25.0,21.0,10,Monday,11.0,Good/Satisfactory
India,Rajasthan,Sri Ganganagar,"Old City, Sri Ganganagar - RSPCB",2026-07-06 10:00:00,29.931624,73.864511,PM2.5,35.0,68.0,49.0,10,Monday,33.0,Moderate
India,Uttar Pradesh,Meerut,"MIET College, Meerut - UPPCB",2026-07-06 10:00:00,28.972677,77.641018,NH3,4.0,12.0,8.0,10,Monday,8.0,Good/Satisfactory
India,Uttar Pradesh,Meerut,"MIET College, Meerut - UPPCB",2026-07-06 10:00:00,28.972677,77.641018,SO2,0.0,8.0,2.0,10,Monday,8.0,Good/Satisfactory
India,Uttar Pradesh,Meerut,"Pallavpuram Phase 2, Meerut - UPPCB",2026-07-06 10:00:00,29.06351,77.709723,CO,12.0,33.0,22.0,10,Monday,21.0,Good/Satisfactory
India,Uttar Pradesh,Meerut,"Pallavpuram Phase 2, Meerut - UPPCB",2026-07-06 10:00:00,29.06351,77.709723,OZONE,5.0,32.0,13.0,10,Monday,27.0,Good/Satisfactory
India,Uttar Pradesh,Meerut,"Ganga Nagar, Meerut - UPPCB",2026-07-06 10:00:00,28.999264,77.7590354,PM2.5,3.0,57.0,31.0,10,Monday,54.0,Moderate
India,Uttar Pradesh,Meerut,"Ganga Nagar, Meerut - UPPCB",2026-07-06 10:00:00,28.999264,77.7590354,PM10,19.0,108.0,57.0,10,Monday,89.0,Moderate
India,Uttar Pradesh,Meerut,"Ganga Nagar, Meerut - UPPCB",2026-07-06 10:00:00,28.999264,77.7590354,SO2,17.0,28.0,20.0,10,Monday,11.0,Good/Satisfactory
India,Uttar Pradesh,Meerut,"Jai Bhim Nagar, Meerut - UPPCB",2026-07-06 10:00:00,28.9535882,77.7622941,SO2,3.0,6.0,4.0,10,Monday,3.0,Good/Satisfactory
India,Uttar Pradesh,Meerut,"Jai Bhim Nagar, Meerut - UPPCB",2026-07-06 10:00:00,28.9535882,77.7622941,CO,44.0,52.0,48.0,10,Monday,8.0,Good/Satisfactory
India,Uttar Pradesh,Moradabad,"Employment Office, Moradabad - UPPCB",2026-07-06 10:00:00,28.88528,78.7388,CO,22.0,23.0,23.0,10,Monday,1.0,Good/Satisfactory
India,Uttar Pradesh,Moradabad,"Transport Nagar, Moradabad - UPPCB",2026-07-06 10:00:00,28.802625,78.753728,CO,39.0,40.0,39.0,10,Monday,1.0,Good/Satisfactory
India,Uttar Pradesh,Moradabad,"Transport Nagar, Moradabad - UPPCB",2026-07-06 10:00:00,28.802625,78.753728,OZONE,30.0,32.0,31.0,10,Monday,2.0,Good/Satisfactory
India,Rajasthan,Sri Ganganagar,"Old City, Sri Ganganagar - RSPCB",2026-07-06 10:00:00,29.931624,73.864511,NO2,6.0,78.0,24.0,10,Monday,72.0,Good/Satisfactory
India,Rajasthan,Udaipur,"Ashok Nagar, Udaipur - RSPCB",2026-07-06 10:00:00,24.5886166,73.6321397,PM10,22.0,61.0,38.0,10,Monday,39.0,Good/Satisfactory
India,Rajasthan,Udaipur,"Ashok Nagar, Udaipur - RSPCB",2026-07-06 10:00:00,24.5886166,73.6321397,NH3,3.0,8.0,5.0,10,Monday,5.0,Good/Satisfactory
India,Sikkim,Gangtok,"Zero Point GICI, Gangtok - SSPCB",2026-07-06 10:00:00,27.33853,88.614099,PM2.5,11.0,25.0,18.0,10,Monday,14.0,Good/Satisfactory
India,Sikkim,Gangtok,"Zero Point GICI, Gangtok - SSPCB",2026-07-06 10:00:00,27.33853,88.614099,NO2,7.0,8.0,8.0,10,Monday,1.0,Good/Satisfactory
India,Tamil Nadu,Chennai,"Velachery Res. Area, Chennai - CPCB",2026-07-06 10:00:00,13.0052189,80.2398125,NO2,11.0,13.0,12.0,10,Monday,2.0,Good/Satisfactory
India,Tamil Nadu,Chennai,"Velachery Res. Area, Chennai - CPCB",2026-07-06 10:00:00,13.0052189,80.2398125,NH3,3.0,3.0,3.0,10,Monday,0.0,Good/Satisfactory
India,Tamil Nadu,Chennai,"Kodungaiyur, Chennai - TNPCB",2026-07-06 10:00:00,13.1278,80.2642,OZONE,27.0,33.0,30.0,10,Monday,6.0,Good/Satisfactory
India,Tamil Nadu,Chennai,"Perungudi, Chennai - TNPCB",2026-07-06 10:00:00,12.9533,80.2357,PM2.5,5.0,430.0,63.0,10,Monday,425.0,Poor/Severe
India,Telangana,Hyderabad,"Somajiguda, Hyderabad - TSPCB",2026-07-06 10:00:00,17.417094,78.457437,OZONE,22.0,28.0,24.0,10,Monday,6.0,Good/Satisfactory
India,Telangana,Hyderabad,"Sanathnagar, Hyderabad - TSPCB",2026-07-06 10:00:00,17.4559458,78.4332152,PM10,44.5,58.0,53.0,10,Monday,13.5,Moderate
India,Telangana,Hyderabad,"Sanathnagar, Hyderabad - TSPCB",2026-07-06 10:00:00,17.4559458,78.4332152,SO2,3.0,10.0,7.0,10,Monday,7.0,Good/Satisfactory
India,Telangana,Hyderabad,"ICRISAT Patancheru, Hyderabad - TSPCB",2026-07-06 10:00:00,17.5184,78.278777,NH3,3.0,3.5,3.0,10,Monday,0.5,Good/Satisfactory
India,Telangana,Hyderabad,"Ramachandrapuram, Hyderabad - TSPCB",2026-07-06 10:00:00,17.528544,78.286195,PM2.5,29.0,34.0,33.0,10,Monday,5.0,Moderate
India,Telangana,Hyderabad,"Kompally Municipal Office, Hyderabad - TSPCB",2026-07-06 10:00:00,17.544899,78.486949,PM2.5,39.0,50.0,48.0,10,Monday,11.0,Moderate
India,Telangana,Hyderabad,"Nacharam_TSIIC IALA, Hyderabad - TSPCB",2026-07-06 10:00:00,17.429398,78.569354,OZONE,16.0,16.0,16.0,10,Monday,0.0,Good/Satisfactory
India,Telangana,Hyderabad,"New Malakpet, Hyderabad - TSPCB",2026-07-06 10:00:00,17.37206,78.50864,PM10,45.0,51.0,47.0,10,Monday,6.0,Good/Satisfactory
India,Telangana,Hyderabad,"New Malakpet, Hyderabad - TSPCB",2026-07-06 10:00:00,17.37206,78.50864,OZONE,16.0,17.0,16.0,10,Monday,1.0,Good/Satisfactory
India,Tripura,Agartala,"Bardowali, Agartala - Tripura SPCB",2026-07-06 10:00:00,23.8175497,91.2726974,NO2,15.0,17.0,16.0,10,Monday,2.0,Good/Satisfactory
India,Uttar Pradesh,Agra,"Sanjay Palace, Agra - UPPCB",2026-07-06 10:00:00,27.19865833,78.00598056,NH3,5.0,6.0,6.0,10,Monday,1.0,Good/Satisfactory
India,Uttar Pradesh,Agra,"Manoharpur, Agra - UPPCB",2026-07-06 10:00:00,27.23711,78.01936,PM10,60.0,105.0,75.0,10,Monday,45.0,Moderate
India,Uttar Pradesh,Agra,"Shastripuram, Agra - UPPCB",2026-07-06 10:00:00,27.19862,77.92066,CO,13.0,18.0,15.0,10,Monday,5.0,Good/Satisfactory
India,Uttar Pradesh,Agra,"Rohta, Agra - UPPCB",2026-07-06 10:00:00,27.106972,78.000111,NO2,15.0,15.0,15.0,10,Monday,0.0,Good/Satisfactory
India,Uttar Pradesh,Agra,"Shahjahan Garden, Agra - UPPCB",2026-07-06 10:00:00,27.169338,78.03582,PM2.5,50.0,179.0,85.0,10,Monday,129.0,Poor/Severe
India,Uttar Pradesh,Moradabad,"Jigar Colony, Moradabad - UPPCB",2026-07-06 10:00:00,28.856664,78.772638,NO2,24.0,25.0,25.0,10,Monday,1.0,Good/Satisfactory
India,Uttar Pradesh,Moradabad,"Jigar Colony, Moradabad - UPPCB",2026-07-06 10:00:00,28.856664,78.772638,NH3,6.0,6.0,6.0,10,Monday,0.0,Good/Satisfactory
India,Uttar Pradesh,Moradabad,"Kashiram Nagar, Moradabad - UPPCB",2026-07-06 10:00:00,28.849399,78.742362,PM2.5,8.0,29.0,20.0,10,Monday,21.0,Good/Satisfactory
India,Uttar Pradesh,Moradabad,"Kashiram Nagar, Moradabad - UPPCB",2026-07-06 10:00:00,28.849399,78.742362,SO2,103.0,109.0,105.0,10,Monday,6.0,Poor/Severe
India,Uttar Pradesh,Noida,"Sector - 125, Noida - UPPCB",2026-07-06 10:00:00,28.5447608,77.3231257,NO2,15.0,24.5,19.5,10,Monday,9.5,Good/Satisfactory
India,Uttar Pradesh,Noida,"Sector - 125, Noida - UPPCB",2026-07-06 10:00:00,28.5447608,77.3231257,SO2,1.0,10.0,6.0,10,Monday,9.0,Good/Satisfactory
India,Uttar Pradesh,Noida,"Sector-116, Noida - UPPCB",2026-07-06 10:00:00,28.56923,77.393848,OZONE,2.0,61.0,25.0,10,Monday,59.0,Good/Satisfactory
India,Uttar Pradesh,Prayagraj,"Motilal Nehru NIT, Prayagraj - UPPCB",2026-07-06 10:00:00,25.494,81.863,PM2.5,12.0,22.0,15.0,10,Monday,10.0,Good/Satisfactory
India,Uttar Pradesh,Prayagraj,"Motilal Nehru NIT, Prayagraj - UPPCB",2026-07-06 10:00:00,25.494,81.863,NO2,12.0,12.0,12.0,10,Monday,0.0,Good/Satisfactory
India,Uttar Pradesh,Prayagraj,"Motilal Nehru NIT, Prayagraj - UPPCB",2026-07-06 10:00:00,25.494,81.863,SO2,29.0,32.0,30.0,10,Monday,3.0,Good/Satisfactory
India,Uttar Pradesh,Prayagraj,"Nagar Nigam, Prayagraj - UPPCB",2026-07-06 10:00:00,25.44919916,81.82735986,PM10,8.0,92.0,25.0,10,Monday,84.0,Good/Satisfactory
India,Uttar Pradesh,Prayagraj,"Nagar Nigam, Prayagraj - UPPCB",2026-07-06 10:00:00,25.44919916,81.82735986,NO2,5.0,5.0,5.0,10,Monday,0.0,Good/Satisfactory
India,Uttar Pradesh,Prayagraj,"Jhunsi, Prayagraj - UPPCB",2026-07-06 10:00:00,25.425602,81.917152,NO2,6.0,6.0,6.0,10,Monday,0.0,Good/Satisfactory
India,Uttar Pradesh,Raebareli," Indira Nagar, Raebareli - NTPC Unchahar",2026-07-06 10:00:00,26.207781,81.245571,NH3,8.0,11.0,9.0,10,Monday,3.0,Good/Satisfactory
India,Uttar Pradesh,Varanasi,"Ardhali Bazar, Varanasi - UPPCB",2026-07-06 10:00:00,25.3505986,82.9083074,NO2,15.0,24.5,19.5,10,Monday,9.5,Good/Satisfactory
India,Uttar Pradesh,Varanasi,"Bhelupur, Varanasi - UPPCB",2026-07-06 10:00:00,25.301778,82.996789,SO2,22.0,27.0,25.0,10,Monday,5.0,Good/Satisfactory
India,Uttar Pradesh,Varanasi,"IESD Banaras Hindu University, Varanasi - UPPCB",2026-07-06 10:00:00,25.262326,82.995408,PM2.5,5.0,15.0,11.0,10,Monday,10.0,Good/Satisfactory
India,Uttar Pradesh,Varanasi,"IESD Banaras Hindu University, Varanasi - UPPCB",2026-07-06 10:00:00,25.262326,82.995408,SO2,31.0,45.0,37.0,10,Monday,14.0,Good/Satisfactory
India,Uttar Pradesh,Vrindavan,"Omex Eternity, Vrindavan - UPPCB",2026-07-06 10:00:00,27.571409,77.655757,PM10,22.0,162.0,62.0,10,Monday,140.0,Moderate
India,Uttarakhand,Dehradun,"Doon University, Dehradun - UKPCB",2026-07-06 10:00:00,30.269444,78.044167,PM2.5,1.0,66.0,41.0,10,Monday,65.0,Moderate
India,Uttarakhand,Dehradun,"Doon University, Dehradun - UKPCB",2026-07-06 10:00:00,30.269444,78.044167,PM10,27.0,57.0,41.0,10,Monday,30.0,Good/Satisfactory
India,Uttarakhand,Kashipur,"Govt. Girls Inter College, Kashipur - UKPCB",2026-07-06 10:00:00,29.2124114,78.9611753,NO2,4.0,6.0,4.5,10,Monday,2.0,Good/Satisfactory
India,Uttarakhand,Kashipur,"Govt. Girls Inter College, Kashipur - UKPCB",2026-07-06 10:00:00,29.2124114,78.9611753,SO2,0.5,1.0,1.0,10,Monday,0.5,Good/Satisfactory
India,West Bengal,Asansol,"Evelyn Lodge, Asansol - WBPCB",2026-07-06 10:00:00,23.697936,86.944395,PM10,8.0,17.0,14.0,10,Monday,9.0,Good/Satisfactory
India,West Bengal,Barrackpore,"SVSPA Campus, Barrackpore - WBPCB",2026-07-06 10:00:00,22.7605581,88.3617589,PM10,22.0,34.0,29.0,10,Monday,12.0,Good/Satisfactory
India,West Bengal,Durgapur,"Womens College_City Center, Durgapur - WBPCB",2026-07-06 10:00:00,23.549395,87.300496,SO2,12.0,12.0,12.0,10,Monday,0.0,Good/Satisfactory
India,West Bengal,Durgapur,"PCBL Residential Complex, Durgapur - WBPCB",2026-07-06 10:00:00,23.508764,87.35444,NH3,4.0,4.0,4.0,10,Monday,0.0,Good/Satisfactory
India,West Bengal,Durgapur,"Mahishkapur Road_B-Zone, Durgapur - WBPCB",2026-07-06 10:00:00,23.567923,87.306843,SO2,11.0,11.0,11.0,10,Monday,0.0,Good/Satisfactory
India,West Bengal,Haldia,"Priyambada Housing Estate, Haldia - WBPCB",2026-07-06 10:00:00,22.06047,88.109737,PM10,17.0,39.0,24.0,10,Monday,22.0,Good/Satisfactory
India,West Bengal,Howrah,"Dasnagar, Howrah - WBPCB",2026-07-06 10:00:00,22.6025571,88.3105664,PM10,1.0,29.0,14.0,10,Monday,28.0,Good/Satisfactory
India,West Bengal,Howrah,"Dasnagar, Howrah - WBPCB",2026-07-06 10:00:00,22.6025571,88.3105664,NH3,1.0,1.0,1.0,10,Monday,0.0,Good/Satisfactory
India,West Bengal,Howrah,"Ghusuri, Howrah - WBPCB",2026-07-06 10:00:00,22.611968,88.347422,SO2,6.0,8.0,7.0,10,Monday,2.0,Good/Satisfactory
India,West Bengal,Howrah,"Ghusuri, Howrah - WBPCB",2026-07-06 10:00:00,22.611968,88.347422,CO,21.0,25.0,22.0,10,Monday,4.0,Good/Satisfactory
India,West Bengal,Kolkata,"Rabindra Sarobar, Kolkata - WBPCB",2026-07-06 10:00:00,22.51106,88.35142,OZONE,7.0,12.0,11.0,10,Monday,5.0,Good/Satisfactory
India,West Bengal,Kolkata,"Ballygunge, Kolkata - WBPCB",2026-07-06 10:00:00,22.5367507,88.3638022,CO,7.0,11.0,9.0,10,Monday,4.0,Good/Satisfactory
India,West Bengal,Kolkata,"Ballygunge, Kolkata - WBPCB",2026-07-06 10:00:00,22.5367507,88.3638022,OZONE,11.0,18.0,16.0,10,Monday,7.0,Good/Satisfactory
India,West Bengal,Kolkata,"Victoria, Kolkata - WBPCB",2026-07-06 10:00:00,22.5448082,88.3403691,NO2,17.0,22.0,20.0,10,Monday,5.0,Good/Satisfactory
India,West Bengal,Kolkata,"Victoria, Kolkata - WBPCB",2026-07-06 10:00:00,22.5448082,88.3403691,OZONE,10.0,20.0,13.0,10,Monday,10.0,Good/Satisfactory
India,West Bengal,Kolkata,"Fort William, Kolkata - WBPCB",2026-07-06 10:00:00,22.55664,88.342674,PM10,12.0,22.0,15.0,10,Monday,10.0,Good/Satisfactory
India,West Bengal,Kolkata,"Fort William, Kolkata - WBPCB",2026-07-06 10:00:00,22.55664,88.342674,NO2,16.0,23.0,19.0,10,Monday,7.0,Good/Satisfactory
India,West Bengal,Kolkata,"Fort William, Kolkata - WBPCB",2026-07-06 10:00:00,22.55664,88.342674,SO2,5.0,6.0,5.0,10,Monday,1.0,Good/Satisfactory
India,West Bengal,Kolkata,"Bidhannagar, Kolkata - WBPCB",2026-07-06 10:00:00,22.58157048,88.41002457,PM2.5,14.0,33.0,19.0,10,Monday,19.0,Good/Satisfactory
India,West Bengal,Kolkata,"Bidhannagar, Kolkata - WBPCB",2026-07-06 10:00:00,22.58157048,88.41002457,NO2,13.0,14.0,13.0,10,Monday,1.0,Good/Satisfactory
India,West Bengal,Kolkata,"Jadavpur, Kolkata - WBPCB",2026-07-06 10:00:00,22.49929,88.36917,NH3,13.0,15.0,14.0,10,Monday,2.0,Good/Satisfactory
India,West Bengal,Kolkata,"Jadavpur, Kolkata - WBPCB",2026-07-06 10:00:00,22.49929,88.36917,SO2,5.0,6.0,5.0,10,Monday,1.0,Good/Satisfactory
India,West Bengal,Kolkata,"Jadavpur, Kolkata - WBPCB",2026-07-06 10:00:00,22.49929,88.36917,CO,24.0,26.0,25.0,10,Monday,2.0,Good/Satisfactory
India,West Bengal,Kolkata,"Jadavpur, Kolkata - WBPCB",2026-07-06 10:00:00,22.49929,88.36917,OZONE,7.0,9.0,8.0,10,Monday,2.0,Good/Satisfactory
India,West Bengal,Kolkata,"Rabindra Bharati University, Kolkata - WBPCB",2026-07-06 10:00:00,22.627847,88.380669,NO2,26.0,59.0,41.0,10,Monday,33.0,Good/Satisfactory
India,West Bengal,Kolkata,"Rabindra Bharati University, Kolkata - WBPCB",2026-07-06 10:00:00,22.627847,88.380669,NH3,6.0,8.0,7.0,10,Monday,2.0,Good/Satisfactory
India,West Bengal,Kolkata,"Rabindra Bharati University, Kolkata - WBPCB",2026-07-06 10:00:00,22.627847,88.380669,SO2,5.0,13.0,9.0,10,Monday,8.0,Good/Satisfactory
India,West Bengal,Kolkata,"Rabindra Bharati University, Kolkata - WBPCB",2026-07-06 10:00:00,22.627847,88.380669,CO,32.0,39.0,35.0,10,Monday,7.0,Good/Satisfactory
India,Chandigarh,Chandigarh,"Sector 22, Chandigarh - CPCC",2026-07-06 10:00:00,30.735567,76.775714,NO2,4.0,25.0,9.0,10,Monday,21.0,Good/Satisfactory
India,Chandigarh,Chandigarh,"Sector 22, Chandigarh - CPCC",2026-07-06 10:00:00,30.735567,76.775714,NH3,8.0,27.0,15.0,10,Monday,19.0,Good/Satisfactory
India,Chandigarh,Chandigarh,"Sector 22, Chandigarh - CPCC",2026-07-06 10:00:00,30.735567,76.775714,SO2,2.0,7.0,5.0,10,Monday,5.0,Good/Satisfactory
India,Chandigarh,Chandigarh,"Sector 22, Chandigarh - CPCC",2026-07-06 10:00:00,30.735567,76.775714,CO,55.0,63.0,59.0,10,Monday,8.0,Moderate
India,Chandigarh,Chandigarh,"Sector 22, Chandigarh - CPCC",2026-07-06 10:00:00,30.735567,76.775714,OZONE,10.0,18.0,12.0,10,Monday,8.0,Good/Satisfactory
India,Chhattisgarh,Bhilai,"Civic Center, Bhilai - Bhilai Steel Plant",2026-07-06 10:00:00,21.185571,81.343175,PM2.5,1.0,11.0,4.0,10,Monday,10.0,Good/Satisfactory
India,Chhattisgarh,Bhilai,"Civic Center, Bhilai - Bhilai Steel Plant",2026-07-06 10:00:00,21.185571,81.343175,NH3,1.0,2.0,1.0,10,Monday,1.0,Good/Satisfactory
India,Chhattisgarh,Bhilai,"Civic Center, Bhilai - Bhilai Steel Plant",2026-07-06 10:00:00,21.185571,81.343175,OZONE,10.0,12.0,11.0,10,Monday,2.0,Good/Satisfactory
India,Chhattisgarh,Bhilai,"Hathkhoj, Bhilai - CECB",2026-07-06 10:00:00,21.224231,81.40835,NH3,4.0,5.0,5.0,10,Monday,1.0,Good/Satisfactory
India,Chhattisgarh,Bhilai,"32Bungalows, Bhilai - CECB",2026-07-06 10:00:00,21.194815,81.31477,PM10,4.0,82.0,18.0,10,Monday,78.0,Good/Satisfactory
India,Chhattisgarh,Bhilai,"32Bungalows, Bhilai - CECB",2026-07-06 10:00:00,21.194815,81.31477,CO,4.0,7.0,5.0,10,Monday,3.0,Good/Satisfactory
India,Chhattisgarh,Bhilai,"32Bungalows, Bhilai - CECB",2026-07-06 10:00:00,21.194815,81.31477,OZONE,11.0,14.0,12.0,10,Monday,3.0,Good/Satisfactory
India,Chhattisgarh,Chhal,"Nawapara SECL Colony, Chhal - CECB",2026-07-06 10:00:00,22.118125,83.140608,PM2.5,22.0,25.0,23.0,10,Monday,3.0,Good/Satisfactory
India,Chhattisgarh,Korba,"Rampur, Korba - CECB",2026-07-06 10:00:00,22.368195,82.746431,NO2,5.0,26.0,11.0,10,Monday,21.0,Good/Satisfactory
India,Chhattisgarh,Korba,"Urja Nagar, Korba - CECB",2026-07-06 10:00:00,22.348441,82.549611,NO2,6.0,9.0,7.0,10,Monday,3.0,Good/Satisfactory
India,Chhattisgarh,Korba,"Urja Nagar, Korba - CECB",2026-07-06 10:00:00,22.348441,82.549611,NH3,1.0,1.0,1.0,10,Monday,0.0,Good/Satisfactory
India,Chhattisgarh,Korba,"Urja Nagar, Korba - CECB",2026-07-06 10:00:00,22.348441,82.549611,SO2,4.0,13.0,9.0,10,Monday,9.0,Good/Satisfactory
India,Chhattisgarh,Kunjemura,"OP Jindal School, Kunjemura - CECB",2026-07-06 10:00:00,22.12665,83.483212,SO2,9.0,16.0,13.0,10,Monday,7.0,Good/Satisfactory
India,Assam,Sivasagar,"Girls College, Sivasagar - PCBA",2026-07-06 10:00:00,26.987634,94.636574,NO2,7.0,20.0,12.0,10,Monday,13.0,Good/Satisfactory
India,Assam,Sivasagar,"Girls College, Sivasagar - PCBA",2026-07-06 10:00:00,26.987634,94.636574,CO,16.0,18.0,16.0,10,Monday,2.0,Good/Satisfactory
India,Assam,Sivasagar,"Girls College, Sivasagar - PCBA",2026-07-06 10:00:00,26.987634,94.636574,OZONE,23.0,34.0,28.0,10,Monday,11.0,Good/Satisfactory
India,Bihar,Araria,"Kharahiya Basti, Araria - BSPCB",2026-07-06 10:00:00,26.146529,87.454184,NH3,4.0,5.0,5.0,10,Monday,1.0,Good/Satisfactory
India,Bihar,Arrah,"New DM Office, Arrah - BSPCB",2026-07-06 10:00:00,25.5626095,84.663264,CO,47.0,59.0,52.0,10,Monday,12.0,Moderate
India,Bihar,Begusarai,"Lohiyanagar, Begusarai - BSPCB",2026-07-06 10:00:00,25.42742023,86.13886079,PM2.5,2.0,15.0,9.0,10,Monday,13.0,Good/Satisfactory
India,Bihar,Begusarai,"Lohiyanagar, Begusarai - BSPCB",2026-07-06 10:00:00,25.42742023,86.13886079,SO2,10.0,16.0,13.0,10,Monday,6.0,Good/Satisfactory
India,Bihar,Bettiah,"Kamalnath Nagar, Bettiah - BSPCB",2026-07-06 10:00:00,26.80365,84.51954,NH3,3.0,3.5,3.0,10,Monday,0.5,Good/Satisfactory
India,Bihar,Bhagalpur,"Mayaganj, Bhagalpur - BSPCB",2026-07-06 10:00:00,25.265194,87.012947,PM2.5,20.0,61.0,37.0,10,Monday,41.0,Moderate
India,Bihar,Bhagalpur,"DM Office_Kachari Chowk, Bhagalpur - BSPCB",2026-07-06 10:00:00,25.251013,86.989001,CO,12.0,25.0,19.0,10,Monday,13.0,Good/Satisfactory
India,Bihar,Bihar Sharif,"D M Colony, Bihar Sharif - BSPCB",2026-07-06 10:00:00,25.204762,85.51496,PM2.5,3.0,20.0,10.0,10,Monday,17.0,Good/Satisfactory
India,Bihar,Bihar Sharif,"D M Colony, Bihar Sharif - BSPCB",2026-07-06 10:00:00,25.204762,85.51496,PM10,3.0,15.0,7.0,10,Monday,12.0,Good/Satisfactory
India,Bihar,Bihar Sharif,"D M Colony, Bihar Sharif - BSPCB",2026-07-06 10:00:00,25.204762,85.51496,SO2,5.0,8.0,7.0,10,Monday,3.0,Good/Satisfactory
India,Bihar,Buxar,"Charitra Van, Buxar - BSPCB",2026-07-06 10:00:00,25.56752,83.966379,NH3,3.0,3.0,3.0,10,Monday,0.0,Good/Satisfactory
India,Bihar,Buxar,"Charitra Van, Buxar - BSPCB",2026-07-06 10:00:00,25.56752,83.966379,OZONE,19.0,36.0,26.0,10,Monday,17.0,Good/Satisfactory
India,Bihar,Chhapra,"Darshan Nagar, Chhapra - BSPCB",2026-07-06 10:00:00,25.7808257,84.7446768,PM2.5,73.0,73.0,73.0,10,Monday,0.0,Poor/Severe
India,Bihar,Chhapra,"Darshan Nagar, Chhapra - BSPCB",2026-07-06 10:00:00,25.7808257,84.7446768,SO2,21.0,22.0,21.0,10,Monday,1.0,Good/Satisfactory
India,Bihar,Gaya,"Collectorate, Gaya - BSPCB",2026-07-06 10:00:00,24.7955,84.9994,PM10,26.5,69.0,44.5,10,Monday,42.5,Good/Satisfactory
India,Bihar,Gaya,"Collectorate, Gaya - BSPCB",2026-07-06 10:00:00,24.7955,84.9994,CO,11.0,11.0,11.0,10,Monday,0.0,Good/Satisfactory
India,Bihar,Gaya,"Collectorate, Gaya - BSPCB",2026-07-06 10:00:00,24.7955,84.9994,OZONE,27.0,28.0,28.0,10,Monday,1.0,Good/Satisfactory
India,Bihar,Gaya,"SFTI Kusdihra, Gaya - BSPCB",2026-07-06 10:00:00,24.762518,84.982348,SO2,9.0,10.0,10.0,10,Monday,1.0,Good/Satisfactory
India,Bihar,Gaya,"SFTI Kusdihra, Gaya - BSPCB",2026-07-06 10:00:00,24.762518,84.982348,CO,19.0,28.0,24.0,10,Monday,9.0,Good/Satisfactory
India,Bihar,Gaya,"SFTI Kusdihra, Gaya - BSPCB",2026-07-06 10:00:00,24.762518,84.982348,OZONE,8.0,15.0,11.0,10,Monday,7.0,Good/Satisfactory
India,Bihar,Kishanganj,"SDM Office_Khagra, Kishanganj - BSPCB",2026-07-06 10:00:00,26.0881305,87.93840336,PM10,49.0,79.0,61.0,10,Monday,30.0,Moderate
India,Bihar,Kishanganj,"SDM Office_Khagra, Kishanganj - BSPCB",2026-07-06 10:00:00,26.0881305,87.93840336,NO2,7.0,8.0,7.0,10,Monday,1.0,Good/Satisfactory
India,Bihar,Manguraha,"Forest Rest House, Manguraha - BSPCB",2026-07-06 10:00:00,27.308328,84.531742,PM10,26.5,69.0,44.5,10,Monday,42.5,Good/Satisfactory
India,Bihar,Manguraha,"Forest Rest House, Manguraha - BSPCB",2026-07-06 10:00:00,27.308328,84.531742,SO2,13.0,18.0,16.0,10,Monday,5.0,Good/Satisfactory
India,Bihar,Motihari,"Gandak Colony, Motihari - BSPCB",2026-07-06 10:00:00,26.63086,84.90051,NO2,9.0,13.0,12.0,10,Monday,4.0,Good/Satisfactory
India,Bihar,Motihari,"Gandak Colony, Motihari - BSPCB",2026-07-06 10:00:00,26.63086,84.90051,SO2,6.5,14.5,11.5,10,Monday,8.0,Good/Satisfactory
India,Bihar,Munger,"Town Hall, Munger - BSPCB",2026-07-06 10:00:00,25.376776,86.471523,PM10,26.5,69.0,44.5,10,Monday,42.5,Good/Satisfactory
India,Assam,Byrnihat,"Central Academy for SFS, Byrnihat - PCBA",2026-07-06 10:00:00,26.071318,91.87488,CO,33.0,57.0,49.0,10,Monday,24.0,Good/Satisfactory
India,Assam,Guwahati,"Railway Colony, Guwahati - PCBA",2026-07-06 10:00:00,26.181742,91.78063,PM2.5,16.0,35.0,24.0,10,Monday,19.0,Good/Satisfactory
India,Assam,Guwahati,"IITG, Guwahati - PCBA",2026-07-06 10:00:00,26.2028636,91.70046436,PM2.5,2.0,19.0,8.0,10,Monday,17.0,Good/Satisfactory
India,Assam,Guwahati,"IITG, Guwahati - PCBA",2026-07-06 10:00:00,26.2028636,91.70046436,NH3,4.0,5.0,5.0,10,Monday,1.0,Good/Satisfactory
India,Assam,Guwahati,"LGBI Airport, Guwahati - PCBA",2026-07-06 10:00:00,26.10887,91.589544,PM2.5,17.0,74.0,48.0,10,Monday,57.0,Moderate
India,Assam,Guwahati,"LGBI Airport, Guwahati - PCBA",2026-07-06 10:00:00,26.10887,91.589544,PM10,12.0,59.0,38.0,10,Monday,47.0,Good/Satisfactory
India,Assam,Guwahati,"LGBI Airport, Guwahati - PCBA",2026-07-06 10:00:00,26.10887,91.589544,NO2,14.0,39.0,16.0,10,Monday,25.0,Good/Satisfactory
India,Assam,Guwahati,"LGBI Airport, Guwahati - PCBA",2026-07-06 10:00:00,26.10887,91.589544,NH3,3.0,13.0,4.0,10,Monday,10.0,Good/Satisfactory
India,Assam,Guwahati,"Pan Bazaar, Guwahati - PCBA",2026-07-06 10:00:00,26.1875,91.744194,PM2.5,20.0,500.0,90.0,10,Monday,480.0,Poor/Severe
India,Assam,Guwahati,"Pan Bazaar, Guwahati - PCBA",2026-07-06 10:00:00,26.1875,91.744194,PM10,22.0,500.0,92.0,10,Monday,478.0,Moderate
India,Assam,Guwahati,"Pan Bazaar, Guwahati - PCBA",2026-07-06 10:00:00,26.1875,91.744194,OZONE,14.0,16.0,15.0,10,Monday,2.0,Good/Satisfactory
India,Assam,Nagaon,"Christianpatty, Nagaon - PCBA",2026-07-06 10:00:00,26.349082,92.68449,NO2,1.0,1.0,1.0,10,Monday,0.0,Good/Satisfactory
India,Assam,Silchar,"Tarapur, Silchar - PCBA",2026-07-06 10:00:00,24.82827,92.79525,PM10,44.0,51.0,47.0,10,Monday,7.0,Good/Satisfactory
India,Assam,Silchar,"Tarapur, Silchar - PCBA",2026-07-06 10:00:00,24.82827,92.79525,OZONE,2.0,3.0,2.0,10,Monday,1.0,Good/Satisfactory
India,Chhattisgarh,Kunjemura,"OP Jindal School, Kunjemura - CECB",2026-07-06 10:00:00,22.12665,83.483212,OZONE,7.0,9.0,8.0,10,Monday,2.0,Good/Satisfactory
India,Chhattisgarh,Raipur,"Bhatagaon New ISBT, Raipur - CECB",2026-07-06 10:00:00,21.219665,81.630094,PM2.5,1.0,3.0,2.0,10,Monday,2.0,Good/Satisfactory
India,Chhattisgarh,Raipur,"Bhatagaon New ISBT, Raipur - CECB",2026-07-06 10:00:00,21.219665,81.630094,SO2,1.0,3.0,2.0,10,Monday,2.0,Good/Satisfactory
India,Chhattisgarh,Tumidih,"OP Jindal Industrial Park, Tumidih - CECB",2026-07-06 10:00:00,22.06631475,83.33820077,PM10,3.0,21.0,9.5,10,Monday,18.0,Good/Satisfactory
India,Chhattisgarh,Tumidih,"OP Jindal Industrial Park, Tumidih - CECB",2026-07-06 10:00:00,22.06631475,83.33820077,NO2,9.0,56.0,27.0,10,Monday,47.0,Good/Satisfactory
India,Chhattisgarh,Tumidih,"OP Jindal Industrial Park, Tumidih - CECB",2026-07-06 10:00:00,22.06631475,83.33820077,SO2,5.0,5.0,5.0,10,Monday,0.0,Good/Satisfactory
India,Delhi,Delhi,"Bawana, Delhi - DPCC",2026-07-06 10:00:00,28.7762,77.051074,PM2.5,12.0,316.0,138.0,10,Monday,304.0,Poor/Severe
India,Delhi,Delhi,"Bawana, Delhi - DPCC",2026-07-06 10:00:00,28.7762,77.051074,NO2,4.0,48.0,18.0,10,Monday,44.0,Good/Satisfactory
India,Delhi,Delhi,"Bawana, Delhi - DPCC",2026-07-06 10:00:00,28.7762,77.051074,NH3,5.0,18.0,11.0,10,Monday,13.0,Good/Satisfactory
India,Delhi,Delhi,"Bawana, Delhi - DPCC",2026-07-06 10:00:00,28.7762,77.051074,OZONE,3.0,3.0,3.0,10,Monday,0.0,Good/Satisfactory
India,Delhi,Delhi,"Anand Vihar, Delhi - DPCC",2026-07-06 10:00:00,28.647622,77.315809,NH3,5.0,9.0,6.0,10,Monday,4.0,Good/Satisfactory
India,Delhi,Delhi,"Anand Vihar, Delhi - DPCC",2026-07-06 10:00:00,28.647622,77.315809,SO2,9.0,22.0,14.0,10,Monday,13.0,Good/Satisfactory
India,Andhra Pradesh,Guntur,"Rajendra Nagar North, Guntur - APPCB",2026-07-06 10:00:00,16.316553,80.413302,NO2,19.0,54.0,30.0,10,Monday,35.0,Good/Satisfactory
India,Andhra Pradesh,Kadapa,"Yerramukkapalli, Kadapa - APPCB",2026-07-06 10:00:00,14.465052,78.824187,PM10,54.0,81.0,60.0,10,Monday,27.0,Moderate
India,Andhra Pradesh,Kadapa,"Yerramukkapalli, Kadapa - APPCB",2026-07-06 10:00:00,14.465052,78.824187,CO,1.0,7.0,3.0,10,Monday,6.0,Good/Satisfactory
India,Andhra Pradesh,Kadapa,"Yerramukkapalli, Kadapa - APPCB",2026-07-06 10:00:00,14.465052,78.824187,OZONE,35.0,41.0,36.0,10,Monday,6.0,Good/Satisfactory
India,Andhra Pradesh,Kurnool,"Sita Rama Nagar, Kurnool - APPCB",2026-07-06 10:00:00,15.83411,78.028546,PM2.5,23.0,48.0,37.0,10,Monday,25.0,Moderate
India,Andhra Pradesh,Kurnool,"Sita Rama Nagar, Kurnool - APPCB",2026-07-06 10:00:00,15.83411,78.028546,NH3,5.0,5.0,5.0,10,Monday,0.0,Good/Satisfactory
India,Andhra Pradesh,Kurnool,"Sita Rama Nagar, Kurnool - APPCB",2026-07-06 10:00:00,15.83411,78.028546,CO,6.0,11.0,8.0,10,Monday,5.0,Good/Satisfactory
India,Andhra Pradesh,Nellore,"Ambedkar Nagar, Nellore - APPCB ",2026-07-06 10:00:00,14.438164,79.966814,NH3,7.0,8.0,8.0,10,Monday,1.0,Good/Satisfactory
India,Andhra Pradesh,Rajamahendravaram,"Anand Kala Kshetram, Rajamahendravaram - APPCB",2026-07-06 10:00:00,16.9872867,81.7363176,PM10,55.0,74.0,65.0,10,Monday,19.0,Moderate
India,Andhra Pradesh,Tirumala,"Toll Gate, Tirumala - APPCB",2026-07-06 10:00:00,13.67,79.35,PM10,29.0,47.0,38.0,10,Monday,18.0,Good/Satisfactory
India,Andhra Pradesh,Tirumala,"Toll Gate, Tirumala - APPCB",2026-07-06 10:00:00,13.67,79.35,CO,10.0,17.0,13.0,10,Monday,7.0,Good/Satisfactory
India,Andhra Pradesh,Tirupati,"Vaikuntapuram, Tirupati - APPCB",2026-07-06 10:00:00,13.615387,79.40923,PM10,55.0,74.0,65.0,10,Monday,19.0,Moderate
India,Andhra Pradesh,Tirupati,"Vaikuntapuram, Tirupati - APPCB",2026-07-06 10:00:00,13.615387,79.40923,NH3,3.0,5.0,4.0,10,Monday,2.0,Good/Satisfactory
India,Andhra Pradesh,Tirupati,"Vaikuntapuram, Tirupati - APPCB",2026-07-06 10:00:00,13.615387,79.40923,CO,30.0,31.0,30.0,10,Monday,1.0,Good/Satisfactory
India,Andhra Pradesh,Vijayawada,"Rajiv Gandhi Park, Vijayawada - APPCB",2026-07-06 10:00:00,16.509717,80.612222,NH3,2.0,5.0,3.0,10,Monday,3.0,Good/Satisfactory
India,Andhra Pradesh,Vijayawada,"Rajiv Gandhi Park, Vijayawada - APPCB",2026-07-06 10:00:00,16.509717,80.612222,SO2,16.0,23.0,23.0,10,Monday,7.0,Good/Satisfactory
India,Andhra Pradesh,Vijayawada,"Kanuru, Vijayawada - APPCB",2026-07-06 10:00:00,16.486692,80.699436,PM2.5,67.0,72.0,68.0,10,Monday,5.0,Poor/Severe
India,Andhra Pradesh,Vijayawada,"Kanuru, Vijayawada - APPCB",2026-07-06 10:00:00,16.486692,80.699436,OZONE,18.0,18.0,18.0,10,Monday,0.0,Good/Satisfactory
India,Andhra Pradesh,Vijayawada,"HB Colony, Vijayawada - APPCB",2026-07-06 10:00:00,16.536107,80.594233,OZONE,17.0,20.0,18.0,10,Monday,3.0,Good/Satisfactory
India,Bihar,Muzaffarpur,"MIT-Daudpur Kothi, Muzaffarpur - BSPCB",2026-07-06 10:00:00,26.1403345,85.3650192,PM10,37.0,58.0,43.0,10,Monday,21.0,Good/Satisfactory
India,Bihar,Muzaffarpur,"MIT-Daudpur Kothi, Muzaffarpur - BSPCB",2026-07-06 10:00:00,26.1403345,85.3650192,SO2,0.0,64.0,15.0,10,Monday,64.0,Good/Satisfactory
India,Bihar,Patna,"Govt. High School Shikarpur, Patna - BSPCB",2026-07-06 10:00:00,25.592539,85.227158,NH3,6.0,7.0,6.0,10,Monday,1.0,Good/Satisfactory
India,Bihar,Patna,"Govt. High School Shikarpur, Patna - BSPCB",2026-07-06 10:00:00,25.592539,85.227158,SO2,12.0,13.0,13.0,10,Monday,1.0,Good/Satisfactory
India,Bihar,Patna,"IGSC Planetarium Complex, Patna - BSPCB",2026-07-06 10:00:00,25.610369,85.132568,OZONE,60.0,62.0,60.0,10,Monday,2.0,Moderate
India,Bihar,Patna,"Rajbansi Nagar, Patna - BSPCB",2026-07-06 10:00:00,25.599486,85.113666,PM2.5,15.0,23.0,17.0,10,Monday,8.0,Good/Satisfactory
India,Bihar,Patna,"DRM Office Danapur, Patna - BSPCB",2026-07-06 10:00:00,25.586562,85.043586,PM2.5,19.0,52.0,31.0,10,Monday,33.0,Moderate
India,Bihar,Purnia,"Mariam Nagar, Purnia - BSPCB",2026-07-06 10:00:00,25.366336,87.117468,PM10,38.0,44.0,40.0,10,Monday,6.0,Good/Satisfactory
India,Bihar,Samastipur,"DM Office_Kasipur, Samastipur - BSPCB",2026-07-06 10:00:00,25.859655,85.77944,PM2.5,20.0,61.0,37.0,10,Monday,41.0,Moderate
India,Bihar,Samastipur,"DM Office_Kasipur, Samastipur - BSPCB",2026-07-06 10:00:00,25.859655,85.77944,PM10,26.5,69.0,44.5,10,Monday,42.5,Good/Satisfactory
India,Bihar,Samastipur,"DM Office_Kasipur, Samastipur - BSPCB",2026-07-06 10:00:00,25.859655,85.77944,CO,22.0,30.0,26.0,10,Monday,8.0,Good/Satisfactory
India,Chandigarh,Chandigarh,"Sector-53, Chandigarh - CPCC",2026-07-06 10:00:00,30.719859,76.738637,PM2.5,5.0,30.0,18.0,10,Monday,25.0,Good/Satisfactory
India,Chandigarh,Chandigarh,"Sector-53, Chandigarh - CPCC",2026-07-06 10:00:00,30.719859,76.738637,PM10,14.0,33.0,20.0,10,Monday,19.0,Good/Satisfactory
India,Chandigarh,Chandigarh,"Sector-53, Chandigarh - CPCC",2026-07-06 10:00:00,30.719859,76.738637,CO,41.0,45.0,43.0,10,Monday,4.0,Good/Satisfactory
India,Chandigarh,Chandigarh,"Sector-25, Chandigarh - CPCC",2026-07-06 10:00:00,30.751462,76.762879,PM2.5,33.0,65.0,50.0,10,Monday,32.0,Moderate
India,Andhra Pradesh,Anantapur,"Gulzarpet, Anantapur - APPCB",2026-07-06 10:00:00,14.675886,77.593027,SO2,9.0,14.0,10.0,10,Monday,5.0,Good/Satisfactory
India,Andhra Pradesh,Chittoor,"Gangineni Cheruvu, Chittoor - APPCB",2026-07-06 10:00:00,13.20488,79.097889,PM2.5,55.0,67.0,59.0,10,Monday,12.0,Moderate
India,Andhra Pradesh,Eluru,"District Court, Eluru - APPCB",2026-07-06 10:00:00,16.711754,81.092095,PM2.5,49.0,64.0,55.0,10,Monday,15.0,Moderate
India,Delhi,Delhi,"R K Puram, Delhi - DPCC",2026-07-06 10:00:00,28.563262,77.186937,PM2.5,12.0,167.0,58.0,10,Monday,155.0,Moderate
India,Delhi,Delhi,"R K Puram, Delhi - DPCC",2026-07-06 10:00:00,28.563262,77.186937,CO,26.0,34.0,29.0,10,Monday,8.0,Good/Satisfactory
India,Delhi,Delhi,"ITO, Delhi - CPCB",2026-07-06 10:00:00,28.628624,77.24106,SO2,6.0,22.0,13.0,10,Monday,16.0,Good/Satisfactory
India,Delhi,Delhi,"IGI Airport (T3), Delhi - IITM",2026-07-06 10:00:00,28.5627763,77.1180053,PM10,19.0,148.0,80.0,10,Monday,129.0,Moderate
India,Delhi,Delhi,"IGI Airport (T3), Delhi - IITM",2026-07-06 10:00:00,28.5627763,77.1180053,NO2,38.0,111.0,64.0,10,Monday,73.0,Moderate
India,Delhi,Delhi,"IGI Airport (T3), Delhi - IITM",2026-07-06 10:00:00,28.5627763,77.1180053,NH3,5.0,12.0,8.5,10,Monday,7.0,Good/Satisfactory
India,Delhi,Delhi,"IGI Airport (T3), Delhi - IITM",2026-07-06 10:00:00,28.5627763,77.1180053,OZONE,31.0,115.0,53.0,10,Monday,84.0,Moderate
India,Delhi,Delhi,"Burari Crossing, Delhi - IITM",2026-07-06 10:00:00,28.7256504,77.2011573,PM2.5,0.0,306.0,75.0,10,Monday,306.0,Poor/Severe
India,Delhi,Delhi,"Burari Crossing, Delhi - IITM",2026-07-06 10:00:00,28.7256504,77.2011573,PM10,15.0,180.0,86.0,10,Monday,165.0,Moderate
India,Delhi,Delhi,"Burari Crossing, Delhi - IITM",2026-07-06 10:00:00,28.7256504,77.2011573,CO,55.0,110.0,70.0,10,Monday,55.0,Moderate
India,Delhi,Delhi,"IIT Delhi, Delhi - IITM",2026-07-06 10:00:00,28.54246,77.191651,CO,39.0,55.0,45.0,10,Monday,16.0,Good/Satisfactory
India,Delhi,Delhi,"IIT Delhi, Delhi - IITM",2026-07-06 10:00:00,28.54246,77.191651,OZONE,27.0,80.0,46.0,10,Monday,53.0,Good/Satisfactory
India,Delhi,Delhi,"Chandni Chowk, Delhi - IITM",2026-07-06 10:00:00,28.656756,77.227234,PM10,53.0,149.0,88.0,10,Monday,96.0,Moderate
India,Delhi,Delhi,"Punjabi Bagh, Delhi - DPCC",2026-07-06 10:00:00,28.674045,77.131023,PM10,44.0,223.0,111.0,10,Monday,179.0,Poor/Severe
India,Delhi,Delhi,"Punjabi Bagh, Delhi - DPCC",2026-07-06 10:00:00,28.674045,77.131023,NH3,2.0,8.0,5.0,10,Monday,6.0,Good/Satisfactory
India,Delhi,Delhi,"Shadipur, Delhi - CPCB",2026-07-06 10:00:00,28.6514781,77.1473105,PM2.5,31.0,183.0,87.0,10,Monday,152.0,Poor/Severe
India,Delhi,Delhi,"Wazirpur, Delhi - DPCC",2026-07-06 10:00:00,28.699793,77.165453,NO2,34.0,81.0,54.0,10,Monday,47.0,Moderate
India,Delhi,Delhi,"Wazirpur, Delhi - DPCC",2026-07-06 10:00:00,28.699793,77.165453,SO2,7.0,10.0,8.0,10,Monday,3.0,Good/Satisfactory
India,Delhi,Delhi,"Wazirpur, Delhi - DPCC",2026-07-06 10:00:00,28.699793,77.165453,CO,34.0,49.0,45.0,10,Monday,15.0,Good/Satisfactory
India,Delhi,Delhi,"Najafgarh, Delhi - DPCC",2026-07-06 10:00:00,28.570173,76.933762,NH3,6.0,11.0,9.0,10,Monday,5.0,Good/Satisfactory
India,Delhi,Delhi,"Najafgarh, Delhi - DPCC",2026-07-06 10:00:00,28.570173,76.933762,SO2,2.0,11.0,4.0,10,Monday,9.0,Good/Satisfactory
India,Delhi,Delhi,"Najafgarh, Delhi - DPCC",2026-07-06 10:00:00,28.570173,76.933762,OZONE,3.0,7.0,5.0,10,Monday,4.0,Good/Satisfactory
India,Delhi,Delhi,"Sri Aurobindo Marg, Delhi - DPCC",2026-07-06 10:00:00,28.531346,77.190156,PM2.5,15.0,123.0,63.0,10,Monday,108.0,Poor/Severe
India,Delhi,Delhi,"Sri Aurobindo Marg, Delhi - DPCC",2026-07-06 10:00:00,28.531346,77.190156,NO2,19.0,65.0,33.0,10,Monday,46.0,Good/Satisfactory
India,Delhi,Delhi,"IHBAS, Dilshad Garden, Delhi - CPCB",2026-07-06 10:00:00,28.6811736,77.3025234,PM10,15.0,285.0,68.0,10,Monday,270.0,Moderate
India,Delhi,Delhi,"IHBAS, Dilshad Garden, Delhi - CPCB",2026-07-06 10:00:00,28.6811736,77.3025234,NO2,25.0,26.0,25.0,10,Monday,1.0,Good/Satisfactory
India,Delhi,Delhi,"IHBAS, Dilshad Garden, Delhi - CPCB",2026-07-06 10:00:00,28.6811736,77.3025234,SO2,8.0,30.0,17.0,10,Monday,22.0,Good/Satisfactory
India,Delhi,Delhi,"Jahangirpuri, Delhi - DPCC",2026-07-06 10:00:00,28.73282,77.170633,PM2.5,7.0,339.0,138.0,10,Monday,332.0,Poor/Severe
India,Delhi,Delhi,"Aya Nagar, Delhi - IITM",2026-07-06 10:00:00,28.4706914,77.1099364,PM2.5,6.0,117.0,54.0,10,Monday,111.0,Moderate
India,Delhi,Delhi,"Aya Nagar, Delhi - IITM",2026-07-06 10:00:00,28.4706914,77.1099364,PM10,12.0,115.0,72.0,10,Monday,103.0,Moderate
India,Delhi,Delhi,"Pusa, Delhi - IITM",2026-07-06 10:00:00,28.63611,77.173332,NH3,5.0,12.0,8.5,10,Monday,7.0,Good/Satisfactory
India,Delhi,Delhi,"Pusa, Delhi - IITM",2026-07-06 10:00:00,28.63611,77.173332,CO,39.0,63.0,49.0,10,Monday,24.0,Good/Satisfactory
India,Delhi,Delhi,"Vivek Vihar, Delhi - DPCC",2026-07-06 10:00:00,28.672342,77.31526,PM2.5,23.0,93.0,53.0,10,Monday,70.0,Moderate
India,Delhi,Delhi,"Vivek Vihar, Delhi - DPCC",2026-07-06 10:00:00,28.672342,77.31526,PM10,55.0,150.0,98.0,10,Monday,95.0,Moderate
India,Delhi,Delhi,"North Campus, DU, Delhi - IITM",2026-07-06 10:00:00,28.6573814,77.1585447,PM10,22.0,141.0,84.0,10,Monday,119.0,Moderate
India,Delhi,Delhi,"Rohini, Delhi - DPCC",2026-07-06 10:00:00,28.732528,77.11992,NO2,14.0,70.0,37.0,10,Monday,56.0,Good/Satisfactory
India,Delhi,Delhi,"Rohini, Delhi - DPCC",2026-07-06 10:00:00,28.732528,77.11992,CO,54.0,66.0,57.0,10,Monday,12.0,Moderate
India,Delhi,Delhi,"CRRI Mathura Road, Delhi - IITM",2026-07-06 10:00:00,28.5512005,77.2735737,PM10,22.0,139.0,91.0,10,Monday,117.0,Moderate
India,Delhi,Delhi,"CRRI Mathura Road, Delhi - IITM",2026-07-06 10:00:00,28.5512005,77.2735737,NH3,5.0,12.0,8.5,10,Monday,7.0,Good/Satisfactory
India,Delhi,Delhi,"Okhla Phase-2, Delhi - DPCC",2026-07-06 10:00:00,28.530785,77.271255,PM2.5,12.0,113.0,56.0,10,Monday,101.0,Moderate
India,Delhi,Delhi,"IMD Lodhi Road, Delhi - IITM",2026-07-06 10:00:00,28.5918245,77.2273074,NO2,5.0,25.0,11.0,10,Monday,20.0,Good/Satisfactory
India,Delhi,Delhi,"IMD Lodhi Road, Delhi - IITM",2026-07-06 10:00:00,28.5918245,77.2273074,CO,34.0,40.0,37.0,10,Monday,6.0,Good/Satisfactory
India,Delhi,Delhi,"NSIT Dwarka, Delhi - CPCB",2026-07-06 10:00:00,28.60909,77.0325413,PM10,43.0,107.0,62.0,10,Monday,64.0,Moderate
India,Delhi,Delhi,"NSIT Dwarka, Delhi - CPCB",2026-07-06 10:00:00,28.60909,77.0325413,NH3,4.0,40.0,9.0,10,Monday,36.0,Good/Satisfactory
India,Delhi,Delhi,"Mandir Marg, Delhi - DPCC",2026-07-06 10:00:00,28.636429,77.201067,PM2.5,5.0,237.0,48.0,10,Monday,232.0,Moderate
India,Gujarat,Ahmedabad,"Raikhad, Ahmedabad - IITM",2026-07-06 10:00:00,23.020509,72.579261,CO,20.0,41.0,31.0,10,Monday,21.0,Good/Satisfactory
India,Gujarat,Ahmedabad,"Maninagar, Ahmedabad - GPCB",2026-07-06 10:00:00,23.002657,72.591912,NO2,28.0,35.0,33.0,10,Monday,7.0,Good/Satisfactory
India,Gujarat,Ahmedabad,"Maninagar, Ahmedabad - GPCB",2026-07-06 10:00:00,23.002657,72.591912,SO2,2.0,67.0,27.0,10,Monday,65.0,Good/Satisfactory
India,Gujarat,Ahmedabad,"Gyaspur, Ahmedabad - IITM",2026-07-06 10:00:00,22.977134,72.553024,PM2.5,2.0,39.0,19.0,10,Monday,37.0,Good/Satisfactory
India,Gujarat,Ahmedabad,"Gyaspur, Ahmedabad - IITM",2026-07-06 10:00:00,22.977134,72.553024,NH3,5.0,9.0,7.0,10,Monday,4.0,Good/Satisfactory
India,Gujarat,Ahmedabad,"SAC ISRO Satellite, Ahmedabad - IITM",2026-07-06 10:00:00,23.023389,72.515201,NO2,14.0,33.0,21.0,10,Monday,19.0,Good/Satisfactory
India,Gujarat,Ahmedabad,"Chandkheda, Ahmedabad - IITM",2026-07-06 10:00:00,23.107969,72.574648,SO2,5.0,10.0,8.0,10,Monday,5.0,Good/Satisfactory
India,Gujarat,Ahmedabad,"SVPI Airport Hansol, Ahmedabad - IITM",2026-07-06 10:00:00,23.076793,72.627874,SO2,3.0,5.0,4.0,10,Monday,2.0,Good/Satisfactory
India,Gujarat,Ahmedabad,"Rakhial, Ahmedabad - IITM",2026-07-06 10:00:00,23.016834,72.625775,PM2.5,32.0,87.0,55.0,10,Monday,55.0,Moderate
India,Gujarat,Ankleshwar,"GIDC, Ankleshwar - GPCB",2026-07-06 10:00:00,21.613267,73.010555,OZONE,8.0,15.0,11.0,10,Monday,7.0,Good/Satisfactory
India,Haryana,Charkhi Dadri,"Mini Secretariat, Charkhi Dadri - HSPCB",2026-07-06 10:00:00,28.593883,76.270653,NH3,5.0,8.0,6.0,10,Monday,3.0,Good/Satisfactory
India,Haryana,Dharuhera,"Municipal Corporation Office, Dharuhera -  HSPCB",2026-07-06 10:00:00,28.2068,76.7997,CO,40.0,81.0,61.0,10,Monday,41.0,Moderate
India,Haryana,Faridabad,"Sector 30, Faridabad - HSPCB",2026-07-06 10:00:00,28.4417,77.3217,PM10,34.0,72.0,42.0,10,Monday,38.0,Good/Satisfactory
India,Haryana,Faridabad,"Sector 30, Faridabad - HSPCB",2026-07-06 10:00:00,28.4417,77.3217,NH3,11.0,12.0,11.0,10,Monday,1.0,Good/Satisfactory
India,Haryana,Faridabad,"New Industrial Town, Faridabad - HSPCB",2026-07-06 10:00:00,28.39072,77.30059,PM10,28.0,128.0,35.0,10,Monday,100.0,Good/Satisfactory
India,Haryana,Faridabad,"Sector 11, Faridabad - HSPCB",2026-07-06 10:00:00,28.376058,77.315741,PM2.5,18.0,339.0,79.0,10,Monday,321.0,Poor/Severe
India,Haryana,Faridabad,"Sector 11, Faridabad - HSPCB",2026-07-06 10:00:00,28.376058,77.315741,NH3,5.0,5.0,5.0,10,Monday,0.0,Good/Satisfactory
India,Haryana,Faridabad,"Sector 11, Faridabad - HSPCB",2026-07-06 10:00:00,28.376058,77.315741,CO,54.0,56.0,55.0,10,Monday,2.0,Moderate
India,Haryana,Fatehabad,"Huda Sector, Fatehabad - HSPCB",2026-07-06 10:00:00,29.503664,75.467934,PM2.5,3.0,372.0,97.0,10,Monday,369.0,Poor/Severe
India,Haryana,Fatehabad,"Huda Sector, Fatehabad - HSPCB",2026-07-06 10:00:00,29.503664,75.467934,CO,46.0,61.0,51.0,10,Monday,15.0,Moderate
India,Delhi,Delhi,"Cantonment Area, Delhi - DPCC",2026-07-06 10:00:00,28.594169,77.1251,NO2,17.0,81.0,41.0,10,Monday,64.0,Good/Satisfactory
India,Delhi,Delhi,"Narela, Delhi - DPCC",2026-07-06 10:00:00,28.822836,77.101981,NO2,9.0,64.0,18.0,10,Monday,55.0,Good/Satisfactory
India,Delhi,Delhi,"JNU, Delhi - DPCC",2026-07-06 10:00:00,28.540721,77.168544,NH3,0.0,6.0,2.0,10,Monday,6.0,Good/Satisfactory
India,Delhi,Delhi,"IGNOU_Maidan Garhi, Delhi - DPCC",2026-07-06 10:00:00,28.493624,77.201159,NO2,3.0,32.0,15.0,10,Monday,29.0,Good/Satisfactory
India,Delhi,Delhi,"DTU, Delhi - CPCB",2026-07-06 10:00:00,28.7500499,77.1112615,PM10,15.0,105.0,66.0,10,Monday,90.0,Moderate
India,Delhi,Delhi,"DTU, Delhi - CPCB",2026-07-06 10:00:00,28.7500499,77.1112615,NH3,9.0,14.0,11.0,10,Monday,5.0,Good/Satisfactory
India,Delhi,Delhi,"DTU, Delhi - CPCB",2026-07-06 10:00:00,28.7500499,77.1112615,CO,41.0,52.0,46.0,10,Monday,11.0,Good/Satisfactory
India,Delhi,Delhi,"Sirifort, Delhi - CPCB",2026-07-06 10:00:00,28.5504249,77.2159377,NO2,6.0,68.0,19.0,10,Monday,62.0,Good/Satisfactory
India,Delhi,Delhi,"Sirifort, Delhi - CPCB",2026-07-06 10:00:00,28.5504249,77.2159377,CO,21.0,50.0,33.0,10,Monday,29.0,Good/Satisfactory
India,Gujarat,Ahmedabad,"SAC ISRO Bopal, Ahmedabad - IITM",2026-07-06 10:00:00,23.041137,72.456691,NO2,1.0,6.0,2.0,10,Monday,5.0,Good/Satisfactory
India,Gujarat,Surat,"Katargam, Surat - Nexteng Enviro",2026-07-06 10:00:00,21.217779,72.834787,CO,38.0,46.0,41.0,10,Monday,8.0,Good/Satisfactory
India,Gujarat,Vapi,"Phase-1 GIDC, Vapi - GPCB",2026-07-06 10:00:00,20.362421,72.918013,PM2.5,0.0,31.0,14.0,10,Monday,31.0,Good/Satisfactory
India,Gujarat,Vapi,"Phase-1 GIDC, Vapi - GPCB",2026-07-06 10:00:00,20.362421,72.918013,PM10,24.0,61.0,40.0,10,Monday,37.0,Good/Satisfactory
India,Gujarat,Vatva,"Phase-4 GIDC, Vatva - GPCB",2026-07-06 10:00:00,22.969611,72.6435,PM2.5,18.5,75.5,46.5,10,Monday,57.0,Moderate
India,Gujarat,Vatva,"Phase-4 GIDC, Vatva - GPCB",2026-07-06 10:00:00,22.969611,72.6435,NO2,12.0,21.0,15.0,10,Monday,9.0,Good/Satisfactory
India,Gujarat,Vatva,"Phase-4 GIDC, Vatva - GPCB",2026-07-06 10:00:00,22.969611,72.6435,OZONE,10.0,11.0,11.0,10,Monday,1.0,Good/Satisfactory
India,Haryana,Bahadurgarh,"Arya Nagar, Bahadurgarh - HSPCB",2026-07-06 10:00:00,28.6701,76.9254,PM10,45.0,187.0,87.0,10,Monday,142.0,Moderate
India,Haryana,Bahadurgarh,"Arya Nagar, Bahadurgarh - HSPCB",2026-07-06 10:00:00,28.6701,76.9254,NH3,8.0,10.0,9.0,10,Monday,2.0,Good/Satisfactory
India,Haryana,Ballabgarh,"Nathu Colony, Ballabgarh - HSPCB",2026-07-06 10:00:00,28.3419248,77.319699,PM2.5,138.0,356.0,182.0,10,Monday,218.0,Poor/Severe
India,Delhi,Delhi,"Mandir Marg, Delhi - DPCC",2026-07-06 10:00:00,28.636429,77.201067,SO2,14.0,40.0,28.0,10,Monday,26.0,Good/Satisfactory
India,Delhi,Delhi,"Jawaharlal Nehru Stadium, Delhi - DPCC",2026-07-06 10:00:00,28.58028,77.233829,PM2.5,13.0,113.0,53.0,10,Monday,100.0,Moderate
India,Delhi,Delhi,"Jawaharlal Nehru Stadium, Delhi - DPCC",2026-07-06 10:00:00,28.58028,77.233829,CO,40.0,45.0,42.0,10,Monday,5.0,Good/Satisfactory
India,Delhi,Delhi,"Patparganj, Delhi - DPCC",2026-07-06 10:00:00,28.623763,77.287209,OZONE,2.0,12.0,4.0,10,Monday,10.0,Good/Satisfactory
India,Delhi,Delhi,"Pusa, Delhi - DPCC",2026-07-06 10:00:00,28.639652,77.146275,NO2,23.0,151.0,59.0,10,Monday,128.0,Moderate
India,Delhi,Delhi,"Pusa, Delhi - DPCC",2026-07-06 10:00:00,28.639652,77.146275,SO2,6.0,12.0,9.0,10,Monday,6.0,Good/Satisfactory
India,Delhi,Delhi,"Nehru Nagar, Delhi - DPCC",2026-07-06 10:00:00,28.56789,77.250515,PM10,29.0,142.0,92.0,10,Monday,113.0,Moderate
India,Delhi,Delhi,"Sonia Vihar, Delhi - DPCC",2026-07-06 10:00:00,28.710508,77.249485,OZONE,2.0,5.0,3.0,10,Monday,3.0,Good/Satisfactory
India,Delhi,Delhi,"NSUT Jaffarpur, Delhi - DPCC",2026-07-06 10:00:00,28.594004,76.909423,NH3,1.0,12.0,6.0,10,Monday,11.0,Good/Satisfactory
India,Gujarat,Bhavnagar,"Vidhyanagar, Bhavnagar - Nexteng Enviro",2026-07-06 10:00:00,21.755417,72.139056,PM2.5,13.0,90.0,49.0,10,Monday,77.0,Moderate
India,Gujarat,Bhavnagar,"Vidhyanagar, Bhavnagar - Nexteng Enviro",2026-07-06 10:00:00,21.755417,72.139056,NO2,38.0,44.0,41.0,10,Monday,6.0,Good/Satisfactory
India,Gujarat,Gandhinagar,"GIFT City, Gandhinagar - IITM",2026-07-06 10:00:00,23.163798,72.677768,OZONE,6.0,13.0,9.0,10,Monday,7.0,Good/Satisfactory
India,Gujarat,Nandesari,"GIDC, Nandesari - Nandesari Ind. Association",2026-07-06 10:00:00,22.410802,73.097923,PM2.5,31.0,206.0,94.0,10,Monday,175.0,Poor/Severe
India,Gujarat,Nandesari,"GIDC, Nandesari - Nandesari Ind. Association",2026-07-06 10:00:00,22.410802,73.097923,PM10,34.0,138.0,85.0,10,Monday,104.0,Moderate
India,Gujarat,Nandesari,"GIDC, Nandesari - Nandesari Ind. Association",2026-07-06 10:00:00,22.410802,73.097923,OZONE,6.0,13.0,9.0,10,Monday,7.0,Good/Satisfactory
India,Madhya Pradesh,Indore,"Maguda Nagar, Indore - IMC",2026-07-06 10:00:00,22.7524,75.8872,OZONE,11.0,11.0,11.0,10,Monday,0.0,Good/Satisfactory
India,Madhya Pradesh,Jabalpur,"Marhatal, Jabalpur - MPPCB",2026-07-06 10:00:00,23.168606,79.932247,PM2.5,11.0,41.0,21.0,10,Monday,30.0,Good/Satisfactory
India,Madhya Pradesh,Jabalpur,"Marhatal, Jabalpur - MPPCB",2026-07-06 10:00:00,23.168606,79.932247,SO2,3.0,10.0,6.0,10,Monday,7.0,Good/Satisfactory
India,Madhya Pradesh,Jabalpur,"Marhatal, Jabalpur - MPPCB",2026-07-06 10:00:00,23.168606,79.932247,OZONE,31.0,59.0,40.0,10,Monday,28.0,Good/Satisfactory
India,Madhya Pradesh,Katni,"Gole Bazar, Katni - MPPCB",2026-07-06 10:00:00,23.50016,80.23284,NH3,3.0,3.0,3.0,10,Monday,0.0,Good/Satisfactory
India,Madhya Pradesh,Katni,"Gole Bazar, Katni - MPPCB",2026-07-06 10:00:00,23.50016,80.23284,SO2,15.0,63.0,38.0,10,Monday,48.0,Good/Satisfactory
India,Madhya Pradesh,Katni,"Gole Bazar, Katni - MPPCB",2026-07-06 10:00:00,23.50016,80.23284,CO,23.0,39.0,29.0,10,Monday,16.0,Good/Satisfactory
India,Madhya Pradesh,Maihar,"Sahilara, Maihar - KJS Cements",2026-07-06 10:00:00,24.2613009,80.7231783,PM2.5,4.0,86.0,36.0,10,Monday,82.0,Moderate
India,Madhya Pradesh,Mandideep,"Sector-D Industrial Area, Mandideep - MPPCB",2026-07-06 10:00:00,23.10844,77.511428,NO2,31.0,92.0,54.0,10,Monday,61.0,Moderate
India,Madhya Pradesh,Mandideep,"Sector-D Industrial Area, Mandideep - MPPCB",2026-07-06 10:00:00,23.10844,77.511428,NH3,7.0,10.0,9.0,10,Monday,3.0,Good/Satisfactory
India,Madhya Pradesh,Mandideep,"Sector-D Industrial Area, Mandideep - MPPCB",2026-07-06 10:00:00,23.10844,77.511428,CO,22.0,34.0,29.0,10,Monday,12.0,Good/Satisfactory
India,Madhya Pradesh,Pithampur,"Sector-2 Industrial Area, Pithampur - MPPCB",2026-07-06 10:00:00,22.624758,75.675238,PM10,26.0,129.0,77.0,10,Monday,103.0,Moderate
India,Madhya Pradesh,Satna,"Bandhavgar Colony, Satna - Birla Cement",2026-07-06 10:00:00,24.58434363,80.8549414,NH3,3.0,4.0,4.0,10,Monday,1.0,Good/Satisfactory
India,Madhya Pradesh,Bhopal,"Idgah Hills, Bhopal - MPPCB",2026-07-06 10:00:00,23.264759,77.381568,OZONE,10.0,28.0,15.0,10,Monday,18.0,Good/Satisfactory
India,Madhya Pradesh,Damoh,"Shrivastav Colony, Damoh - MPPCB",2026-07-06 10:00:00,23.81748678,79.446246,NH3,3.0,4.0,4.0,10,Monday,1.0,Good/Satisfactory
India,Madhya Pradesh,Damoh,"Shrivastav Colony, Damoh - MPPCB",2026-07-06 10:00:00,23.81748678,79.446246,SO2,43.0,60.0,49.0,10,Monday,17.0,Good/Satisfactory
India,Madhya Pradesh,Damoh,"Shrivastav Colony, Damoh - MPPCB",2026-07-06 10:00:00,23.81748678,79.446246,CO,16.0,23.0,20.0,10,Monday,7.0,Good/Satisfactory
India,Madhya Pradesh,Dewas,"Bhopal Chauraha, Dewas - MPPCB",2026-07-06 10:00:00,22.9682591,76.064118,NO2,89.0,108.0,101.0,10,Monday,19.0,Poor/Severe
India,Madhya Pradesh,Dewas,"Bhopal Chauraha, Dewas - MPPCB",2026-07-06 10:00:00,22.9682591,76.064118,SO2,8.0,47.0,26.0,10,Monday,39.0,Good/Satisfactory
India,Madhya Pradesh,Gwalior,"City Center, Gwalior - MPPCB",2026-07-06 10:00:00,26.203442,78.193251,PM10,16.0,168.0,39.0,10,Monday,152.0,Good/Satisfactory
India,Madhya Pradesh,Gwalior,"Maharaj Bada, Gwalior - MPPCB",2026-07-06 10:00:00,26.200388,78.147714,CO,25.0,39.0,29.0,10,Monday,14.0,Good/Satisfactory
India,Madhya Pradesh,Indore,"Residency Area, Indore - IMC",2026-07-06 10:00:00,22.7084,75.8815,NH3,0.0,0.0,0.0,10,Monday,0.0,Good/Satisfactory
India,Madhya Pradesh,Indore,"Residency Area, Indore - IMC",2026-07-06 10:00:00,22.7084,75.8815,CO,14.0,19.0,15.0,10,Monday,5.0,Good/Satisfactory
India,Madhya Pradesh,Indore,"Airport Area, Indore - IMC",2026-07-06 10:00:00,22.7289,75.8076,PM2.5,13.0,74.0,41.0,10,Monday,61.0,Moderate
India,Madhya Pradesh,Indore,"Airport Area, Indore - IMC",2026-07-06 10:00:00,22.7289,75.8076,SO2,6.0,8.0,7.0,10,Monday,2.0,Good/Satisfactory
India,Madhya Pradesh,Indore,"Regional Park, Indore - IMC",2026-07-06 10:00:00,22.678,75.8559,SO2,11.0,31.5,19.0,10,Monday,20.5,Good/Satisfactory
India,Kerala,Kannur,"Thavakkara, Kannur - Kerala PCB",2026-07-06 10:00:00,11.875,75.3732,NH3,1.0,1.0,1.0,10,Monday,0.0,Good/Satisfactory
India,Kerala,Kannur,"Thavakkara, Kannur - Kerala PCB",2026-07-06 10:00:00,11.875,75.3732,CO,10.0,11.0,11.0,10,Monday,1.0,Good/Satisfactory
India,Kerala,Kannur,"Thavakkara, Kannur - Kerala PCB",2026-07-06 10:00:00,11.875,75.3732,OZONE,27.0,28.0,28.0,10,Monday,1.0,Good/Satisfactory
India,Kerala,Kollam,"Polayathode, Kollam - Kerala PCB",2026-07-06 10:00:00,8.8787,76.6073,OZONE,31.0,35.0,32.0,10,Monday,4.0,Good/Satisfactory
India,Kerala,Thiruvananthapuram,"Plammoodu, Thiruvananthapuram - Kerala PCB",2026-07-06 10:00:00,8.5149093,76.9435879,CO,8.0,17.0,11.0,10,Monday,9.0,Good/Satisfactory
India,Kerala,Thiruvananthapuram,"Plammoodu, Thiruvananthapuram - Kerala PCB",2026-07-06 10:00:00,8.5149093,76.9435879,OZONE,9.0,19.0,15.0,10,Monday,10.0,Good/Satisfactory
India,Kerala,Thiruvananthapuram,"Kariavattom, Thiruvananthapuram - Kerala PCB",2026-07-06 10:00:00,8.5637,76.8865,NH3,0.0,0.0,0.0,10,Monday,0.0,Good/Satisfactory
India,Kerala,Thrissur,"Corporation Ground, Thrissur - Kerala PCB",2026-07-06 10:00:00,10.5324,76.2159,PM2.5,32.0,43.0,39.0,10,Monday,11.0,Moderate
India,Madhya Pradesh,Bhopal,"T T Nagar, Bhopal - MPPCB",2026-07-06 10:00:00,23.233584,77.400574,SO2,13.0,31.0,23.0,10,Monday,18.0,Good/Satisfactory
India,Madhya Pradesh,Bhopal,"T T Nagar, Bhopal - MPPCB",2026-07-06 10:00:00,23.233584,77.400574,CO,26.0,41.0,33.0,10,Monday,15.0,Good/Satisfactory
India,Madhya Pradesh,Bhopal,"Paryavaran Parisar, Bhopal - MPPCB",2026-07-06 10:00:00,23.210494,77.425409,SO2,37.0,41.0,38.0,10,Monday,4.0,Good/Satisfactory
India,Madhya Pradesh,Bhopal,"Idgah Hills, Bhopal - MPPCB",2026-07-06 10:00:00,23.264759,77.381568,SO2,1.0,6.0,4.0,10,Monday,5.0,Good/Satisfactory
India,Haryana,Gurugram,"NISE Gwal Pahari, Gurugram - IITM",2026-07-06 10:00:00,28.422681,77.148944,PM10,8.0,111.0,55.0,10,Monday,103.0,Moderate
India,Haryana,Gurugram,"NISE Gwal Pahari, Gurugram - IITM",2026-07-06 10:00:00,28.422681,77.148944,OZONE,3.0,102.0,34.0,10,Monday,99.0,Good/Satisfactory
India,Haryana,Gurugram,"Vikas Sadan, Gurugram - HSPCB",2026-07-06 10:00:00,28.4501238,77.0263051,NH3,8.0,11.0,9.0,10,Monday,3.0,Good/Satisfactory
India,Haryana,Karnal,"Sector-12, Karnal - HSPCB",2026-07-06 10:00:00,29.6953,77.0027,PM2.5,0.0,500.0,147.0,10,Monday,500.0,Poor/Severe
India,Haryana,Kurukshetra,"Sector-7, Kurukshetra - HSPCB",2026-07-06 10:00:00,29.966942,76.875879,PM2.5,42.0,100.0,64.0,10,Monday,58.0,Poor/Severe
India,Haryana,Kurukshetra,"Sector-7, Kurukshetra - HSPCB",2026-07-06 10:00:00,29.966942,76.875879,PM10,50.0,105.0,76.0,10,Monday,55.0,Moderate
India,Haryana,Kurukshetra,"Sector-7, Kurukshetra - HSPCB",2026-07-06 10:00:00,29.966942,76.875879,NO2,49.0,72.0,61.0,10,Monday,23.0,Moderate
India,Haryana,Kurukshetra,"Sector-7, Kurukshetra - HSPCB",2026-07-06 10:00:00,29.966942,76.875879,SO2,1.0,29.0,9.0,10,Monday,28.0,Good/Satisfactory
India,Haryana,Mandikhera,"General Hospital, Mandikhera(Nuh) - HSPCB",2026-07-06 10:00:00,27.9002,76.9938,SO2,20.0,21.0,21.0,10,Monday,1.0,Good/Satisfactory
India,Haryana,Mandikhera,"General Hospital, Mandikhera(Nuh) - HSPCB",2026-07-06 10:00:00,27.9002,76.9938,CO,32.0,33.0,33.0,10,Monday,1.0,Good/Satisfactory
India,Haryana,Manesar,"Sector-2 IMT, Manesar - HSPCB",2026-07-06 10:00:00,28.360699,76.93609,PM10,108.0,156.0,124.0,10,Monday,48.0,Poor/Severe
India,Haryana,Narnaul,"Shastri Nagar, Narnaul - HSPCB",2026-07-06 10:00:00,28.060249,76.113115,NO2,20.0,26.0,23.0,10,Monday,6.0,Good/Satisfactory
India,Haryana,Narnaul,"Shastri Nagar, Narnaul - HSPCB",2026-07-06 10:00:00,28.060249,76.113115,CO,11.0,14.0,12.0,10,Monday,3.0,Good/Satisfactory
India,Haryana,Palwal,"Shyam Nagar, Palwal - HSPCB",2026-07-06 10:00:00,28.1485564,77.3320667,NH3,8.0,9.0,9.0,10,Monday,1.0,Good/Satisfactory
India,Haryana,Palwal,"Shyam Nagar, Palwal - HSPCB",2026-07-06 10:00:00,28.1485564,77.3320667,SO2,5.0,18.0,12.0,10,Monday,13.0,Good/Satisfactory
India,Haryana,Panchgaon,"Amity University, Panchgaon - IITM",2026-07-06 10:00:00,28.3153,76.9143,NO2,7.0,26.0,14.0,10,Monday,19.0,Good/Satisfactory
India,Haryana,Panchgaon,"Amity University, Panchgaon - IITM",2026-07-06 10:00:00,28.3153,76.9143,SO2,2.0,9.0,6.0,10,Monday,7.0,Good/Satisfactory
India,Haryana,Panipat,"Sector-18, Panipat - HSPCB",2026-07-06 10:00:00,29.432304,76.972765,PM2.5,1.0,500.0,153.0,10,Monday,499.0,Poor/Severe
India,Haryana,Panipat,"Sector-18, Panipat - HSPCB",2026-07-06 10:00:00,29.432304,76.972765,NO2,5.0,9.0,7.0,10,Monday,4.0,Good/Satisfactory
India,Haryana,Panipat,"Sector-18, Panipat - HSPCB",2026-07-06 10:00:00,29.432304,76.972765,NH3,7.0,12.0,9.0,10,Monday,5.0,Good/Satisfactory
India,Haryana,Rohtak,"MD University, Rohtak - HSPCB",2026-07-06 10:00:00,28.52123,76.37138,SO2,8.0,12.0,10.0,10,Monday,4.0,Good/Satisfactory
India,Haryana,Sirsa,"F-Block, Sirsa - HSPCB",2026-07-06 10:00:00,29.5364,75.0158,PM2.5,31.0,60.0,41.0,10,Monday,29.0,Moderate
India,Haryana,Sirsa,"F-Block, Sirsa - HSPCB",2026-07-06 10:00:00,29.5364,75.0158,CO,55.0,61.0,58.0,10,Monday,6.0,Moderate
India,Haryana,Sirsa,"F-Block, Sirsa - HSPCB",2026-07-06 10:00:00,29.5364,75.0158,OZONE,55.0,154.0,94.0,10,Monday,99.0,Moderate
India,Karnataka,Chamarajanagar,"Urban, Chamarajanagar - KSPCB",2026-07-06 10:00:00,11.55358,76.55521,NO2,15.0,30.0,28.0,10,Monday,15.0,Good/Satisfactory
India,Karnataka,Chamarajanagar,"Urban, Chamarajanagar - KSPCB",2026-07-06 10:00:00,11.55358,76.55521,SO2,2.0,4.0,4.0,10,Monday,2.0,Good/Satisfactory
India,Karnataka,Chikkaballapur,"Chikkaballapur Rural, Chikkaballapur - KSPCB",2026-07-06 10:00:00,13.428828,77.731418,PM10,31.0,80.0,52.0,10,Monday,49.0,Moderate
India,Karnataka,Chikkaballapur,"Chikkaballapur Rural, Chikkaballapur - KSPCB",2026-07-06 10:00:00,13.428828,77.731418,SO2,12.0,33.0,22.0,10,Monday,21.0,Good/Satisfactory
India,Karnataka,Chikkaballapur,"Chikkaballapur Rural, Chikkaballapur - KSPCB",2026-07-06 10:00:00,13.428828,77.731418,OZONE,39.0,40.0,39.0,10,Monday,1.0,Good/Satisfactory
India,Karnataka,Chikkamagaluru,"Kalyana Nagara, Chikkamagaluru - KSPCB",2026-07-06 10:00:00,13.328028,75.797056,PM10,31.0,71.0,46.0,10,Monday,40.0,Good/Satisfactory
India,Karnataka,Chikkamagaluru,"Kalyana Nagara, Chikkamagaluru - KSPCB",2026-07-06 10:00:00,13.328028,75.797056,SO2,7.0,11.0,10.0,10,Monday,4.0,Good/Satisfactory
India,Karnataka,Hubballi,"Lingaraj Nagar, Hubballi - KSPCB",2026-07-06 10:00:00,15.3714823,75.1160168,PM10,39.0,45.0,42.0,10,Monday,6.0,Good/Satisfactory
India,Karnataka,Hubballi,"Lingaraj Nagar, Hubballi - KSPCB",2026-07-06 10:00:00,15.3714823,75.1160168,NH3,1.0,2.0,1.0,10,Monday,1.0,Good/Satisfactory
India,Karnataka,Kalaburagi,"Mahatma Basaveswar Colony, Kalaburgi - KSPCB",2026-07-06 10:00:00,17.336318,76.847397,PM10,15.0,44.0,27.0,10,Monday,29.0,Good/Satisfactory
India,Karnataka,Kalaburagi,"Mahatma Basaveswar Colony, Kalaburgi - KSPCB",2026-07-06 10:00:00,17.336318,76.847397,SO2,3.0,5.0,4.0,10,Monday,2.0,Good/Satisfactory
India,Karnataka,Bagalkot,"Vidayagiri, Bagalkot - KSPCB",2026-07-06 10:00:00,16.172806,75.659694,PM10,46.0,47.0,46.0,10,Monday,1.0,Good/Satisfactory
India,Karnataka,Bengaluru,"BTM Layout, Bengaluru - CPCB",2026-07-06 10:00:00,12.9135218,77.5950804,PM2.5,26.0,38.0,30.0,10,Monday,12.0,Good/Satisfactory
India,Karnataka,Bengaluru,"Hombegowda Nagar, Bengaluru - KSPCB",2026-07-06 10:00:00,12.938539,77.5901,NO2,9.0,19.0,14.0,10,Monday,10.0,Good/Satisfactory
India,Karnataka,Bengaluru,"Jayanagar 5th Block, Bengaluru - KSPCB",2026-07-06 10:00:00,12.920984,77.584908,OZONE,46.0,48.0,47.0,10,Monday,2.0,Good/Satisfactory
India,Karnataka,Bengaluru,"Hebbal, Bengaluru - KSPCB",2026-07-06 10:00:00,13.029152,77.585901,PM10,17.0,88.0,43.0,10,Monday,71.0,Good/Satisfactory
India,Karnataka,Bengaluru,"Kasturi Nagar, Bengaluru - KSPCB",2026-07-06 10:00:00,13.003872,77.664217,SO2,7.0,11.0,10.0,10,Monday,4.0,Good/Satisfactory
India,Karnataka,Bengaluru,"Kasturi Nagar, Bengaluru - KSPCB",2026-07-06 10:00:00,13.003872,77.664217,OZONE,34.0,34.0,34.0,10,Monday,0.0,Good/Satisfactory
India,Karnataka,Bengaluru,"Jigani, Bengaluru - KSPCB",2026-07-06 10:00:00,12.7816279,77.6299145,PM2.5,33.0,48.0,38.0,10,Monday,15.0,Moderate
India,Karnataka,Bengaluru,"Jigani, Bengaluru - KSPCB",2026-07-06 10:00:00,12.7816279,77.6299145,CO,34.0,35.0,35.0,10,Monday,1.0,Good/Satisfactory
India,Haryana,Yamuna Nagar,"Gobind Pura, Yamuna Nagar - HSPCB",2026-07-06 10:00:00,30.1480566,77.2893471,CO,14.0,28.0,21.0,10,Monday,14.0,Good/Satisfactory
India,Jammu and Kashmir,Pampore,"Khrew, Pampore - JKPCC",2026-07-06 10:00:00,34.031606,75.009712,PM2.5,24.0,55.0,42.0,10,Monday,31.0,Moderate
India,Jammu and Kashmir,Pampore,"Khrew, Pampore - JKPCC",2026-07-06 10:00:00,34.031606,75.009712,NH3,9.0,9.0,9.0,10,Monday,0.0,Good/Satisfactory
India,Jammu and Kashmir,Srinagar,"Rajbagh, Srinagar - JKPCC",2026-07-06 10:00:00,34.066206,74.81982,PM2.5,20.0,31.0,24.0,10,Monday,11.0,Good/Satisfactory
India,Jammu and Kashmir,Srinagar,"Rajbagh, Srinagar - JKPCC",2026-07-06 10:00:00,34.066206,74.81982,NH3,9.0,9.0,9.0,10,Monday,0.0,Good/Satisfactory
India,Jammu and Kashmir,Srinagar,"Rajbagh, Srinagar - JKPCC",2026-07-06 10:00:00,34.066206,74.81982,OZONE,0.0,1.0,0.0,10,Monday,1.0,Good/Satisfactory
India,Jharkhand,Dhanbad,"Sardar Patel Nagar, Dhanbad - JSPCB",2026-07-06 10:00:00,23.80569,86.44268,CO,36.0,66.0,49.0,10,Monday,30.0,Good/Satisfactory
India,Jharkhand,Dhanbad,"Sardar Patel Nagar, Dhanbad - JSPCB",2026-07-06 10:00:00,23.80569,86.44268,OZONE,18.0,90.0,36.0,10,Monday,72.0,Good/Satisfactory
India,Karnataka,Koppal,"Diwator Nagar, Koppal - KSPCB",2026-07-06 10:00:00,15.34763,76.181767,NH3,7.0,8.0,8.0,10,Monday,1.0,Good/Satisfactory
India,Karnataka,Koppal,"Diwator Nagar, Koppal - KSPCB",2026-07-06 10:00:00,15.34763,76.181767,OZONE,6.0,7.0,6.0,10,Monday,1.0,Good/Satisfactory
India,Karnataka,Mangalore,"Kadri, Mangalore - KSPCB",2026-07-06 10:00:00,12.88925,74.853,SO2,7.0,11.0,10.0,10,Monday,4.0,Good/Satisfactory
India,Karnataka,Ramanagara,"Vijay Nagar, Ramanagara - KSPCB",2026-07-06 10:00:00,12.733409,77.298051,SO2,16.0,20.0,18.0,10,Monday,4.0,Good/Satisfactory
India,Karnataka,Yadgir,"Collector Office, Yadgir - KSPCB",2026-07-06 10:00:00,16.7602,77.1428,PM2.5,17.5,40.0,27.0,10,Monday,22.5,Good/Satisfactory
India,Karnataka,Yadgir,"Collector Office, Yadgir - KSPCB",2026-07-06 10:00:00,16.7602,77.1428,CO,15.0,26.0,21.0,10,Monday,11.0,Good/Satisfactory
India,Madhya Pradesh,Ujjain,"Mahashweta Nagar, Ujjain - MPPCB",2026-07-06 10:00:00,23.1633321,75.800225,PM10,23.0,57.0,39.0,10,Monday,34.0,Good/Satisfactory
India,Maharashtra,Ahmednagar,"Tarakpur, Ahmednagar - MPCB",2026-07-06 10:00:00,19.10122,74.73339,NO2,6.0,33.0,16.0,10,Monday,27.0,Good/Satisfactory
India,Maharashtra,Akola,"Ramdaspeth, Akola - MPCB",2026-07-06 10:00:00,20.719516,77.000253,PM10,18.0,44.0,32.0,10,Monday,26.0,Good/Satisfactory
India,Maharashtra,Akola,"Ramdaspeth, Akola - MPCB",2026-07-06 10:00:00,20.719516,77.000253,CO,23.0,25.0,24.0,10,Monday,2.0,Good/Satisfactory
India,Maharashtra,Ambernath,"Chinchpada, Ambernath - MPCB",2026-07-06 10:00:00,19.215784,73.199781,SO2,0.0,7.0,4.0,10,Monday,7.0,Good/Satisfactory
India,Maharashtra,Amravati,"Shri Shivaji Science College, Amravati - MPCB",2026-07-06 10:00:00,20.939198,77.765701,PM10,12.0,32.0,21.0,10,Monday,20.0,Good/Satisfactory
India,Maharashtra,Amravati,"Shri Shivaji Science College, Amravati - MPCB",2026-07-06 10:00:00,20.939198,77.765701,CO,23.0,25.0,24.0,10,Monday,2.0,Good/Satisfactory
India,Maharashtra,Amravati,"Shivneri Colony, Amravati - MPCB",2026-07-06 10:00:00,20.9402359,77.7895248,CO,9.0,12.0,10.0,10,Monday,3.0,Good/Satisfactory
India,Maharashtra,Aurangabad,"MIDC Chilkalthana, Aurangabad - MPCB",2026-07-06 10:00:00,19.87562,75.38731,PM2.5,1.0,133.0,26.0,10,Monday,132.0,Good/Satisfactory
India,Maharashtra,Aurangabad,"Rachnakar Colony, Aurangabad - MPCB",2026-07-06 10:00:00,19.863756,75.321188,NH3,1.0,3.0,2.0,10,Monday,2.0,Good/Satisfactory
India,Maharashtra,Aurangabad,"Rachnakar Colony, Aurangabad - MPCB",2026-07-06 10:00:00,19.863756,75.321188,CO,14.0,20.0,17.0,10,Monday,6.0,Good/Satisfactory
India,Maharashtra,Badlapur,"Katrap, Badlapur - MPCB",2026-07-06 10:00:00,19.16485,73.23409,PM10,18.0,43.5,29.0,10,Monday,25.5,Good/Satisfactory
India,Maharashtra,Badlapur,"Katrap, Badlapur - MPCB",2026-07-06 10:00:00,19.16485,73.23409,NH3,2.0,4.0,3.0,10,Monday,2.0,Good/Satisfactory
India,Maharashtra,Badlapur,"Katrap, Badlapur - MPCB",2026-07-06 10:00:00,19.16485,73.23409,OZONE,17.0,24.0,20.0,10,Monday,7.0,Good/Satisfactory
India,Maharashtra,Beed,"Bir, Beed - MPCB",2026-07-06 10:00:00,18.988474,75.753873,NO2,4.0,12.0,8.0,10,Monday,8.0,Good/Satisfactory
India,Maharashtra,Mumbai,"Chakala-Andheri East, Mumbai - IITM",2026-07-06 10:00:00,19.11074,72.86084,PM2.5,8.0,23.0,14.0,10,Monday,15.0,Good/Satisfactory
India,Maharashtra,Mumbai,"Chakala-Andheri East, Mumbai - IITM",2026-07-06 10:00:00,19.11074,72.86084,NH3,7.0,9.0,8.0,10,Monday,2.0,Good/Satisfactory
India,Maharashtra,Mumbai,"Bandra Kurla Complex, Mumbai - MPCB",2026-07-06 10:00:00,19.065931,72.862131,PM2.5,13.0,27.0,20.0,10,Monday,14.0,Good/Satisfactory
India,Maharashtra,Mumbai,"Bandra Kurla Complex, Mumbai - MPCB",2026-07-06 10:00:00,19.065931,72.862131,PM10,14.0,39.0,26.0,10,Monday,25.0,Good/Satisfactory
India,Maharashtra,Mumbai,"Bandra Kurla Complex, Mumbai - MPCB",2026-07-06 10:00:00,19.065931,72.862131,NH3,8.0,8.0,8.0,10,Monday,0.0,Good/Satisfactory
India,Maharashtra,Mumbai,"Bandra Kurla Complex, Mumbai - MPCB",2026-07-06 10:00:00,19.065931,72.862131,OZONE,15.0,15.0,15.0,10,Monday,0.0,Good/Satisfactory
India,Maharashtra,Mumbai,"Worli, Mumbai - MPCB",2026-07-06 10:00:00,18.9936162,72.8128113,SO2,2.0,6.0,4.0,10,Monday,4.0,Good/Satisfactory
India,Maharashtra,Mumbai,"Borivali East, Mumbai - IITM",2026-07-06 10:00:00,19.23241,72.86895,NO2,15.0,30.0,20.0,10,Monday,15.0,Good/Satisfactory
India,Maharashtra,Mumbai,"Deonar, Mumbai - IITM",2026-07-06 10:00:00,19.04946,72.923,PM10,44.0,66.0,51.0,10,Monday,22.0,Moderate
India,Maharashtra,Mumbai,"Khindipada-Bhandup West, Mumbai - IITM",2026-07-06 10:00:00,19.1653323,72.922099,NH3,4.0,6.0,5.0,10,Monday,2.0,Good/Satisfactory
India,Maharashtra,Mumbai,"Khindipada-Bhandup West, Mumbai - IITM",2026-07-06 10:00:00,19.1653323,72.922099,SO2,3.0,14.0,8.0,10,Monday,11.0,Good/Satisfactory
India,Maharashtra,Mumbai,"Khindipada-Bhandup West, Mumbai - IITM",2026-07-06 10:00:00,19.1653323,72.922099,CO,18.0,26.0,22.0,10,Monday,8.0,Good/Satisfactory
India,Maharashtra,Mumbai,"Khindipada-Bhandup West, Mumbai - IITM",2026-07-06 10:00:00,19.1653323,72.922099,OZONE,15.0,20.0,18.0,10,Monday,5.0,Good/Satisfactory
India,Maharashtra,Nagpur,"Ambazari, Nagpur - MPCB",2026-07-06 10:00:00,21.121801,79.04952,NH3,1.0,7.0,2.0,10,Monday,6.0,Good/Satisfactory
India,Maharashtra,Pimpri-Chinchwad,"Bhosari, Pune - IITM",2026-07-06 10:00:00,18.640051,73.848956,OZONE,5.0,10.0,8.0,10,Monday,5.0,Good/Satisfactory
India,Maharashtra,Pimpri-Chinchwad,"Gavalinagar, Pimpri Chinchwad - MPCB",2026-07-06 10:00:00,18.63673,73.82487,SO2,1.0,1.0,1.0,10,Monday,0.0,Good/Satisfactory
India,Maharashtra,Pimpri-Chinchwad,"Park Street Wakad, Pimpri Chinchwad - MPCB",2026-07-06 10:00:00,18.59051,73.77946,NH3,2.0,4.0,3.0,10,Monday,2.0,Good/Satisfactory
India,Maharashtra,Pimpri-Chinchwad,"Park Street Wakad, Pimpri Chinchwad - MPCB",2026-07-06 10:00:00,18.59051,73.77946,SO2,2.0,6.0,4.0,10,Monday,4.0,Good/Satisfactory
India,Maharashtra,Pimpri-Chinchwad,"Thergaon, Pimpri Chinchwad - MPCB",2026-07-06 10:00:00,18.616318,73.765797,NO2,13.0,34.0,22.0,10,Monday,21.0,Good/Satisfactory
India,Maharashtra,Pimpri-Chinchwad,"Thergaon, Pimpri Chinchwad - MPCB",2026-07-06 10:00:00,18.616318,73.765797,SO2,1.0,2.0,1.0,10,Monday,1.0,Good/Satisfactory
India,Maharashtra,Pune,"Mhada Colony, Pune - IITM",2026-07-06 10:00:00,18.57304,73.927715,NH3,2.0,4.0,3.0,10,Monday,2.0,Good/Satisfactory
India,Maharashtra,Pune,"Savitribai Phule Pune University, Pune - MPCB",2026-07-06 10:00:00,18.547056,73.826908,PM2.5,8.0,9.0,8.0,10,Monday,1.0,Good/Satisfactory
India,Maharashtra,Pune,"Savitribai Phule Pune University, Pune - MPCB",2026-07-06 10:00:00,18.547056,73.826908,CO,26.0,28.0,27.0,10,Monday,2.0,Good/Satisfactory
India,Maharashtra,Pune,"Panchawati_Pashan, Pune - IITM",2026-07-06 10:00:00,18.536457,73.805454,PM10,22.0,34.0,26.0,10,Monday,12.0,Good/Satisfactory
India,Maharashtra,Pune,"Panchawati_Pashan, Pune - IITM",2026-07-06 10:00:00,18.536457,73.805454,OZONE,3.0,10.0,6.0,10,Monday,7.0,Good/Satisfactory
India,Maharashtra,Pune,"Katraj Dairy, Pune - MPCB",2026-07-06 10:00:00,18.45445,73.854155,PM2.5,6.0,13.0,9.0,10,Monday,7.0,Good/Satisfactory
India,Maharashtra,Belapur,"CBD Belapur, Belapur - MPCB",2026-07-06 10:00:00,19.0243902,73.0406721,PM2.5,10.0,34.0,20.0,10,Monday,24.0,Good/Satisfactory
India,Maharashtra,Bhiwandi,"Gokul Nagar, Bhiwandi - MPCB",2026-07-06 10:00:00,19.309073,73.057223,PM10,22.0,62.0,48.0,10,Monday,40.0,Good/Satisfactory
India,Maharashtra,Chandrapur,"Chauhan Colony, Chandrapur - MPCB",2026-07-06 10:00:00,19.9629,79.298714,NO2,7.0,17.0,8.0,10,Monday,10.0,Good/Satisfactory
India,Maharashtra,Chandrapur,"MIDC Khutala, Chandrapur - MPCB",2026-07-06 10:00:00,19.9775302,79.2337086,PM2.5,19.0,27.0,21.0,10,Monday,8.0,Good/Satisfactory
India,Maharashtra,Chandrapur,"MIDC Khutala, Chandrapur - MPCB",2026-07-06 10:00:00,19.9775302,79.2337086,OZONE,8.0,21.0,14.0,10,Monday,13.0,Good/Satisfactory
India,Maharashtra,Dhule,"Deopur, Dhule - MPCB",2026-07-06 10:00:00,20.918946,74.776388,PM10,31.0,46.0,39.0,10,Monday,15.0,Good/Satisfactory
India,Maharashtra,Dombivli,"Kalu Nagar, Dombivli - MPCB",2026-07-06 10:00:00,19.2268427,73.0788456,PM2.5,8.0,30.0,19.0,10,Monday,22.0,Good/Satisfactory
India,Maharashtra,Dombivli,"Kalu Nagar, Dombivli - MPCB",2026-07-06 10:00:00,19.2268427,73.0788456,NH3,1.0,1.0,1.0,10,Monday,0.0,Good/Satisfactory
India,Maharashtra,Dombivli,"Kalu Nagar, Dombivli - MPCB",2026-07-06 10:00:00,19.2268427,73.0788456,CO,5.0,7.0,5.0,10,Monday,2.0,Good/Satisfactory
India,Maharashtra,Hingoli,"Ashta Vinayak Nagar, Hingoli - MPCB",2026-07-06 10:00:00,19.710842,77.151824,NO2,3.0,9.0,5.0,10,Monday,6.0,Good/Satisfactory
India,Maharashtra,Hingoli,"Ashta Vinayak Nagar, Hingoli - MPCB",2026-07-06 10:00:00,19.710842,77.151824,NH3,1.0,4.0,1.0,10,Monday,3.0,Good/Satisfactory
India,Maharashtra,Hingoli,"Ashta Vinayak Nagar, Hingoli - MPCB",2026-07-06 10:00:00,19.710842,77.151824,CO,8.0,11.0,9.0,10,Monday,3.0,Good/Satisfactory
India,Maharashtra,Mumbai,"Mulund West, Mumbai - MPCB",2026-07-06 10:00:00,19.175,72.9419,NH3,4.0,4.0,4.0,10,Monday,0.0,Good/Satisfactory
India,Maharashtra,Mumbai,"Siddharth Nagar-Worli, Mumbai - IITM",2026-07-06 10:00:00,19.000083,72.813993,CO,24.0,30.0,27.0,10,Monday,6.0,Good/Satisfactory
India,Maharashtra,Mumbai,"Ghatkopar, Mumbai - BMC",2026-07-06 10:00:00,19.083694,72.920967,NH3,3.0,7.0,4.0,10,Monday,4.0,Good/Satisfactory
India,Maharashtra,Mumbai,"Ghatkopar, Mumbai - BMC",2026-07-06 10:00:00,19.083694,72.920967,CO,19.0,20.0,20.0,10,Monday,1.0,Good/Satisfactory
India,Maharashtra,Mumbai,"Sewri, Mumbai - BMC",2026-07-06 10:00:00,19.000084,72.85673,NH3,2.0,4.0,3.0,10,Monday,2.0,Good/Satisfactory
India,Maharashtra,Mumbai,"Sewri, Mumbai - BMC",2026-07-06 10:00:00,19.000084,72.85673,CO,22.0,22.0,22.0,10,Monday,0.0,Good/Satisfactory
India,Maharashtra,Mumbai,"Chhatrapati Shivaji Intl. Airport (T2), Mumbai - MPCB",2026-07-06 10:00:00,19.10078,72.87462,CO,11.5,20.0,14.5,10,Monday,8.5,Good/Satisfactory
India,Maharashtra,Mumbai,"Chhatrapati Shivaji Intl. Airport (T2), Mumbai - MPCB",2026-07-06 10:00:00,19.10078,72.87462,OZONE,13.5,21.0,16.0,10,Monday,7.5,Good/Satisfactory
India,Maharashtra,Mumbai,"Sion, Mumbai - MPCB",2026-07-06 10:00:00,19.047,72.8746,PM2.5,27.0,72.0,51.0,10,Monday,45.0,Moderate
India,Maharashtra,Mumbai,"Sion, Mumbai - MPCB",2026-07-06 10:00:00,19.047,72.8746,SO2,2.0,6.0,4.0,10,Monday,4.0,Good/Satisfactory
India,Maharashtra,Mumbai,"Shivaji Nagar, Mumbai - BMC",2026-07-06 10:00:00,19.060498,72.923356,PM2.5,2.0,19.0,6.0,10,Monday,17.0,Good/Satisfactory
India,Maharashtra,Mumbai,"Shivaji Nagar, Mumbai - BMC",2026-07-06 10:00:00,19.060498,72.923356,SO2,0.0,16.0,8.0,10,Monday,16.0,Good/Satisfactory
India,Maharashtra,Mumbai,"Shivaji Nagar, Mumbai - BMC",2026-07-06 10:00:00,19.060498,72.923356,OZONE,3.0,7.0,5.0,10,Monday,4.0,Good/Satisfactory
India,Maharashtra,Mira-Bhayandar,"Bhayandar West, Mira-Bhayandar - MPCB",2026-07-06 10:00:00,19.296481,72.840923,CO,13.0,14.0,14.0,10,Monday,1.0,Good/Satisfactory
India,Maharashtra,Mumbai,"Mazgaon, Mumbai - IITM",2026-07-06 10:00:00,18.96702,72.84214,NH3,5.0,7.0,6.0,10,Monday,2.0,Good/Satisfactory
India,Maharashtra,Mumbai,"Kandivali West, Mumbai - BMC",2026-07-06 10:00:00,19.215859,72.831718,SO2,1.0,4.0,2.0,10,Monday,3.0,Good/Satisfactory
India,Maharashtra,Mumbai,"Mindspace-Malad West, Mumbai - MPCB",2026-07-06 10:00:00,19.1878657,72.8304069,PM2.5,34.0,38.0,35.0,10,Monday,4.0,Moderate
India,Maharashtra,Mumbai,"Byculla, Mumbai - BMC",2026-07-06 10:00:00,18.9767,72.838,SO2,4.0,8.0,6.0,10,Monday,4.0,Good/Satisfactory
India,Maharashtra,Mumbai,"Byculla, Mumbai - BMC",2026-07-06 10:00:00,18.9767,72.838,OZONE,17.0,23.0,20.0,10,Monday,6.0,Good/Satisfactory
India,Maharashtra,Mumbai,"Kherwadi_Bandra East, Mumbai - MPCB",2026-07-06 10:00:00,19.0632143,72.8456324,CO,12.0,18.0,14.0,10,Monday,6.0,Good/Satisfactory
India,Maharashtra,Mumbai,"Kherwadi_Bandra East, Mumbai - MPCB",2026-07-06 10:00:00,19.0632143,72.8456324,OZONE,15.0,27.0,19.0,10,Monday,12.0,Good/Satisfactory
India,Maharashtra,Mumbai,"Navy Nagar-Colaba, Mumbai - IITM",2026-07-06 10:00:00,18.897756,72.81332,NH3,8.0,10.0,10.0,10,Monday,2.0,Good/Satisfactory
India,Maharashtra,Mumbai,"Navy Nagar-Colaba, Mumbai - IITM",2026-07-06 10:00:00,18.897756,72.81332,CO,9.0,31.0,16.0,10,Monday,22.0,Good/Satisfactory
India,Maharashtra,Nagpur,"Mahal, Nagpur - MPCB",2026-07-06 10:00:00,21.14472,79.107595,NH3,2.0,7.0,4.0,10,Monday,5.0,Good/Satisfactory
India,Maharashtra,Nagpur,"Opp GPO Civil Lines, Nagpur - MPCB",2026-07-06 10:00:00,21.152875,79.0517531,PM2.5,4.0,53.0,28.0,10,Monday,49.0,Good/Satisfactory
India,Maharashtra,Nagpur,"Opp GPO Civil Lines, Nagpur - MPCB",2026-07-06 10:00:00,21.152875,79.0517531,CO,9.0,37.0,19.0,10,Monday,28.0,Good/Satisfactory
India,Maharashtra,Nanded,"Sneh Nagar, Nanded - MPCB",2026-07-06 10:00:00,19.173852,77.296291,SO2,2.0,6.0,4.0,10,Monday,4.0,Good/Satisfactory
India,Maharashtra,Nanded,"Sneh Nagar, Nanded - MPCB",2026-07-06 10:00:00,19.173852,77.296291,CO,21.0,26.0,23.0,10,Monday,5.0,Good/Satisfactory
India,Maharashtra,Nashik,"MIDC Ambad, Nashik - MPCB",2026-07-06 10:00:00,19.95022,73.73148,OZONE,7.0,17.0,12.0,10,Monday,10.0,Good/Satisfactory
India,Maharashtra,Nashik,"Gangapur Road, Nashik - MPCB",2026-07-06 10:00:00,20.0073285,73.7762427,PM2.5,4.0,500.0,35.0,10,Monday,496.0,Moderate
India,Maharashtra,Nashik,"Pandav Nagari, Nashik - MPCB",2026-07-06 10:00:00,19.9591346,73.7788008,PM2.5,5.0,13.0,7.0,10,Monday,8.0,Good/Satisfactory
India,Maharashtra,Navi Mumbai,"Mahape, Navi Mumbai - MPCB",2026-07-06 10:00:00,19.1135051,73.008978,NH3,1.0,1.0,1.0,10,Monday,0.0,Good/Satisfactory
India,Maharashtra,Jalgaon,"Prabhat Colony, Jalgaon - MPCB",2026-07-06 10:00:00,21.001264,75.565602,NO2,3.0,27.0,12.0,10,Monday,24.0,Good/Satisfactory
India,Maharashtra,Jalgaon,"Prabhat Colony, Jalgaon - MPCB",2026-07-06 10:00:00,21.001264,75.565602,SO2,1.0,5.0,3.0,10,Monday,4.0,Good/Satisfactory
India,Maharashtra,Jalna,"Old MIDC, Jalna - MPCB",2026-07-06 10:00:00,19.854616,75.905894,PM10,8.0,24.0,13.0,10,Monday,16.0,Good/Satisfactory
India,Maharashtra,Kalyan,"Khadakpada, Kalyan - MPCB",2026-07-06 10:00:00,19.25292,73.142019,NO2,36.0,37.0,36.0,10,Monday,1.0,Good/Satisfactory
India,Maharashtra,Kalyan,"Khadakpada, Kalyan - MPCB",2026-07-06 10:00:00,19.25292,73.142019,NH3,1.0,1.0,1.0,10,Monday,0.0,Good/Satisfactory
India,Maharashtra,Kalyan,"Pimpleshwar Mandir, Kalyan - MPCB",2026-07-06 10:00:00,19.192056,72.9585188,NH3,2.0,4.0,3.0,10,Monday,2.0,Good/Satisfactory
India,Maharashtra,Kolhapur,"Shivaji University, Kolhapur - MPCB",2026-07-06 10:00:00,16.6870449,74.2505872,CO,1.0,6.0,3.0,10,Monday,5.0,Good/Satisfactory
India,Maharashtra,Malegaon,"Mahesh Nagar, Malegaon - MPCB",2026-07-06 10:00:00,20.555712,74.529236,NO2,16.0,19.0,18.0,10,Monday,3.0,Good/Satisfactory
India,Maharashtra,Navi Mumbai,"Sector-2E Kalamboli, Navi Mumbai - MPCB",2026-07-06 10:00:00,19.02579,73.10297,NH3,1.0,7.0,2.0,10,Monday,6.0,Good/Satisfactory
India,Maharashtra,Navi Mumbai,"Sector-2E Kalamboli, Navi Mumbai - MPCB",2026-07-06 10:00:00,19.02579,73.10297,OZONE,5.0,13.0,10.0,10,Monday,8.0,Good/Satisfactory
India,Maharashtra,Parbhani,"Masoom Colony, Parbhani - MPCB",2026-07-06 10:00:00,19.265594,76.761463,NH3,3.0,6.0,4.0,10,Monday,3.0,Good/Satisfactory
India,Maharashtra,Parbhani,"Masoom Colony, Parbhani - MPCB",2026-07-06 10:00:00,19.265594,76.761463,SO2,2.0,8.0,4.0,10,Monday,6.0,Good/Satisfactory
India,Maharashtra,Pimpri-Chinchwad,"Transport Nagar-Nigdi, Pune - IITM",2026-07-06 10:00:00,18.664282,73.763966,PM2.5,6.0,23.0,13.0,10,Monday,17.0,Good/Satisfactory
India,Maharashtra,Pimpri-Chinchwad,"Transport Nagar-Nigdi, Pune - IITM",2026-07-06 10:00:00,18.664282,73.763966,PM10,18.0,43.5,29.0,10,Monday,25.5,Good/Satisfactory
India,Maharashtra,Pimpri-Chinchwad,"Transport Nagar-Nigdi, Pune - IITM",2026-07-06 10:00:00,18.664282,73.763966,SO2,2.0,6.0,4.0,10,Monday,4.0,Good/Satisfactory
India,Odisha,Barbil,"Forest Office, Barbil - OSPCB",2026-07-06 10:00:00,22.1166054,85.3945546,NH3,1.0,29.0,5.0,10,Monday,28.0,Good/Satisfactory
India,Odisha,Baripada,"Meher Colony, Baripada - OSPCB",2026-07-06 10:00:00,21.941841,86.728318,PM10,18.0,36.0,24.0,10,Monday,18.0,Good/Satisfactory
India,Odisha,Baripada,"Meher Colony, Baripada - OSPCB",2026-07-06 10:00:00,21.941841,86.728318,NH3,0.0,2.0,1.0,10,Monday,2.0,Good/Satisfactory
India,Odisha,Baripada,"Meher Colony, Baripada - OSPCB",2026-07-06 10:00:00,21.941841,86.728318,OZONE,30.0,52.0,39.0,10,Monday,22.0,Good/Satisfactory
India,Odisha,Bhubaneswar,"Patia, Bhubaneswar - OSPCB",2026-07-06 10:00:00,20.34652,85.8163,PM2.5,15.0,28.0,20.0,10,Monday,13.0,Good/Satisfactory
India,Odisha,Bhubaneswar,"Lingraj Mandir, Bhubaneswar - OSPCB",2026-07-06 10:00:00,20.24079,85.836784,PM2.5,11.5,22.0,13.5,10,Monday,10.5,Good/Satisfactory
India,Odisha,Bhubaneswar,"Lingraj Mandir, Bhubaneswar - OSPCB",2026-07-06 10:00:00,20.24079,85.836784,NH3,2.0,5.0,3.0,10,Monday,3.0,Good/Satisfactory
India,Odisha,Bileipada,"Tata Township, Bileipada - OSPCB",2026-07-06 10:00:00,22.06156703,85.47409613,PM10,26.0,71.0,45.0,10,Monday,45.0,Good/Satisfactory
India,Odisha,Bileipada,"Tata Township, Bileipada - OSPCB",2026-07-06 10:00:00,22.06156703,85.47409613,NO2,13.0,15.0,14.0,10,Monday,2.0,Good/Satisfactory
India,Odisha,Bileipada,"Tata Township, Bileipada - OSPCB",2026-07-06 10:00:00,22.06156703,85.47409613,CO,26.0,28.0,27.0,10,Monday,2.0,Good/Satisfactory
India,Odisha,Brajrajnagar,"GM Office, Brajrajnagar - OSPCB",2026-07-06 10:00:00,21.8004996,83.8396977,PM2.5,11.5,22.0,13.5,10,Monday,10.5,Good/Satisfactory
India,Odisha,Brajrajnagar,"GM Office, Brajrajnagar - OSPCB",2026-07-06 10:00:00,21.8004996,83.8396977,PM10,14.0,45.0,24.0,10,Monday,31.0,Good/Satisfactory
India,Odisha,Brajrajnagar,"GM Office, Brajrajnagar - OSPCB",2026-07-06 10:00:00,21.8004996,83.8396977,OZONE,42.0,45.0,43.0,10,Monday,3.0,Good/Satisfactory
India,Odisha,Byasanagar,"Ferro Chrome Colony, Byasanagar - OSPCB",2026-07-06 10:00:00,20.94185,86.1151,PM10,8.0,48.0,21.0,10,Monday,40.0,Good/Satisfactory
India,Odisha,Cuttack,"CDA Area, Cuttack - OSPCB",2026-07-06 10:00:00,20.48891,85.84768,CO,39.0,51.0,47.0,10,Monday,12.0,Good/Satisfactory
India,Odisha,Keonjhar,"Jagamohanpur, Keonjhar - OSPCB",2026-07-06 10:00:00,21.6439,85.599355,CO,35.0,36.0,35.0,10,Monday,1.0,Good/Satisfactory
India,Odisha,Rairangpur,"Divisional Forest Office, Rairangpur - OSPCB",2026-07-06 10:00:00,22.265816,86.174829,NO2,8.0,16.0,12.0,10,Monday,8.0,Good/Satisfactory
India,Odisha,Rairangpur,"Divisional Forest Office, Rairangpur - OSPCB",2026-07-06 10:00:00,22.265816,86.174829,CO,21.0,32.0,26.0,10,Monday,11.0,Good/Satisfactory
India,Odisha,Rairangpur,"Divisional Forest Office, Rairangpur - OSPCB",2026-07-06 10:00:00,22.265816,86.174829,OZONE,5.0,6.0,6.0,10,Monday,1.0,Good/Satisfactory
India,Odisha,Rourkela,"Sector-2, Rourkela - OSPCB",2026-07-06 10:00:00,22.245,84.88111111,NO2,11.0,11.0,11.0,10,Monday,0.0,Good/Satisfactory
India,Odisha,Rourkela,"Sector-2, Rourkela - OSPCB",2026-07-06 10:00:00,22.245,84.88111111,SO2,4.5,9.5,7.0,10,Monday,5.0,Good/Satisfactory
India,Odisha,Suakati,"OMC Colony, Suakati - OSPCB",2026-07-06 10:00:00,21.606865,85.510538,PM10,18.0,27.0,22.0,10,Monday,9.0,Good/Satisfactory
India,Odisha,Talcher,"Talcher Coalfields,Talcher - OSPCB",2026-07-06 10:00:00,20.9360711,85.1707021,PM2.5,11.5,22.0,13.5,10,Monday,10.5,Good/Satisfactory
India,Odisha,Talcher,"Talcher Coalfields,Talcher - OSPCB",2026-07-06 10:00:00,20.9360711,85.1707021,NH3,5.0,8.0,6.0,10,Monday,3.0,Good/Satisfactory
India,Odisha,Tensa,"Barsua Iron Ore Mines, Tensa - OSPCB",2026-07-06 10:00:00,21.869985,85.167016,PM2.5,10.0,11.0,11.0,10,Monday,1.0,Good/Satisfactory
India,Odisha,Tensa,"Barsua Iron Ore Mines, Tensa - OSPCB",2026-07-06 10:00:00,21.869985,85.167016,PM10,15.0,31.0,22.0,10,Monday,16.0,Good/Satisfactory
India,Odisha,Tensa,"Barsua Iron Ore Mines, Tensa - OSPCB",2026-07-06 10:00:00,21.869985,85.167016,CO,26.0,31.0,29.0,10,Monday,5.0,Good/Satisfactory
India,Odisha,Tensa,"Barsua Iron Ore Mines, Tensa - OSPCB",2026-07-06 10:00:00,21.869985,85.167016,OZONE,1.0,1.0,1.0,10,Monday,0.0,Good/Satisfactory
India,Puducherry,Puducherry,"Jawahar Nagar, Puducherry - PPCC",2026-07-06 10:00:00,11.9309,79.8027,PM2.5,5.0,33.0,17.0,10,Monday,28.0,Good/Satisfactory
India,Puducherry,Puducherry,"Jawahar Nagar, Puducherry - PPCC",2026-07-06 10:00:00,11.9309,79.8027,NO2,6.0,19.0,11.0,10,Monday,13.0,Good/Satisfactory
India,Puducherry,Puducherry,"Jawahar Nagar, Puducherry - PPCC",2026-07-06 10:00:00,11.9309,79.8027,NH3,3.0,5.0,4.0,10,Monday,2.0,Good/Satisfactory
India,Punjab,Bathinda,"Hardev Nagar, Bathinda - PPCB",2026-07-06 10:00:00,30.233011,74.907758,NH3,6.0,7.0,6.0,10,Monday,1.0,Good/Satisfactory
India,Punjab,Bathinda,"Hardev Nagar, Bathinda - PPCB",2026-07-06 10:00:00,30.233011,74.907758,SO2,12.0,16.0,14.0,10,Monday,4.0,Good/Satisfactory
India,Punjab,Jalandhar,"Civil Line, Jalandhar - PPCB",2026-07-06 10:00:00,31.321907,75.578914,NO2,28.0,38.0,32.0,10,Monday,10.0,Good/Satisfactory
India,Maharashtra,Ulhasnagar,"Vithalwadi, Ulhasnagar - MPCB",2026-07-06 10:00:00,19.2307571,73.155192,PM10,18.0,43.5,29.0,10,Monday,25.5,Good/Satisfactory
India,Maharashtra,Ulhasnagar,"Vithalwadi, Ulhasnagar - MPCB",2026-07-06 10:00:00,19.2307571,73.155192,NH3,0.0,0.0,0.0,10,Monday,0.0,Good/Satisfactory
India,Maharashtra,Ulhasnagar,"Sidhi Vinayak Nagar, Ulhasnagar - MPCB",2026-07-06 10:00:00,19.235581,73.159121,PM2.5,13.0,37.0,21.0,10,Monday,24.0,Good/Satisfactory
India,Maharashtra,Ulhasnagar,"Sidhi Vinayak Nagar, Ulhasnagar - MPCB",2026-07-06 10:00:00,19.235581,73.159121,OZONE,8.0,16.0,11.0,10,Monday,8.0,Good/Satisfactory
India,Maharashtra,Virar,"Bolinj, Virar - MPCB",2026-07-06 10:00:00,19.445821,72.7988231,PM2.5,8.0,30.0,19.0,10,Monday,22.0,Good/Satisfactory
India,Maharashtra,Virar,"Bolinj, Virar - MPCB",2026-07-06 10:00:00,19.445821,72.7988231,NH3,2.0,4.0,3.0,10,Monday,2.0,Good/Satisfactory
India,Maharashtra,Virar,"Bolinj, Virar - MPCB",2026-07-06 10:00:00,19.445821,72.7988231,CO,5.0,6.0,6.0,10,Monday,1.0,Good/Satisfactory
India,Meghalaya,Shillong,"Lumpyngngad, Shillong - Meghalaya PCB",2026-07-06 10:00:00,25.5586,91.8985,NH3,0.0,0.0,0.0,10,Monday,0.0,Good/Satisfactory
India,Meghalaya,Shillong,"Lumpyngngad, Shillong - Meghalaya PCB",2026-07-06 10:00:00,25.5586,91.8985,CO,6.0,11.0,8.0,10,Monday,5.0,Good/Satisfactory
India,Meghalaya,Shillong,"Lumpyngngad, Shillong - Meghalaya PCB",2026-07-06 10:00:00,25.5586,91.8985,OZONE,29.0,35.0,32.0,10,Monday,6.0,Good/Satisfactory
India,Meghalaya,Shillong,"JN Stadium, Shillong - Meghalaya PCB",2026-07-06 10:00:00,25.5803419,91.8942571,PM10,10.0,69.0,34.0,10,Monday,59.0,Good/Satisfactory
India,Meghalaya,Shillong,"JN Stadium, Shillong - Meghalaya PCB",2026-07-06 10:00:00,25.5803419,91.8942571,SO2,6.0,25.0,19.0,10,Monday,19.0,Good/Satisfactory
India,Nagaland,Kohima,"PWD Junction, Kohima - NPCB",2026-07-06 10:00:00,25.6635413,94.0989878,NO2,3.0,4.0,4.0,10,Monday,1.0,Good/Satisfactory
India,Odisha,Balasore,"Kalidaspur, Balasore - OSPCB",2026-07-06 10:00:00,21.51161,86.89088,OZONE,19.0,21.0,20.0,10,Monday,2.0,Good/Satisfactory
India,Odisha,Barbil,"Forest Office, Barbil - OSPCB",2026-07-06 10:00:00,22.1166054,85.3945546,PM2.5,11.5,22.0,13.5,10,Monday,10.5,Good/Satisfactory
India,Rajasthan,Karauli,"Satyawati Vihar, Karauli - RSPCB",2026-07-06 10:00:00,26.506177,77.025989,OZONE,24.0,48.0,35.0,10,Monday,24.0,Good/Satisfactory
India,Rajasthan,Khairthal,"New Anaj Mandi, Khairthal - RSPCB",2026-07-06 10:00:00,27.8015617,76.6365217,PM10,28.0,79.0,46.0,10,Monday,51.0,Good/Satisfactory
India,Rajasthan,Kota,"Dhanmandi, Kota - RSPCB",2026-07-06 10:00:00,25.16409,75.858137,PM2.5,5.0,50.0,23.0,10,Monday,45.0,Good/Satisfactory
India,Rajasthan,Kota,"Shrinath Puram, Kota - RSPCB",2026-07-06 10:00:00,25.14389,75.821256,PM2.5,31.0,70.0,51.0,10,Monday,39.0,Moderate
India,Rajasthan,Kota,"Shrinath Puram, Kota - RSPCB",2026-07-06 10:00:00,25.14389,75.821256,PM10,40.0,81.0,59.0,10,Monday,41.0,Moderate
India,Rajasthan,Kota,"Shrinath Puram, Kota - RSPCB",2026-07-06 10:00:00,25.14389,75.821256,SO2,8.0,11.0,9.0,10,Monday,3.0,Good/Satisfactory
India,Rajasthan,Kota,"Nayapura, Kota - RSPCB",2026-07-06 10:00:00,25.196024,75.855668,PM2.5,13.0,40.0,21.0,10,Monday,27.0,Good/Satisfactory
India,Rajasthan,Nagaur,"Karni Colony, Nagaur - RSPCB",2026-07-06 10:00:00,27.213494,73.734444,NH3,4.0,13.0,8.0,10,Monday,9.0,Good/Satisfactory
India,Rajasthan,Pali,"Indira Colony Vistar, Pali - RSPCB",2026-07-06 10:00:00,25.771061,73.340227,NH3,3.0,5.0,4.0,10,Monday,2.0,Good/Satisfactory
India,Rajasthan,Pali,"Indira Colony Vistar, Pali - RSPCB",2026-07-06 10:00:00,25.771061,73.340227,CO,20.0,50.0,36.0,10,Monday,30.0,Good/Satisfactory
India,Rajasthan,Pratapgarh,"Pragati Nagar, Pratapgarh - RSPCB",2026-07-06 10:00:00,24.041198,74.780702,NH3,4.0,10.0,7.0,10,Monday,6.0,Good/Satisfactory
India,Rajasthan,Pratapgarh,"Pragati Nagar, Pratapgarh - RSPCB",2026-07-06 10:00:00,24.041198,74.780702,CO,20.0,21.0,21.0,10,Monday,1.0,Good/Satisfactory
India,Rajasthan,Rajsamand,"Dhoinda, Rajsamand - RSPCB",2026-07-06 10:00:00,25.03636,73.883502,NO2,7.0,23.0,15.0,10,Monday,16.0,Good/Satisfactory
India,Rajasthan,Rajsamand,"Dhoinda, Rajsamand - RSPCB",2026-07-06 10:00:00,25.03636,73.883502,NH3,7.0,11.0,8.0,10,Monday,4.0,Good/Satisfactory
India,Rajasthan,Dungarpur,"Bhoiwada, Dungarpur - RSPCB",2026-07-06 10:00:00,23.837789,73.714926,CO,91.0,91.0,91.0,10,Monday,0.0,Moderate
India,Rajasthan,Hanumangarh,"Housing Board, Hanumangarh - RSPCB",2026-07-06 10:00:00,29.61075,74.283608,PM2.5,11.0,55.0,29.0,10,Monday,44.0,Good/Satisfactory
India,Rajasthan,Hanumangarh,"Housing Board, Hanumangarh - RSPCB",2026-07-06 10:00:00,29.61075,74.283608,PM10,33.0,113.0,58.0,10,Monday,80.0,Moderate
India,Rajasthan,Hanumangarh,"Housing Board, Hanumangarh - RSPCB",2026-07-06 10:00:00,29.61075,74.283608,NH3,6.0,29.0,19.0,10,Monday,23.0,Good/Satisfactory
India,Rajasthan,Jaipur,"Mansarovar Sector-12, Jaipur - RSPCB",2026-07-06 10:00:00,26.843698,75.766894,OZONE,32.0,80.0,52.0,10,Monday,48.0,Moderate
India,Rajasthan,Jaipur,"Police Commissionerate, Jaipur - RSPCB",2026-07-06 10:00:00,26.9164092,75.7994901,CO,104.0,104.0,104.0,10,Monday,0.0,Poor/Severe
India,Rajasthan,Jaipur,"Adarsh Nagar, Jaipur - RSPCB",2026-07-06 10:00:00,26.902909,75.836858,CO,31.0,57.0,43.0,10,Monday,26.0,Good/Satisfactory
India,Rajasthan,Jaipur,"Adarsh Nagar, Jaipur - RSPCB",2026-07-06 10:00:00,26.902909,75.836858,OZONE,40.0,59.0,49.0,10,Monday,19.0,Good/Satisfactory
India,Rajasthan,Jaipur,"Shastri Nagar, Jaipur - RSPCB",2026-07-06 10:00:00,26.9502929,75.730943,SO2,1.0,24.0,12.0,10,Monday,23.0,Good/Satisfactory
India,Rajasthan,Jaipur,"RIICO Sitapura, Jaipur - RSPCB",2026-07-06 10:00:00,26.786682,75.827928,SO2,3.0,6.5,4.0,10,Monday,3.5,Good/Satisfactory
India,Rajasthan,Jaipur,"RIICO Sitapura, Jaipur - RSPCB",2026-07-06 10:00:00,26.786682,75.827928,OZONE,2.0,21.0,12.0,10,Monday,19.0,Good/Satisfactory
India,Rajasthan,Jaisalmer,"Sadar Bazar, Jaisalmer - RSPCB",2026-07-06 10:00:00,26.912329,70.909168,OZONE,8.0,20.0,14.0,10,Monday,12.0,Good/Satisfactory
India,Rajasthan,Jhalawar,"Rajlaxmi Nagar, Jhalawar - RSPCB",2026-07-06 10:00:00,24.588397,76.172782,CO,71.0,76.0,74.0,10,Monday,5.0,Moderate
India,Rajasthan,Jhunjhunu,"Indra Nagar, Jhunjhunu - RSPCB",2026-07-06 10:00:00,28.108988,75.386577,NO2,6.0,32.0,15.0,10,Monday,26.0,Good/Satisfactory
India,Rajasthan,Jodhpur,"Digari Kalan, Jodhpur - RSPCB",2026-07-06 10:00:00,26.29581,73.082283,PM2.5,12.0,62.0,32.0,10,Monday,50.0,Moderate
India,Rajasthan,Jodhpur,"Digari Kalan, Jodhpur - RSPCB",2026-07-06 10:00:00,26.29581,73.082283,NH3,5.0,19.0,9.0,10,Monday,14.0,Good/Satisfactory
India,Rajasthan,Jodhpur,"Digari Kalan, Jodhpur - RSPCB",2026-07-06 10:00:00,26.29581,73.082283,CO,24.0,28.0,26.0,10,Monday,4.0,Good/Satisfactory
India,Rajasthan,Jodhpur,"Digari Kalan, Jodhpur - RSPCB",2026-07-06 10:00:00,26.29581,73.082283,OZONE,14.0,35.0,26.0,10,Monday,21.0,Good/Satisfactory
India,Rajasthan,Jodhpur,"Samrat Ashok Udhyan, Jodhpur - RSPCB",2026-07-06 10:00:00,26.253384,72.976571,CO,14.0,17.0,15.0,10,Monday,3.0,Good/Satisfactory
India,Rajasthan,Jodhpur,"Jhalamand, Jodhpur - RSPCB",2026-07-06 10:00:00,26.215415,73.070156,NO2,5.0,45.0,14.0,10,Monday,40.0,Good/Satisfactory
India,Rajasthan,Jodhpur,"Jhalamand, Jodhpur - RSPCB",2026-07-06 10:00:00,26.215415,73.070156,CO,19.0,26.0,24.0,10,Monday,7.0,Good/Satisfactory
India,Rajasthan,Jodhpur,"Mandor, Jodhpur - RSPCB",2026-07-06 10:00:00,26.358805,73.047444,NO2,5.0,48.0,13.0,10,Monday,43.0,Good/Satisfactory
India,Rajasthan,Karauli,"Satyawati Vihar, Karauli - RSPCB",2026-07-06 10:00:00,26.506177,77.025989,NO2,35.0,76.0,44.0,10,Monday,41.0,Good/Satisfactory
India,Rajasthan,Karauli,"Satyawati Vihar, Karauli - RSPCB",2026-07-06 10:00:00,26.506177,77.025989,NH3,6.0,16.0,8.0,10,Monday,10.0,Good/Satisfactory
India,Maharashtra,Pune,"Katraj Dairy, Pune - MPCB",2026-07-06 10:00:00,18.45445,73.854155,SO2,2.0,3.0,2.0,10,Monday,1.0,Good/Satisfactory
India,Maharashtra,Pune,"Dhankawadi, Pune - IITM",2026-07-06 10:00:00,18.459883,73.852193,NH3,2.0,4.0,3.0,10,Monday,2.0,Good/Satisfactory
India,Maharashtra,Pune,"Dhankawadi, Pune - IITM",2026-07-06 10:00:00,18.459883,73.852193,SO2,2.0,6.0,4.0,10,Monday,4.0,Good/Satisfactory
India,Maharashtra,Sangli,"Vijay Nagar, Sangli - MPCB",2026-07-06 10:00:00,16.5038,74.3623,NH3,2.0,2.0,2.0,10,Monday,0.0,Good/Satisfactory
India,Maharashtra,Solapur,"Dnyaneshwar Nagar, Solapur - MPCB",2026-07-06 10:00:00,17.6336264,75.9132495,CO,9.0,13.0,11.0,10,Monday,4.0,Good/Satisfactory
India,Maharashtra,Solapur,"Ratandeep Housing Society, Solapur - MPCB",2026-07-06 10:00:00,17.65439,75.90649,NO2,7.0,29.0,17.0,10,Monday,22.0,Good/Satisfactory
India,Maharashtra,Thane,"Upvan Fort, Thane - MPCB",2026-07-06 10:00:00,19.222279,72.957979,PM10,20.0,37.0,25.0,10,Monday,17.0,Good/Satisfactory
India,Maharashtra,Thane,"Upvan Fort, Thane - MPCB",2026-07-06 10:00:00,19.222279,72.957979,SO2,2.0,6.0,4.0,10,Monday,4.0,Good/Satisfactory
India,Punjab,Jalandhar,"Civil Line, Jalandhar - PPCB",2026-07-06 10:00:00,31.321907,75.578914,SO2,16.0,17.0,17.0,10,Monday,1.0,Good/Satisfactory
India,Punjab,Jalandhar,"Civil Line, Jalandhar - PPCB",2026-07-06 10:00:00,31.321907,75.578914,OZONE,43.0,47.0,45.0,10,Monday,4.0,Good/Satisfactory
India,Punjab,Khanna,"Kalal Majra, Khanna - PPCB",2026-07-06 10:00:00,30.736056,76.209694,PM2.5,42.0,45.0,44.0,10,Monday,3.0,Moderate
India,Punjab,Mandi Gobindgarh,"RIMT University, Mandi Gobindgarh - PPCB",2026-07-06 10:00:00,30.649961,76.331442,PM10,76.0,165.0,118.0,10,Monday,89.0,Poor/Severe
India,Punjab,Mandi Gobindgarh,"RIMT University, Mandi Gobindgarh - PPCB",2026-07-06 10:00:00,30.649961,76.331442,NO2,24.0,25.0,25.0,10,Monday,1.0,Good/Satisfactory
India,Rajasthan,Ajmer,"Civil Lines,  Ajmer - RSPCB",2026-07-06 10:00:00,26.470859,74.646594,PM10,28.0,111.0,59.0,10,Monday,83.0,Moderate
India,Rajasthan,Ajmer,"Civil Lines,  Ajmer - RSPCB",2026-07-06 10:00:00,26.470859,74.646594,SO2,3.0,6.5,4.0,10,Monday,3.5,Good/Satisfactory
India,Rajasthan,Alwar,"Moti Doongri, Alwar - RSPCB",2026-07-06 10:00:00,27.554793,76.611536,PM2.5,42.0,127.0,60.0,10,Monday,85.0,Moderate
India,Rajasthan,Barmer,"Railway Colony, Barmer - RSPCB",2026-07-06 10:00:00,25.747299,71.393989,NH3,2.0,6.0,4.0,10,Monday,4.0,Good/Satisfactory
India,Rajasthan,Barmer,"Railway Colony, Barmer - RSPCB",2026-07-06 10:00:00,25.747299,71.393989,OZONE,8.0,31.0,16.0,10,Monday,23.0,Good/Satisfactory
India,Rajasthan,Bharatpur,"Krishna Nagar, Bharatpur - RSPCB",2026-07-06 10:00:00,27.215415,77.50873,NO2,7.0,40.0,14.0,10,Monday,33.0,Good/Satisfactory
India,Rajasthan,Bhiwadi,"Vasundhara Nagar_UIT, Bhiwadi - RSPCB",2026-07-06 10:00:00,28.207266,76.829265,SO2,17.0,24.0,19.0,10,Monday,7.0,Good/Satisfactory
India,Rajasthan,Churu,"Subash Chowk, Churu - RSPCB",2026-07-06 10:00:00,28.296139,74.961696,PM2.5,5.0,55.0,23.0,10,Monday,50.0,Good/Satisfactory
India,Rajasthan,Dausa,"Khatikan Mohalla, Dausa - RSPCB",2026-07-06 10:00:00,26.895552,76.334753,NH3,6.0,11.0,7.0,10,Monday,5.0,Good/Satisfactory
India,Uttar Pradesh,Greater Noida,"Knowledge Park - V, Greater Noida - UPPCB",2026-07-06 10:00:00,28.557054,77.453663,CO,12.0,14.0,13.0,10,Monday,2.0,Good/Satisfactory
India,Uttar Pradesh,Jhansi,"Shivaji Nagar, Jhansi - UPPCB",2026-07-06 10:00:00,25.4547,78.6039,PM2.5,8.0,28.0,17.0,10,Monday,20.0,Good/Satisfactory
India,Uttar Pradesh,Kanpur,"Nehru Nagar, Kanpur - UPPCB",2026-07-06 10:00:00,26.4703136,80.3229863,PM10,20.0,107.0,55.0,10,Monday,87.0,Moderate
India,Uttar Pradesh,Kanpur,"NSI Kalyanpur, Kanpur - UPPCB",2026-07-06 10:00:00,26.509954,80.249612,NO2,31.0,31.0,31.0,10,Monday,0.0,Good/Satisfactory
India,Uttar Pradesh,Kanpur,"NSI Kalyanpur, Kanpur - UPPCB",2026-07-06 10:00:00,26.509954,80.249612,OZONE,19.0,20.0,20.0,10,Monday,1.0,Good/Satisfactory
India,Uttar Pradesh,Kanpur,"FTI Kidwai Nagar, Kanpur - UPPCB",2026-07-06 10:00:00,26.428282,80.327067,NO2,26.0,27.0,27.0,10,Monday,1.0,Good/Satisfactory
India,Uttar Pradesh,Kanpur,"FTI Kidwai Nagar, Kanpur - UPPCB",2026-07-06 10:00:00,26.428282,80.327067,NH3,3.0,3.0,3.0,10,Monday,0.0,Good/Satisfactory
India,Uttar Pradesh,Kanpur,"FTI Kidwai Nagar, Kanpur - UPPCB",2026-07-06 10:00:00,26.428282,80.327067,OZONE,13.0,13.0,13.0,10,Monday,0.0,Good/Satisfactory
India,Uttar Pradesh,Khora,"Prashant Garden, Khora - UPPCB",2026-07-06 10:00:00,28.61119,77.34206,PM10,38.0,135.0,78.0,10,Monday,97.0,Moderate
India,Uttar Pradesh,Khora,"Prashant Garden, Khora - UPPCB",2026-07-06 10:00:00,28.61119,77.34206,NH3,11.0,16.0,13.0,10,Monday,5.0,Good/Satisfactory
India,Uttar Pradesh,Khurja,"Kalindi Kunj, Khurja - UPPCB",2026-07-06 10:00:00,28.2348927,77.8683002,SO2,10.0,11.0,10.0,10,Monday,1.0,Good/Satisfactory
India,Uttar Pradesh,Lucknow,"Kendriya Vidyalaya, Lucknow - CPCB",2026-07-06 10:00:00,26.906111,80.948222,PM2.5,13.0,48.0,30.0,10,Monday,35.0,Good/Satisfactory
India,Uttar Pradesh,Lucknow,"Kendriya Vidyalaya, Lucknow - CPCB",2026-07-06 10:00:00,26.906111,80.948222,NO2,17.0,37.0,26.0,10,Monday,20.0,Good/Satisfactory
India,Uttar Pradesh,Lucknow,"Kendriya Vidyalaya, Lucknow - CPCB",2026-07-06 10:00:00,26.906111,80.948222,CO,24.0,64.0,38.0,10,Monday,40.0,Good/Satisfactory
India,Uttar Pradesh,Lucknow,"B R Ambedkar University, Lucknow - UPPCB",2026-07-06 10:00:00,26.766433,80.927299,NO2,11.0,12.0,11.0,10,Monday,1.0,Good/Satisfactory
India,Uttar Pradesh,Lucknow,"B R Ambedkar University, Lucknow - UPPCB",2026-07-06 10:00:00,26.766433,80.927299,NH3,3.0,4.0,3.0,10,Monday,1.0,Good/Satisfactory
India,Uttar Pradesh,Agra,"Shastripuram, Agra - UPPCB",2026-07-06 10:00:00,27.19862,77.92066,OZONE,34.0,41.0,38.0,10,Monday,7.0,Good/Satisfactory
India,Uttar Pradesh,Agra,"Rohta, Agra - UPPCB",2026-07-06 10:00:00,27.106972,78.000111,PM2.5,11.0,74.0,37.0,10,Monday,63.0,Moderate
India,Uttar Pradesh,Agra,"Rohta, Agra - UPPCB",2026-07-06 10:00:00,27.106972,78.000111,SO2,5.0,12.0,8.0,10,Monday,7.0,Good/Satisfactory
India,Uttar Pradesh,Agra,"Rohta, Agra - UPPCB",2026-07-06 10:00:00,27.106972,78.000111,OZONE,11.0,12.0,12.0,10,Monday,1.0,Good/Satisfactory
India,Uttar Pradesh,Agra,"Shahjahan Garden, Agra - UPPCB",2026-07-06 10:00:00,27.169338,78.03582,SO2,46.0,56.0,51.0,10,Monday,10.0,Moderate
India,Uttar Pradesh,Agra,"Shahjahan Garden, Agra - UPPCB",2026-07-06 10:00:00,27.169338,78.03582,OZONE,1.0,1.0,1.0,10,Monday,0.0,Good/Satisfactory
India,Uttar Pradesh,Baghpat,"Sardar Patel Inter College, Baghpat - UPPCB",2026-07-06 10:00:00,28.964949,77.278761,PM2.5,11.0,74.0,37.0,10,Monday,63.0,Moderate
India,Uttar Pradesh,Bareilly,"Civil Lines, Bareilly - UPPCB",2026-07-06 10:00:00,28.359581,79.414455,PM10,16.0,41.0,30.0,10,Monday,25.0,Good/Satisfactory
India,Uttar Pradesh,Bareilly,"Rajendra Nagar, Bareilly - UPPCB",2026-07-06 10:00:00,28.38910936,79.42963708,NH3,1.0,2.0,1.0,10,Monday,1.0,Good/Satisfactory
India,Uttar Pradesh,Bulandshahr,"Yamunapuram, Bulandshahr - UPPCB",2026-07-06 10:00:00,28.406963,77.849831,NO2,13.0,38.0,21.0,10,Monday,25.0,Good/Satisfactory
India,Uttar Pradesh,Bulandshahr,"Yamunapuram, Bulandshahr - UPPCB",2026-07-06 10:00:00,28.406963,77.849831,NH3,9.0,24.0,15.0,10,Monday,15.0,Good/Satisfactory
India,Uttar Pradesh,Bulandshahr,"Yamunapuram, Bulandshahr - UPPCB",2026-07-06 10:00:00,28.406963,77.849831,OZONE,8.0,16.0,10.0,10,Monday,8.0,Good/Satisfactory
India,Uttar Pradesh,Firozabad,"Vibhab Nagar, Firozabad - UPPCB",2026-07-06 10:00:00,27.1594,78.3953,NH3,6.0,7.0,7.0,10,Monday,1.0,Good/Satisfactory
India,Uttar Pradesh,Firozabad,"Vibhab Nagar, Firozabad - UPPCB",2026-07-06 10:00:00,27.1594,78.3953,SO2,2.0,6.0,5.0,10,Monday,4.0,Good/Satisfactory
India,Uttar Pradesh,Firozabad,"Vibhab Nagar, Firozabad - UPPCB",2026-07-06 10:00:00,27.1594,78.3953,CO,17.0,28.0,25.0,10,Monday,11.0,Good/Satisfactory
India,Uttar Pradesh,Firozabad,"Vibhab Nagar, Firozabad - UPPCB",2026-07-06 10:00:00,27.1594,78.3953,OZONE,0.0,1.0,1.0,10,Monday,1.0,Good/Satisfactory
India,Uttar Pradesh,Firozabad,"Nagla Bhau, Firozabad - UPPCB",2026-07-06 10:00:00,27.168897,78.37696,PM10,17.0,68.0,38.0,10,Monday,51.0,Good/Satisfactory
India,Uttar Pradesh,Moradabad,"Employment Office, Moradabad - UPPCB",2026-07-06 10:00:00,28.88528,78.7388,PM10,32.0,115.0,53.0,10,Monday,83.0,Moderate
India,Uttar Pradesh,Moradabad,"Employment Office, Moradabad - UPPCB",2026-07-06 10:00:00,28.88528,78.7388,NO2,23.0,24.0,23.0,10,Monday,1.0,Good/Satisfactory
India,Uttar Pradesh,Moradabad,"Employment Office, Moradabad - UPPCB",2026-07-06 10:00:00,28.88528,78.7388,SO2,26.0,28.0,27.0,10,Monday,2.0,Good/Satisfactory
India,Uttar Pradesh,Moradabad,"Transport Nagar, Moradabad - UPPCB",2026-07-06 10:00:00,28.802625,78.753728,PM2.5,11.0,74.0,37.0,10,Monday,63.0,Moderate
India,Uttar Pradesh,Moradabad,"Transport Nagar, Moradabad - UPPCB",2026-07-06 10:00:00,28.802625,78.753728,SO2,18.0,20.0,19.0,10,Monday,2.0,Good/Satisfactory
India,Uttar Pradesh,Moradabad,"Eco Herbal Park, Moradabad - UPPCB",2026-07-06 10:00:00,28.840739,78.697531,PM2.5,2.0,92.0,26.0,10,Monday,90.0,Good/Satisfactory
India,Uttar Pradesh,Moradabad,"Jigar Colony, Moradabad - UPPCB",2026-07-06 10:00:00,28.856664,78.772638,PM2.5,19.0,64.0,37.0,10,Monday,45.0,Moderate
India,Uttar Pradesh,Moradabad,"Jigar Colony, Moradabad - UPPCB",2026-07-06 10:00:00,28.856664,78.772638,PM10,31.0,67.0,52.0,10,Monday,36.0,Moderate
India,Uttar Pradesh,Moradabad,"Jigar Colony, Moradabad - UPPCB",2026-07-06 10:00:00,28.856664,78.772638,OZONE,18.0,20.0,19.0,10,Monday,2.0,Good/Satisfactory
India,Uttar Pradesh,Moradabad,"Buddhi Vihar, Moradabad - UPPCB",2026-07-06 10:00:00,28.83526,78.7446,PM2.5,10.0,43.0,24.0,10,Monday,33.0,Good/Satisfactory
India,Uttar Pradesh,Moradabad,"Buddhi Vihar, Moradabad - UPPCB",2026-07-06 10:00:00,28.83526,78.7446,PM10,26.0,77.0,46.0,10,Monday,51.0,Good/Satisfactory
India,Uttar Pradesh,Moradabad,"Buddhi Vihar, Moradabad - UPPCB",2026-07-06 10:00:00,28.83526,78.7446,SO2,24.0,24.0,24.0,10,Monday,0.0,Good/Satisfactory
India,Uttar Pradesh,Moradabad,"Kashiram Nagar, Moradabad - UPPCB",2026-07-06 10:00:00,28.849399,78.742362,PM10,37.0,100.0,62.0,10,Monday,63.0,Moderate
India,Uttar Pradesh,Moradabad,"Kashiram Nagar, Moradabad - UPPCB",2026-07-06 10:00:00,28.849399,78.742362,NH3,4.0,4.0,4.0,10,Monday,0.0,Good/Satisfactory
India,Uttar Pradesh,Moradabad,"Kashiram Nagar, Moradabad - UPPCB",2026-07-06 10:00:00,28.849399,78.742362,OZONE,7.0,7.0,7.0,10,Monday,0.0,Good/Satisfactory
India,Uttar Pradesh,Muzaffarnagar,"New Mandi, Muzaffarnagar - UPPCB",2026-07-06 10:00:00,29.4723508,77.7194031,NO2,15.0,58.0,32.0,10,Monday,43.0,Good/Satisfactory
India,Uttar Pradesh,Noida,"Sector - 125, Noida - UPPCB",2026-07-06 10:00:00,28.5447608,77.3231257,PM2.5,17.0,97.0,52.0,10,Monday,80.0,Moderate
India,Rajasthan,Sawai Madhopur,"Sahu Nagar, Sawai Madhopur - RSPCB",2026-07-06 10:00:00,26.031443,76.359327,SO2,2.0,7.0,4.0,10,Monday,5.0,Good/Satisfactory
India,Rajasthan,Sawai Madhopur,"Sahu Nagar, Sawai Madhopur - RSPCB",2026-07-06 10:00:00,26.031443,76.359327,CO,41.0,60.0,48.0,10,Monday,19.0,Good/Satisfactory
India,Rajasthan,Sirohi,"Vedhaynath Colony, Sirohi - RSPCB",2026-07-06 10:00:00,24.885261,72.857549,NO2,5.0,21.0,10.0,10,Monday,16.0,Good/Satisfactory
India,Rajasthan,Sirohi,"Vedhaynath Colony, Sirohi - RSPCB",2026-07-06 10:00:00,24.885261,72.857549,SO2,3.0,7.0,5.0,10,Monday,4.0,Good/Satisfactory
India,Rajasthan,Sri Ganganagar,"Old City, Sri Ganganagar - RSPCB",2026-07-06 10:00:00,29.931624,73.864511,PM10,34.0,77.0,53.0,10,Monday,43.0,Moderate
India,Rajasthan,Sri Ganganagar,"Old City, Sri Ganganagar - RSPCB",2026-07-06 10:00:00,29.931624,73.864511,NH3,2.0,9.0,4.0,10,Monday,7.0,Good/Satisfactory
India,Rajasthan,Sri Ganganagar,"Old City, Sri Ganganagar - RSPCB",2026-07-06 10:00:00,29.931624,73.864511,OZONE,2.0,17.0,9.0,10,Monday,15.0,Good/Satisfactory
India,Rajasthan,Tonk,"Shastri Nagar, Tonk - RSPCB",2026-07-06 10:00:00,26.159933,75.780517,PM2.5,15.0,82.0,50.0,10,Monday,67.0,Moderate
India,Rajasthan,Tonk,"Shastri Nagar, Tonk - RSPCB",2026-07-06 10:00:00,26.159933,75.780517,PM10,13.0,154.0,79.0,10,Monday,141.0,Moderate
India,Rajasthan,Tonk,"Shastri Nagar, Tonk - RSPCB",2026-07-06 10:00:00,26.159933,75.780517,CO,10.0,27.0,17.0,10,Monday,17.0,Good/Satisfactory
India,Rajasthan,Tonk,"Shastri Nagar, Tonk - RSPCB",2026-07-06 10:00:00,26.159933,75.780517,OZONE,24.0,98.0,55.0,10,Monday,74.0,Moderate
India,Rajasthan,Udaipur,"Ashok Nagar, Udaipur - RSPCB",2026-07-06 10:00:00,24.5886166,73.6321397,PM2.5,7.0,82.0,43.0,10,Monday,75.0,Moderate
India,Sikkim,Gangtok,"Zero Point GICI, Gangtok - SSPCB",2026-07-06 10:00:00,27.33853,88.614099,SO2,1.0,1.0,1.0,10,Monday,0.0,Good/Satisfactory
India,Tamil Nadu,Chennai,"Arumbakkam, Chennai - TNPCB",2026-07-06 10:00:00,13.0664,80.2112,PM10,56.0,130.0,83.0,10,Monday,74.0,Moderate
India,Tamil Nadu,Chennai,"Arumbakkam, Chennai - TNPCB",2026-07-06 10:00:00,13.0664,80.2112,NO2,8.0,16.0,12.0,10,Monday,8.0,Good/Satisfactory
India,Tamil Nadu,Chennai,"Arumbakkam, Chennai - TNPCB",2026-07-06 10:00:00,13.0664,80.2112,NH3,3.0,4.0,3.0,10,Monday,1.0,Good/Satisfactory
India,Tamil Nadu,Chennai,"Arumbakkam, Chennai - TNPCB",2026-07-06 10:00:00,13.0664,80.2112,OZONE,20.0,20.0,20.0,10,Monday,0.0,Good/Satisfactory
India,Tamil Nadu,Chennai,"Velachery Res. Area, Chennai - CPCB",2026-07-06 10:00:00,13.0052189,80.2398125,CO,26.0,36.0,33.0,10,Monday,10.0,Good/Satisfactory
India,Tamil Nadu,Chennai,"Kodungaiyur, Chennai - TNPCB",2026-07-06 10:00:00,13.1278,80.2642,NO2,11.0,17.0,13.0,10,Monday,6.0,Good/Satisfactory
India,Tamil Nadu,Chennai,"Kodungaiyur, Chennai - TNPCB",2026-07-06 10:00:00,13.1278,80.2642,NH3,3.0,5.0,4.0,10,Monday,2.0,Good/Satisfactory
India,Tamil Nadu,Chennai,"Kodungaiyur, Chennai - TNPCB",2026-07-06 10:00:00,13.1278,80.2642,SO2,4.0,7.0,6.0,10,Monday,3.0,Good/Satisfactory
India,Tamil Nadu,Chennai,"Kodungaiyur, Chennai - TNPCB",2026-07-06 10:00:00,13.1278,80.2642,CO,29.0,34.0,31.0,10,Monday,5.0,Good/Satisfactory
India,Tamil Nadu,Chennai,"Perungudi, Chennai - TNPCB",2026-07-06 10:00:00,12.9533,80.2357,PM10,25.0,363.0,70.0,10,Monday,338.0,Moderate
India,Tamil Nadu,Chennai,"Perungudi, Chennai - TNPCB",2026-07-06 10:00:00,12.9533,80.2357,SO2,1.0,9.0,6.0,10,Monday,8.0,Good/Satisfactory
India,Tamil Nadu,Chennai,"Perungudi, Chennai - TNPCB",2026-07-06 10:00:00,12.9533,80.2357,OZONE,1.0,2.0,1.0,10,Monday,1.0,Good/Satisfactory
India,Tamil Nadu,Chennai,"Royapuram, Chennai - TNPCB",2026-07-06 10:00:00,13.1036,80.2909,PM10,47.0,61.0,53.0,10,Monday,14.0,Moderate
India,Tamil Nadu,Coimbatore,"SIDCO Kurichi, Coimbatore - TNPCB",2026-07-06 10:00:00,10.942451,76.978996,PM10,25.0,25.0,25.0,10,Monday,0.0,Good/Satisfactory
India,Tamil Nadu,Coimbatore,"SIDCO Kurichi, Coimbatore - TNPCB",2026-07-06 10:00:00,10.942451,76.978996,NO2,22.0,23.0,23.0,10,Monday,1.0,Good/Satisfactory
India,Tamil Nadu,Coimbatore,"SIDCO Kurichi, Coimbatore - TNPCB",2026-07-06 10:00:00,10.942451,76.978996,NH3,1.0,1.0,1.0,10,Monday,0.0,Good/Satisfactory
India,Tamil Nadu,Coimbatore,"SIDCO Kurichi, Coimbatore - TNPCB",2026-07-06 10:00:00,10.942451,76.978996,OZONE,20.0,20.0,20.0,10,Monday,0.0,Good/Satisfactory
India,Tamil Nadu,Cuddalore,"Semmandalam, Cuddalore - TNPCB",2026-07-06 10:00:00,11.7637683,79.7499835,PM2.5,25.0,43.0,37.0,10,Monday,18.0,Moderate
India,Tamil Nadu,Thoothukudi,"Meelavittan, Thoothukudi - TNPCB",2026-07-06 10:00:00,8.816428,78.099039,PM10,34.0,121.0,72.0,10,Monday,87.0,Moderate
India,Tamil Nadu,Thoothukudi,"Meelavittan, Thoothukudi - TNPCB",2026-07-06 10:00:00,8.816428,78.099039,NO2,13.0,22.0,17.0,10,Monday,9.0,Good/Satisfactory
India,Telangana,Hyderabad,"IDA Pashamylaram, Hyderabad - TSPCB",2026-07-06 10:00:00,17.5316895,78.218939,PM2.5,8.0,33.0,17.0,10,Monday,25.0,Good/Satisfactory
India,Telangana,Hyderabad,"IDA Pashamylaram, Hyderabad - TSPCB",2026-07-06 10:00:00,17.5316895,78.218939,CO,6.0,30.0,17.0,10,Monday,24.0,Good/Satisfactory
India,Telangana,Hyderabad,"IDA Pashamylaram, Hyderabad - TSPCB",2026-07-06 10:00:00,17.5316895,78.218939,OZONE,14.0,22.0,21.0,10,Monday,8.0,Good/Satisfactory
India,Telangana,Hyderabad,"ECIL Kapra, Hyderabad - TSPCB",2026-07-06 10:00:00,17.470431,78.566959,PM2.5,41.0,50.0,43.0,10,Monday,9.0,Moderate
India,Telangana,Hyderabad,"Somajiguda, Hyderabad - TSPCB",2026-07-06 10:00:00,17.417094,78.457437,NH3,3.0,3.0,3.0,10,Monday,0.0,Good/Satisfactory
India,Telangana,Hyderabad,"Somajiguda, Hyderabad - TSPCB",2026-07-06 10:00:00,17.417094,78.457437,CO,17.0,33.0,20.0,10,Monday,16.0,Good/Satisfactory
India,Telangana,Hyderabad,"Sanathnagar, Hyderabad - TSPCB",2026-07-06 10:00:00,17.4559458,78.4332152,PM2.5,3.0,41.0,23.0,10,Monday,38.0,Good/Satisfactory
India,Telangana,Hyderabad,"ICRISAT Patancheru, Hyderabad - TSPCB",2026-07-06 10:00:00,17.5184,78.278777,PM2.5,29.0,36.0,33.0,10,Monday,7.0,Moderate
India,Telangana,Hyderabad,"ICRISAT Patancheru, Hyderabad - TSPCB",2026-07-06 10:00:00,17.5184,78.278777,OZONE,14.0,17.0,15.0,10,Monday,3.0,Good/Satisfactory
India,Telangana,Hyderabad,"IITH Kandi, Hyderabad - TSPCB",2026-07-06 10:00:00,17.585705,78.126199,PM2.5,31.0,36.0,35.0,10,Monday,5.0,Moderate
India,Telangana,Hyderabad,"IITH Kandi, Hyderabad - TSPCB",2026-07-06 10:00:00,17.585705,78.126199,NH3,3.0,3.0,3.0,10,Monday,0.0,Good/Satisfactory
India,Telangana,Hyderabad,"Ramachandrapuram, Hyderabad - TSPCB",2026-07-06 10:00:00,17.528544,78.286195,PM10,41.0,61.0,59.0,10,Monday,20.0,Moderate
India,Telangana,Hyderabad,"Ramachandrapuram, Hyderabad - TSPCB",2026-07-06 10:00:00,17.528544,78.286195,NH3,4.0,5.0,4.0,10,Monday,1.0,Good/Satisfactory
India,Telangana,Hyderabad,"Ramachandrapuram, Hyderabad - TSPCB",2026-07-06 10:00:00,17.528544,78.286195,CO,14.0,18.0,16.0,10,Monday,4.0,Good/Satisfactory
India,Telangana,Hyderabad,"Nacharam_TSIIC IALA, Hyderabad - TSPCB",2026-07-06 10:00:00,17.429398,78.569354,PM2.5,29.0,36.0,33.0,10,Monday,7.0,Moderate
India,Telangana,Hyderabad,"Nacharam_TSIIC IALA, Hyderabad - TSPCB",2026-07-06 10:00:00,17.429398,78.569354,PM10,44.5,58.0,53.0,10,Monday,13.5,Moderate
India,Uttar Pradesh,Ghaziabad,"Indirapuram, Ghaziabad - UPPCB",2026-07-06 10:00:00,28.646233,77.358075,PM10,24.0,152.0,91.0,10,Monday,128.0,Moderate
India,Uttar Pradesh,Ghaziabad,"Indirapuram, Ghaziabad - UPPCB",2026-07-06 10:00:00,28.646233,77.358075,NO2,10.0,29.0,17.0,10,Monday,19.0,Good/Satisfactory
India,Uttar Pradesh,Ghaziabad,"Indirapuram, Ghaziabad - UPPCB",2026-07-06 10:00:00,28.646233,77.358075,SO2,13.0,15.0,15.0,10,Monday,2.0,Good/Satisfactory
India,Uttar Pradesh,Gorakhpur,"Madan Mohan Malaviya University of Technology, Gorakhpur - UPPCB",2026-07-06 10:00:00,26.730136,83.433859,NO2,10.0,11.0,11.0,10,Monday,1.0,Good/Satisfactory
India,Uttar Pradesh,Gorakhpur,"Madan Mohan Malaviya University of Technology, Gorakhpur - UPPCB",2026-07-06 10:00:00,26.730136,83.433859,NH3,1.0,1.0,1.0,10,Monday,0.0,Good/Satisfactory
India,Uttar Pradesh,Gorakhpur,"Madan Mohan Malaviya University of Technology, Gorakhpur - UPPCB",2026-07-06 10:00:00,26.730136,83.433859,OZONE,8.0,17.0,13.0,10,Monday,9.0,Good/Satisfactory
India,Uttar Pradesh,Greater Noida,"Knowledge Park - III, Greater Noida - UPPCB",2026-07-06 10:00:00,28.47272,77.482,NO2,7.0,52.0,23.0,10,Monday,45.0,Good/Satisfactory
India,Uttar Pradesh,Greater Noida,"Knowledge Park - III, Greater Noida - UPPCB",2026-07-06 10:00:00,28.47272,77.482,CO,28.0,30.0,28.0,10,Monday,2.0,Good/Satisfactory
India,Uttar Pradesh,Greater Noida,"Knowledge Park - III, Greater Noida - UPPCB",2026-07-06 10:00:00,28.47272,77.482,OZONE,9.0,22.0,14.0,10,Monday,13.0,Good/Satisfactory
India,Uttar Pradesh,Greater Noida,"Knowledge Park - V, Greater Noida - UPPCB",2026-07-06 10:00:00,28.557054,77.453663,NO2,20.0,71.0,48.0,10,Monday,51.0,Good/Satisfactory
India,Uttar Pradesh,Greater Noida,"Knowledge Park - V, Greater Noida - UPPCB",2026-07-06 10:00:00,28.557054,77.453663,NH3,17.0,25.0,20.0,10,Monday,8.0,Good/Satisfactory
India,Telangana,Hyderabad,"Central University, Hyderabad - TSPCB",2026-07-06 10:00:00,17.460103,78.334361,NH3,1.0,5.0,3.0,10,Monday,4.0,Good/Satisfactory
India,Telangana,Hyderabad,"Central University, Hyderabad - TSPCB",2026-07-06 10:00:00,17.460103,78.334361,CO,12.0,14.0,13.0,10,Monday,2.0,Good/Satisfactory
India,Telangana,Hyderabad,"New Malakpet, Hyderabad - TSPCB",2026-07-06 10:00:00,17.37206,78.50864,PM2.5,20.0,27.0,23.0,10,Monday,7.0,Good/Satisfactory
India,Telangana,Hyderabad,"New Malakpet, Hyderabad - TSPCB",2026-07-06 10:00:00,17.37206,78.50864,CO,21.0,24.0,22.0,10,Monday,3.0,Good/Satisfactory
India,Tripura,Agartala,"Bardowali, Agartala - Tripura SPCB",2026-07-06 10:00:00,23.8175497,91.2726974,SO2,8.0,8.0,8.0,10,Monday,0.0,Good/Satisfactory
India,Uttar Pradesh,Agra,"Sanjay Palace, Agra - UPPCB",2026-07-06 10:00:00,27.19865833,78.00598056,PM2.5,11.0,74.0,37.0,10,Monday,63.0,Moderate
India,Uttar Pradesh,Agra,"Manoharpur, Agra - UPPCB",2026-07-06 10:00:00,27.23711,78.01936,PM2.5,75.0,176.0,105.0,10,Monday,101.0,Poor/Severe
India,Uttar Pradesh,Agra,"Sector-3B Avas Vikas Colony, Agra - UPPCB",2026-07-06 10:00:00,27.19412,77.96237,NH3,7.0,8.0,8.0,10,Monday,1.0,Good/Satisfactory
India,Uttar Pradesh,Agra,"Sector-3B Avas Vikas Colony, Agra - UPPCB",2026-07-06 10:00:00,27.19412,77.96237,SO2,14.0,15.0,14.0,10,Monday,1.0,Good/Satisfactory
India,Uttar Pradesh,Lucknow,"Lalbagh, Lucknow - CPCB",2026-07-06 10:00:00,26.8458805,80.9365541,PM10,37.0,92.0,60.0,10,Monday,55.0,Moderate
India,Uttar Pradesh,Lucknow,"Kukrail Picnic Spot-1, Lucknow - UPPCB",2026-07-06 10:00:00,26.90723,80.98579,OZONE,71.0,85.0,79.0,10,Monday,14.0,Moderate
India,Uttar Pradesh,Mathura,"Pali Dungra, Mathura - UPPCB",2026-07-06 10:00:00,27.410954,77.550619,NH3,1.0,2.0,1.0,10,Monday,1.0,Good/Satisfactory
India,Uttar Pradesh,Meerut,"MIET College, Meerut - UPPCB",2026-07-06 10:00:00,28.972677,77.641018,NO2,18.0,50.0,32.0,10,Monday,32.0,Good/Satisfactory
India,Uttar Pradesh,Noida,"Sector - 125, Noida - UPPCB",2026-07-06 10:00:00,28.5447608,77.3231257,PM10,29.0,150.0,85.0,10,Monday,121.0,Moderate
India,Uttar Pradesh,Noida,"Sector-116, Noida - UPPCB",2026-07-06 10:00:00,28.56923,77.393848,PM10,20.0,107.0,55.0,10,Monday,87.0,Moderate
India,Uttar Pradesh,Noida,"Sector-116, Noida - UPPCB",2026-07-06 10:00:00,28.56923,77.393848,NH3,5.0,6.0,6.0,10,Monday,1.0,Good/Satisfactory
India,Uttar Pradesh,Prayagraj,"Motilal Nehru NIT, Prayagraj - UPPCB",2026-07-06 10:00:00,25.494,81.863,OZONE,11.0,22.0,14.0,10,Monday,11.0,Good/Satisfactory
India,Uttar Pradesh,Prayagraj,"Jhunsi, Prayagraj - UPPCB",2026-07-06 10:00:00,25.425602,81.917152,NH3,5.0,6.0,6.0,10,Monday,1.0,Good/Satisfactory
India,Uttar Pradesh,Raebareli," Indira Nagar, Raebareli - NTPC Unchahar",2026-07-06 10:00:00,26.207781,81.245571,PM10,20.0,107.0,55.0,10,Monday,87.0,Moderate
India,Uttar Pradesh,Raebareli," Indira Nagar, Raebareli - NTPC Unchahar",2026-07-06 10:00:00,26.207781,81.245571,NO2,15.0,23.0,19.0,10,Monday,8.0,Good/Satisfactory
India,Uttar Pradesh,Raebareli," Indira Nagar, Raebareli - NTPC Unchahar",2026-07-06 10:00:00,26.207781,81.245571,SO2,11.0,14.0,12.0,10,Monday,3.0,Good/Satisfactory
India,Uttar Pradesh,Varanasi,"Maldahiya, Varanasi - UPPCB",2026-07-06 10:00:00,25.32393,82.99687,NO2,2.0,6.0,3.0,10,Monday,4.0,Good/Satisfactory
India,Uttar Pradesh,Varanasi,"Maldahiya, Varanasi - UPPCB",2026-07-06 10:00:00,25.32393,82.99687,NH3,0.0,0.0,0.0,10,Monday,0.0,Good/Satisfactory
India,Uttar Pradesh,Varanasi,"Maldahiya, Varanasi - UPPCB",2026-07-06 10:00:00,25.32393,82.99687,OZONE,4.0,4.0,4.0,10,Monday,0.0,Good/Satisfactory
India,Uttar Pradesh,Varanasi,"Ardhali Bazar, Varanasi - UPPCB",2026-07-06 10:00:00,25.3505986,82.9083074,SO2,12.0,20.0,15.0,10,Monday,8.0,Good/Satisfactory
India,Uttar Pradesh,Varanasi,"Ardhali Bazar, Varanasi - UPPCB",2026-07-06 10:00:00,25.3505986,82.9083074,OZONE,44.0,44.0,44.0,10,Monday,0.0,Good/Satisfactory
India,Uttar Pradesh,Varanasi,"IESD Banaras Hindu University, Varanasi - UPPCB",2026-07-06 10:00:00,25.262326,82.995408,PM10,14.0,35.0,25.0,10,Monday,21.0,Good/Satisfactory
India,Uttar Pradesh,Varanasi,"IESD Banaras Hindu University, Varanasi - UPPCB",2026-07-06 10:00:00,25.262326,82.995408,NO2,2.0,2.0,2.0,10,Monday,0.0,Good/Satisfactory
India,Uttar Pradesh,Vrindavan,"Omex Eternity, Vrindavan - UPPCB",2026-07-06 10:00:00,27.571409,77.655757,NO2,27.0,27.0,27.0,10,Monday,0.0,Good/Satisfactory
India,Uttar Pradesh,Vrindavan,"Omex Eternity, Vrindavan - UPPCB",2026-07-06 10:00:00,27.571409,77.655757,NH3,7.0,9.0,8.0,10,Monday,2.0,Good/Satisfactory
India,Uttarakhand,Dehradun,"Doon University, Dehradun - UKPCB",2026-07-06 10:00:00,30.269444,78.044167,SO2,0.0,1.0,1.0,10,Monday,1.0,Good/Satisfactory
India,Uttarakhand,Dehradun,"Doon University, Dehradun - UKPCB",2026-07-06 10:00:00,30.269444,78.044167,CO,16.0,22.0,18.0,10,Monday,6.0,Good/Satisfactory
India,Uttarakhand,Kashipur,"Govt. Girls Inter College, Kashipur - UKPCB",2026-07-06 10:00:00,29.2124114,78.9611753,PM2.5,1.5,34.0,21.5,10,Monday,32.5,Good/Satisfactory
India,Uttarakhand,Kashipur,"Govt. Girls Inter College, Kashipur - UKPCB",2026-07-06 10:00:00,29.2124114,78.9611753,CO,10.0,18.0,14.0,10,Monday,8.0,Good/Satisfactory
India,Uttarakhand,Rishikesh,"Shivaji Nagar, Rishikesh - UKPCB",2026-07-06 10:00:00,30.075911,78.2859547,PM2.5,2.0,2.0,2.0,10,Monday,0.0,Good/Satisfactory
India,Uttarakhand,Rishikesh,"Shivaji Nagar, Rishikesh - UKPCB",2026-07-06 10:00:00,30.075911,78.2859547,NO2,7.0,7.0,7.0,10,Monday,0.0,Good/Satisfactory
India,Uttarakhand,Rishikesh,"Shivaji Nagar, Rishikesh - UKPCB",2026-07-06 10:00:00,30.075911,78.2859547,SO2,1.0,1.0,1.0,10,Monday,0.0,Good/Satisfactory
India,Uttarakhand,Rishikesh,"Shivaji Nagar, Rishikesh - UKPCB",2026-07-06 10:00:00,30.075911,78.2859547,CO,37.0,37.0,37.0,10,Monday,0.0,Good/Satisfactory
India,West Bengal,Asansol,"Evelyn Lodge, Asansol - WBPCB",2026-07-06 10:00:00,23.697936,86.944395,NH3,4.0,5.0,5.0,10,Monday,1.0,Good/Satisfactory
India,West Bengal,Asansol,"Evelyn Lodge, Asansol - WBPCB",2026-07-06 10:00:00,23.697936,86.944395,CO,23.0,33.0,28.0,10,Monday,10.0,Good/Satisfactory
India,West Bengal,Asansol,"Asansol Court Area, Asansol - WBPCB",2026-07-06 10:00:00,23.685297,86.945968,NO2,26.0,32.0,29.0,10,Monday,6.0,Good/Satisfactory
India,West Bengal,Asansol,"Trivenidevi Bhalotia College, Asansol - WBPCB",2026-07-06 10:00:00,23.616515,87.119133,PM2.5,4.0,22.0,11.0,10,Monday,18.0,Good/Satisfactory
India,West Bengal,Asansol,"Trivenidevi Bhalotia College, Asansol - WBPCB",2026-07-06 10:00:00,23.616515,87.119133,SO2,26.0,31.0,29.0,10,Monday,5.0,Good/Satisfactory
India,West Bengal,Asansol,"Trivenidevi Bhalotia College, Asansol - WBPCB",2026-07-06 10:00:00,23.616515,87.119133,OZONE,6.0,7.0,7.0,10,Monday,1.0,Good/Satisfactory
India,West Bengal,Barrackpore,"SVSPA Campus, Barrackpore - WBPCB",2026-07-06 10:00:00,22.7605581,88.3617589,NO2,10.0,15.0,12.0,10,Monday,5.0,Good/Satisfactory
India,West Bengal,Barrackpore,"SVSPA Campus, Barrackpore - WBPCB",2026-07-06 10:00:00,22.7605581,88.3617589,NH3,6.0,7.0,6.0,10,Monday,1.0,Good/Satisfactory
India,West Bengal,Durgapur,"PCBL Residential Complex, Durgapur - WBPCB",2026-07-06 10:00:00,23.508764,87.35444,PM10,6.0,18.0,11.0,10,Monday,12.0,Good/Satisfactory
India,West Bengal,Durgapur,"PCBL Residential Complex, Durgapur - WBPCB",2026-07-06 10:00:00,23.508764,87.35444,NO2,61.0,64.0,63.0,10,Monday,3.0,Moderate
India,West Bengal,Haldia,"Priyambada Housing Estate, Haldia - WBPCB",2026-07-06 10:00:00,22.06047,88.109737,NO2,7.0,23.0,11.0,10,Monday,16.0,Good/Satisfactory
India,West Bengal,Haldia,"Priyambada Housing Estate, Haldia - WBPCB",2026-07-06 10:00:00,22.06047,88.109737,SO2,4.0,27.0,10.0,10,Monday,23.0,Good/Satisfactory
India,West Bengal,Howrah,"Botanical Garden, Howrah - WBPCB",2026-07-06 10:00:00,22.554954,88.292568,PM10,17.0,37.0,26.0,10,Monday,20.0,Good/Satisfactory
India,West Bengal,Howrah,"Botanical Garden, Howrah - WBPCB",2026-07-06 10:00:00,22.554954,88.292568,NH3,1.0,2.0,1.0,10,Monday,1.0,Good/Satisfactory
India,West Bengal,Howrah,"Belur Math, Howrah - WBPCB",2026-07-06 10:00:00,22.629801,88.352017,PM10,14.0,30.0,20.0,10,Monday,16.0,Good/Satisfactory
India,West Bengal,Howrah,"Belur Math, Howrah - WBPCB",2026-07-06 10:00:00,22.629801,88.352017,SO2,5.0,6.0,5.0,10,Monday,1.0,Good/Satisfactory
India,West Bengal,Howrah,"Belur Math, Howrah - WBPCB",2026-07-06 10:00:00,22.629801,88.352017,CO,7.0,18.0,11.0,10,Monday,11.0,Good/Satisfactory
India,West Bengal,Howrah,"Padmapukur, Howrah - WBPCB",2026-07-06 10:00:00,22.5687319,88.2797276,NO2,14.0,23.0,19.0,10,Monday,9.0,Good/Satisfactory
India,West Bengal,Howrah,"Padmapukur, Howrah - WBPCB",2026-07-06 10:00:00,22.5687319,88.2797276,OZONE,20.0,25.0,23.0,10,Monday,5.0,Good/Satisfactory
India,West Bengal,Howrah,"Dasnagar, Howrah - WBPCB",2026-07-06 10:00:00,22.6025571,88.3105664,SO2,10.0,11.0,10.0,10,Monday,1.0,Good/Satisfactory
India,West Bengal,Howrah,"Dasnagar, Howrah - WBPCB",2026-07-06 10:00:00,22.6025571,88.3105664,OZONE,36.0,45.0,42.0,10,Monday,9.0,Good/Satisfactory
India,West Bengal,Howrah,"Ghusuri, Howrah - WBPCB",2026-07-06 10:00:00,22.611968,88.347422,NO2,52.0,64.0,58.0,10,Monday,12.0,Moderate
India,West Bengal,Kolkata,"Rabindra Sarobar, Kolkata - WBPCB",2026-07-06 10:00:00,22.51106,88.35142,PM2.5,13.0,13.0,13.0,10,Monday,0.0,Good/Satisfactory
India,West Bengal,Kolkata,"Rabindra Sarobar, Kolkata - WBPCB",2026-07-06 10:00:00,22.51106,88.35142,PM10,18.0,18.0,18.0,10,Monday,0.0,Good/Satisfactory
India,West Bengal,Kolkata,"Rabindra Sarobar, Kolkata - WBPCB",2026-07-06 10:00:00,22.51106,88.35142,NH3,6.0,7.0,6.0,10,Monday,1.0,Good/Satisfactory
India,West Bengal,Kolkata,"Ballygunge, Kolkata - WBPCB",2026-07-06 10:00:00,22.5367507,88.3638022,PM10,19.0,20.0,19.0,10,Monday,1.0,Good/Satisfactory
India,West Bengal,Kolkata,"Ballygunge, Kolkata - WBPCB",2026-07-06 10:00:00,22.5367507,88.3638022,NO2,16.0,32.0,22.0,10,Monday,16.0,Good/Satisfactory
India,West Bengal,Kolkata,"Victoria, Kolkata - WBPCB",2026-07-06 10:00:00,22.5448082,88.3403691,SO2,13.0,19.0,17.0,10,Monday,6.0,Good/Satisfactory
India,West Bengal,Kolkata,"Victoria, Kolkata - WBPCB",2026-07-06 10:00:00,22.5448082,88.3403691,CO,107.0,110.0,109.0,10,Monday,3.0,Poor/Severe
India,West Bengal,Kolkata,"Bidhannagar, Kolkata - WBPCB",2026-07-06 10:00:00,22.58157048,88.41002457,NH3,5.0,6.0,5.0,10,Monday,1.0,Good/Satisfactory
India,West Bengal,Kolkata,"Jadavpur, Kolkata - WBPCB",2026-07-06 10:00:00,22.49929,88.36917,NO2,16.0,25.0,20.0,10,Monday,9.0,Good/Satisfactory
India,West Bengal,Kolkata,"Rabindra Bharati University, Kolkata - WBPCB",2026-07-06 10:00:00,22.627847,88.380669,OZONE,12.0,18.0,14.0,10,Monday,6.0,Good/Satisfactory
India,Bihar,Araria,"Kharahiya Basti, Araria - BSPCB",2026-07-06 10:00:00,26.146529,87.454184,CO,6.0,10.0,8.0,10,Monday,4.0,Good/Satisfactory
India,Bihar,Arrah,"New DM Office, Arrah - BSPCB",2026-07-06 10:00:00,25.5626095,84.663264,PM10,28.0,500.0,159.0,10,Monday,472.0,Poor/Severe
India,Bihar,Arrah,"New DM Office, Arrah - BSPCB",2026-07-06 10:00:00,25.5626095,84.663264,NH3,2.0,2.0,2.0,10,Monday,0.0,Good/Satisfactory
India,Bihar,Begusarai,"Lohiyanagar, Begusarai - BSPCB",2026-07-06 10:00:00,25.42742023,86.13886079,CO,5.0,18.0,13.0,10,Monday,13.0,Good/Satisfactory
India,Bihar,Bettiah,"Kamalnath Nagar, Bettiah - BSPCB",2026-07-06 10:00:00,26.80365,84.51954,PM2.5,20.0,61.0,37.0,10,Monday,41.0,Moderate
India,Bihar,Bhagalpur,"Mayaganj, Bhagalpur - BSPCB",2026-07-06 10:00:00,25.265194,87.012947,NO2,2.0,9.0,7.0,10,Monday,7.0,Good/Satisfactory
India,Bihar,Bhagalpur,"Mayaganj, Bhagalpur - BSPCB",2026-07-06 10:00:00,25.265194,87.012947,NH3,1.0,7.0,3.0,10,Monday,6.0,Good/Satisfactory
India,Bihar,Bhagalpur,"Mayaganj, Bhagalpur - BSPCB",2026-07-06 10:00:00,25.265194,87.012947,SO2,4.0,59.0,25.0,10,Monday,55.0,Good/Satisfactory
India,Bihar,Bhagalpur,"DM Office_Kachari Chowk, Bhagalpur - BSPCB",2026-07-06 10:00:00,25.251013,86.989001,SO2,1.0,42.0,20.0,10,Monday,41.0,Good/Satisfactory
India,Bihar,Bihar Sharif,"D M Colony, Bihar Sharif - BSPCB",2026-07-06 10:00:00,25.204762,85.51496,NO2,9.0,10.0,9.0,10,Monday,1.0,Good/Satisfactory
India,Bihar,Buxar,"Charitra Van, Buxar - BSPCB",2026-07-06 10:00:00,25.56752,83.966379,PM2.5,20.0,61.0,37.0,10,Monday,41.0,Moderate
India,Bihar,Buxar,"Charitra Van, Buxar - BSPCB",2026-07-06 10:00:00,25.56752,83.966379,SO2,30.0,36.0,32.0,10,Monday,6.0,Good/Satisfactory
India,Bihar,Chhapra,"Darshan Nagar, Chhapra - BSPCB",2026-07-06 10:00:00,25.7808257,84.7446768,OZONE,3.0,4.0,3.0,10,Monday,1.0,Good/Satisfactory
India,Bihar,Gaya,"Collectorate, Gaya - BSPCB",2026-07-06 10:00:00,24.7955,84.9994,PM2.5,20.0,61.0,37.0,10,Monday,41.0,Moderate
India,Bihar,Gaya,"Collectorate, Gaya - BSPCB",2026-07-06 10:00:00,24.7955,84.9994,SO2,6.5,14.5,11.5,10,Monday,8.0,Good/Satisfactory
India,Bihar,Gaya,"SFTI Kusdihra, Gaya - BSPCB",2026-07-06 10:00:00,24.762518,84.982348,PM10,19.0,49.0,36.0,10,Monday,30.0,Good/Satisfactory
India,Bihar,Gaya,"Kareemganj, Gaya - BSPCB",2026-07-06 10:00:00,24.792403,84.992416,PM10,5.0,115.0,46.0,10,Monday,110.0,Good/Satisfactory
India,Bihar,Gaya,"Kareemganj, Gaya - BSPCB",2026-07-06 10:00:00,24.792403,84.992416,NO2,9.0,13.0,12.0,10,Monday,4.0,Good/Satisfactory
India,Bihar,Gaya,"Kareemganj, Gaya - BSPCB",2026-07-06 10:00:00,24.792403,84.992416,SO2,43.0,44.0,44.0,10,Monday,1.0,Good/Satisfactory
India,Bihar,Gaya,"Kareemganj, Gaya - BSPCB",2026-07-06 10:00:00,24.792403,84.992416,CO,28.0,29.0,29.0,10,Monday,1.0,Good/Satisfactory
India,Bihar,Kishanganj,"SDM Office_Khagra, Kishanganj - BSPCB",2026-07-06 10:00:00,26.0881305,87.93840336,OZONE,31.0,39.0,34.0,10,Monday,8.0,Good/Satisfactory
India,Bihar,Motihari,"Gandak Colony, Motihari - BSPCB",2026-07-06 10:00:00,26.63086,84.90051,NH3,3.0,3.5,3.0,10,Monday,0.5,Good/Satisfactory
India,Bihar,Motihari,"Gandak Colony, Motihari - BSPCB",2026-07-06 10:00:00,26.63086,84.90051,OZONE,57.0,57.0,57.0,10,Monday,0.0,Moderate
India,Bihar,Munger,"Town Hall, Munger - BSPCB",2026-07-06 10:00:00,25.376776,86.471523,PM2.5,20.0,61.0,37.0,10,Monday,41.0,Moderate
India,Bihar,Munger,"Town Hall, Munger - BSPCB",2026-07-06 10:00:00,25.376776,86.471523,NH3,2.0,3.0,3.0,10,Monday,1.0,Good/Satisfactory
India,Bihar,Muzaffarpur,"Muzaffarpur Collectorate, Muzaffarpur - BSPCB",2026-07-06 10:00:00,26.1209,85.3647,PM10,26.5,69.0,44.5,10,Monday,42.5,Good/Satisfactory
India,Bihar,Muzaffarpur,"Muzaffarpur Collectorate, Muzaffarpur - BSPCB",2026-07-06 10:00:00,26.1209,85.3647,NH3,3.0,3.5,3.0,10,Monday,0.5,Good/Satisfactory
India,Bihar,Muzaffarpur,"Muzaffarpur Collectorate, Muzaffarpur - BSPCB",2026-07-06 10:00:00,26.1209,85.3647,CO,9.0,25.0,12.0,10,Monday,16.0,Good/Satisfactory
India,Bihar,Muzaffarpur,"Muzaffarpur Collectorate, Muzaffarpur - BSPCB",2026-07-06 10:00:00,26.1209,85.3647,OZONE,26.0,47.0,42.0,10,Monday,21.0,Good/Satisfactory
India,Bihar,Patna,"Govt. High School Shikarpur, Patna - BSPCB",2026-07-06 10:00:00,25.592539,85.227158,PM10,26.5,69.0,44.5,10,Monday,42.5,Good/Satisfactory
India,Bihar,Patna,"Samanpura, Patna - BSPCB",2026-07-06 10:00:00,25.596727,85.085624,PM10,63.0,117.0,92.0,10,Monday,54.0,Moderate
India,Bihar,Patna,"Samanpura, Patna - BSPCB",2026-07-06 10:00:00,25.596727,85.085624,NO2,17.0,19.0,18.0,10,Monday,2.0,Good/Satisfactory
India,Bihar,Patna,"IGSC Planetarium Complex, Patna - BSPCB",2026-07-06 10:00:00,25.610369,85.132568,PM10,26.5,69.0,44.5,10,Monday,42.5,Good/Satisfactory
India,Bihar,Patna,"IGSC Planetarium Complex, Patna - BSPCB",2026-07-06 10:00:00,25.610369,85.132568,NO2,9.0,13.0,12.0,10,Monday,4.0,Good/Satisfactory
India,Bihar,Patna,"IGSC Planetarium Complex, Patna - BSPCB",2026-07-06 10:00:00,25.610369,85.132568,SO2,6.5,14.5,11.5,10,Monday,8.0,Good/Satisfactory
India,Bihar,Patna,"Rajbansi Nagar, Patna - BSPCB",2026-07-06 10:00:00,25.599486,85.113666,OZONE,23.0,33.0,29.0,10,Monday,10.0,Good/Satisfactory
India,Bihar,Patna,"DRM Office Danapur, Patna - BSPCB",2026-07-06 10:00:00,25.586562,85.043586,NH3,9.0,10.0,9.0,10,Monday,1.0,Good/Satisfactory
India,Bihar,Patna,"DRM Office Danapur, Patna - BSPCB",2026-07-06 10:00:00,25.586562,85.043586,SO2,6.0,7.0,6.0,10,Monday,1.0,Good/Satisfactory
India,Bihar,Patna,"DRM Office Danapur, Patna - BSPCB",2026-07-06 10:00:00,25.586562,85.043586,OZONE,11.0,12.0,11.0,10,Monday,1.0,Good/Satisfactory
India,Bihar,Purnia,"Mariam Nagar, Purnia - BSPCB",2026-07-06 10:00:00,25.366336,87.117468,NO2,5.0,7.0,6.0,10,Monday,2.0,Good/Satisfactory
India,Assam,Guwahati,"IITG, Guwahati - PCBA",2026-07-06 10:00:00,26.2028636,91.70046436,NO2,1.0,3.0,1.0,10,Monday,2.0,Good/Satisfactory
India,Assam,Guwahati,"IITG, Guwahati - PCBA",2026-07-06 10:00:00,26.2028636,91.70046436,CO,4.0,5.0,5.0,10,Monday,1.0,Good/Satisfactory
India,Assam,Guwahati,"LGBI Airport, Guwahati - PCBA",2026-07-06 10:00:00,26.10887,91.589544,OZONE,10.0,40.0,35.0,10,Monday,30.0,Good/Satisfactory
India,Assam,Guwahati,"Pan Bazaar, Guwahati - PCBA",2026-07-06 10:00:00,26.1875,91.744194,NH3,1.0,1.0,1.0,10,Monday,0.0,Good/Satisfactory
India,Assam,Nagaon,"Christianpatty, Nagaon - PCBA",2026-07-06 10:00:00,26.349082,92.68449,PM2.5,38.0,73.0,55.0,10,Monday,35.0,Moderate
India,Assam,Nagaon,"Christianpatty, Nagaon - PCBA",2026-07-06 10:00:00,26.349082,92.68449,PM10,31.0,66.0,48.0,10,Monday,35.0,Good/Satisfactory
India,Assam,Nagaon,"Christianpatty, Nagaon - PCBA",2026-07-06 10:00:00,26.349082,92.68449,SO2,3.0,15.0,10.0,10,Monday,12.0,Good/Satisfactory
India,Assam,Nagaon,"Christianpatty, Nagaon - PCBA",2026-07-06 10:00:00,26.349082,92.68449,CO,24.0,26.0,25.0,10,Monday,2.0,Good/Satisfactory
India,Assam,Silchar,"Tarapur, Silchar - PCBA",2026-07-06 10:00:00,24.82827,92.79525,NO2,19.0,20.0,19.0,10,Monday,1.0,Good/Satisfactory
India,Assam,Silchar,"Tarapur, Silchar - PCBA",2026-07-06 10:00:00,24.82827,92.79525,CO,32.0,38.0,34.0,10,Monday,6.0,Good/Satisfactory
India,Assam,Sivasagar,"Girls College, Sivasagar - PCBA",2026-07-06 10:00:00,26.987634,94.636574,SO2,7.0,9.0,7.0,10,Monday,2.0,Good/Satisfactory
India,Bihar,Araria,"Kharahiya Basti, Araria - BSPCB",2026-07-06 10:00:00,26.146529,87.454184,PM10,25.0,101.0,49.0,10,Monday,76.0,Good/Satisfactory
India,Chhattisgarh,Bhilai,"Hathkhoj, Bhilai - CECB",2026-07-06 10:00:00,21.224231,81.40835,PM2.5,2.0,13.0,6.0,10,Monday,11.0,Good/Satisfactory
India,Chhattisgarh,Bhilai,"Hathkhoj, Bhilai - CECB",2026-07-06 10:00:00,21.224231,81.40835,PM10,3.0,25.0,10.0,10,Monday,22.0,Good/Satisfactory
India,Chhattisgarh,Bhilai,"Hathkhoj, Bhilai - CECB",2026-07-06 10:00:00,21.224231,81.40835,CO,21.0,21.0,21.0,10,Monday,0.0,Good/Satisfactory
India,Chhattisgarh,Chhal,"Nawapara SECL Colony, Chhal - CECB",2026-07-06 10:00:00,22.118125,83.140608,PM10,22.0,45.0,29.0,10,Monday,23.0,Good/Satisfactory
India,Chhattisgarh,Chhal,"Nawapara SECL Colony, Chhal - CECB",2026-07-06 10:00:00,22.118125,83.140608,NO2,3.0,9.0,6.0,10,Monday,6.0,Good/Satisfactory
India,Chhattisgarh,Korba,"Rampur, Korba - CECB",2026-07-06 10:00:00,22.368195,82.746431,PM2.5,5.0,6.0,6.0,10,Monday,1.0,Good/Satisfactory
India,Chhattisgarh,Korba,"Rampur, Korba - CECB",2026-07-06 10:00:00,22.368195,82.746431,PM10,7.0,294.0,56.0,10,Monday,287.0,Moderate
India,Chhattisgarh,Korba,"Rampur, Korba - CECB",2026-07-06 10:00:00,22.368195,82.746431,CO,15.5,21.0,19.0,10,Monday,5.5,Good/Satisfactory
India,Chhattisgarh,Korba,"Urja Nagar, Korba - CECB",2026-07-06 10:00:00,22.348441,82.549611,PM2.5,3.0,12.0,6.0,10,Monday,9.0,Good/Satisfactory
India,Chhattisgarh,Korba,"Urja Nagar, Korba - CECB",2026-07-06 10:00:00,22.348441,82.549611,OZONE,2.0,2.0,2.0,10,Monday,0.0,Good/Satisfactory
India,Chhattisgarh,Kunjemura,"OP Jindal School, Kunjemura - CECB",2026-07-06 10:00:00,22.12665,83.483212,NO2,6.0,20.0,11.0,10,Monday,14.0,Good/Satisfactory
India,Chhattisgarh,Kunjemura,"OP Jindal School, Kunjemura - CECB",2026-07-06 10:00:00,22.12665,83.483212,NH3,2.0,2.0,2.0,10,Monday,0.0,Good/Satisfactory
India,Chhattisgarh,Milupara,"Govt. Higher Secondary School, Milupara - CECB",2026-07-06 10:00:00,22.1910172,83.5197009,PM2.5,3.0,12.0,6.0,10,Monday,9.0,Good/Satisfactory
India,Andhra Pradesh,Kadapa,"Yerramukkapalli, Kadapa - APPCB",2026-07-06 10:00:00,14.465052,78.824187,PM2.5,53.0,83.0,61.0,10,Monday,30.0,Poor/Severe
India,Andhra Pradesh,Kadapa,"Yerramukkapalli, Kadapa - APPCB",2026-07-06 10:00:00,14.465052,78.824187,NH3,11.0,17.0,15.0,10,Monday,6.0,Good/Satisfactory
India,Andhra Pradesh,Kadapa,"Yerramukkapalli, Kadapa - APPCB",2026-07-06 10:00:00,14.465052,78.824187,SO2,10.0,13.0,10.0,10,Monday,3.0,Good/Satisfactory
India,Andhra Pradesh,Kurnool,"Sita Rama Nagar, Kurnool - APPCB",2026-07-06 10:00:00,15.83411,78.028546,PM10,29.0,51.0,41.0,10,Monday,22.0,Good/Satisfactory
India,Andhra Pradesh,Nellore,"Ambedkar Nagar, Nellore - APPCB ",2026-07-06 10:00:00,14.438164,79.966814,PM10,56.0,130.0,76.0,10,Monday,74.0,Moderate
India,Andhra Pradesh,Nellore,"Ambedkar Nagar, Nellore - APPCB ",2026-07-06 10:00:00,14.438164,79.966814,NO2,23.0,26.0,25.0,10,Monday,3.0,Good/Satisfactory
India,Andhra Pradesh,Nellore,"Ambedkar Nagar, Nellore - APPCB ",2026-07-06 10:00:00,14.438164,79.966814,SO2,4.0,11.0,5.0,10,Monday,7.0,Good/Satisfactory
India,Andhra Pradesh,Tirumala,"Toll Gate, Tirumala - APPCB",2026-07-06 10:00:00,13.67,79.35,NO2,25.0,61.0,45.0,10,Monday,36.0,Good/Satisfactory
India,Andhra Pradesh,Tirumala,"Toll Gate, Tirumala - APPCB",2026-07-06 10:00:00,13.67,79.35,NH3,2.0,3.0,2.0,10,Monday,1.0,Good/Satisfactory
India,Andhra Pradesh,Tirupati,"Vaikuntapuram, Tirupati - APPCB",2026-07-06 10:00:00,13.615387,79.40923,NO2,21.0,29.0,24.0,10,Monday,8.0,Good/Satisfactory
India,Andhra Pradesh,Anantapur,"Gulzarpet, Anantapur - APPCB",2026-07-06 10:00:00,14.675886,77.593027,NH3,3.0,4.0,4.0,10,Monday,1.0,Good/Satisfactory
India,Andhra Pradesh,Chittoor,"Gangineni Cheruvu, Chittoor - APPCB",2026-07-06 10:00:00,13.20488,79.097889,NO2,37.0,39.0,38.0,10,Monday,2.0,Good/Satisfactory
India,Andhra Pradesh,Chittoor,"Gangineni Cheruvu, Chittoor - APPCB",2026-07-06 10:00:00,13.20488,79.097889,NH3,6.0,8.0,7.0,10,Monday,2.0,Good/Satisfactory
India,Andhra Pradesh,Chittoor,"Gangineni Cheruvu, Chittoor - APPCB",2026-07-06 10:00:00,13.20488,79.097889,SO2,15.0,23.0,21.0,10,Monday,8.0,Good/Satisfactory
India,Andhra Pradesh,Eluru,"District Court, Eluru - APPCB",2026-07-06 10:00:00,16.711754,81.092095,PM10,51.0,68.0,58.0,10,Monday,17.0,Moderate
India,Andhra Pradesh,Eluru,"District Court, Eluru - APPCB",2026-07-06 10:00:00,16.711754,81.092095,NO2,9.0,33.0,15.0,10,Monday,24.0,Good/Satisfactory
India,Andhra Pradesh,Eluru,"District Court, Eluru - APPCB",2026-07-06 10:00:00,16.711754,81.092095,NH3,3.0,5.0,4.0,10,Monday,2.0,Good/Satisfactory
India,Andhra Pradesh,Guntur,"Rajendra Nagar North, Guntur - APPCB",2026-07-06 10:00:00,16.316553,80.413302,CO,10.0,26.0,15.0,10,Monday,16.0,Good/Satisfactory
India,Andhra Pradesh,Vijayawada,"Rajiv Nagar, Vijayawada - APPCB",2026-07-06 10:00:00,16.554731,80.64911,PM10,58.0,71.0,68.0,10,Monday,13.0,Moderate
India,Andhra Pradesh,Vijayawada,"Rajiv Nagar, Vijayawada - APPCB",2026-07-06 10:00:00,16.554731,80.64911,NO2,13.0,20.0,19.0,10,Monday,7.0,Good/Satisfactory
India,Andhra Pradesh,Vijayawada,"Rajiv Nagar, Vijayawada - APPCB",2026-07-06 10:00:00,16.554731,80.64911,OZONE,17.0,17.0,17.0,10,Monday,0.0,Good/Satisfactory
India,Andhra Pradesh,Vijayawada,"HB Colony, Vijayawada - APPCB",2026-07-06 10:00:00,16.536107,80.594233,PM2.5,55.0,66.0,60.0,10,Monday,11.0,Moderate
India,Andhra Pradesh,Vijayawada,"HB Colony, Vijayawada - APPCB",2026-07-06 10:00:00,16.536107,80.594233,NH3,3.0,4.0,3.0,10,Monday,1.0,Good/Satisfactory
India,Andhra Pradesh,Visakhapatnam,"GVM Corporation, Visakhapatnam - APPCB",2026-07-06 10:00:00,17.72,83.3,PM2.5,12.0,88.0,41.0,10,Monday,76.0,Moderate
India,Andhra Pradesh,Visakhapatnam,"GVM Corporation, Visakhapatnam - APPCB",2026-07-06 10:00:00,17.72,83.3,PM10,62.0,182.0,97.0,10,Monday,120.0,Moderate
India,Andhra Pradesh,Visakhapatnam,"GVM Corporation, Visakhapatnam - APPCB",2026-07-06 10:00:00,17.72,83.3,CO,3.0,108.0,53.0,10,Monday,105.0,Moderate
India,Bihar,Purnia,"Mariam Nagar, Purnia - BSPCB",2026-07-06 10:00:00,25.366336,87.117468,CO,55.0,58.0,56.0,10,Monday,3.0,Moderate
India,Bihar,Purnia,"Mariam Nagar, Purnia - BSPCB",2026-07-06 10:00:00,25.366336,87.117468,OZONE,15.0,35.0,25.0,10,Monday,20.0,Good/Satisfactory
India,Bihar,Samastipur,"DM Office_Kasipur, Samastipur - BSPCB",2026-07-06 10:00:00,25.859655,85.77944,OZONE,19.0,19.0,19.0,10,Monday,0.0,Good/Satisfactory
India,Andhra Pradesh,Amaravati,"Secretariat, Amaravati - APPCB",2026-07-06 10:00:00,16.5150833,80.5181667,PM10,24.0,71.0,51.0,10,Monday,47.0,Moderate
India,Andhra Pradesh,Amaravati,"Secretariat, Amaravati - APPCB",2026-07-06 10:00:00,16.5150833,80.5181667,NH3,2.0,3.0,3.0,10,Monday,1.0,Good/Satisfactory
India,Chhattisgarh,Milupara,"Govt. Higher Secondary School, Milupara - CECB",2026-07-06 10:00:00,22.1910172,83.5197009,OZONE,49.0,72.0,61.0,10,Monday,23.0,Moderate
India,Chhattisgarh,Raipur,"Krishak Nagar, Raipur - CECB",2026-07-06 10:00:00,21.237755,81.705301,PM10,3.0,15.0,9.0,10,Monday,12.0,Good/Satisfactory
India,Chhattisgarh,Raipur,"Krishak Nagar, Raipur - CECB",2026-07-06 10:00:00,21.237755,81.705301,NO2,6.0,16.0,11.0,10,Monday,10.0,Good/Satisfactory
India,Chhattisgarh,Raipur,"Bhatagaon New ISBT, Raipur - CECB",2026-07-06 10:00:00,21.219665,81.630094,PM10,1.0,12.0,6.0,10,Monday,11.0,Good/Satisfactory
India,Chhattisgarh,Raipur,"Bhatagaon New ISBT, Raipur - CECB",2026-07-06 10:00:00,21.219665,81.630094,CO,6.0,14.0,10.0,10,Monday,8.0,Good/Satisfactory
India,Chhattisgarh,Raipur,"Bhatagaon New ISBT, Raipur - CECB",2026-07-06 10:00:00,21.219665,81.630094,OZONE,1.0,2.0,1.0,10,Monday,1.0,Good/Satisfactory
India,Chhattisgarh,Tumidih,"OP Jindal Industrial Park, Tumidih - CECB",2026-07-06 10:00:00,22.06631475,83.33820077,NH3,1.0,2.0,1.0,10,Monday,1.0,Good/Satisfactory
India,Delhi,Delhi,"Bawana, Delhi - DPCC",2026-07-06 10:00:00,28.7762,77.051074,SO2,2.0,6.0,4.0,10,Monday,4.0,Good/Satisfactory
India,Delhi,Delhi,"Dr. Karni Singh Shooting Range, Delhi - DPCC",2026-07-06 10:00:00,28.498571,77.26484,NH3,5.0,6.0,6.0,10,Monday,1.0,Good/Satisfactory
India,Delhi,Delhi,"Dr. Karni Singh Shooting Range, Delhi - DPCC",2026-07-06 10:00:00,28.498571,77.26484,SO2,2.0,4.0,3.0,10,Monday,2.0,Good/Satisfactory
India,Delhi,Delhi,"Anand Vihar, Delhi - DPCC",2026-07-06 10:00:00,28.647622,77.315809,PM2.5,30.0,257.0,100.0,10,Monday,227.0,Poor/Severe
India,Delhi,Delhi,"Anand Vihar, Delhi - DPCC",2026-07-06 10:00:00,28.647622,77.315809,OZONE,0.0,7.0,2.0,10,Monday,7.0,Good/Satisfactory
India,Delhi,Delhi,"Ashok Vihar, Delhi - DPCC",2026-07-06 10:00:00,28.695381,77.181665,PM10,17.0,171.0,86.0,10,Monday,154.0,Moderate
India,Delhi,Delhi,"Ashok Vihar, Delhi - DPCC",2026-07-06 10:00:00,28.695381,77.181665,CO,15.0,21.0,19.0,10,Monday,6.0,Good/Satisfactory
India,Delhi,Delhi,"Ashok Vihar, Delhi - DPCC",2026-07-06 10:00:00,28.695381,77.181665,OZONE,2.0,5.0,3.0,10,Monday,3.0,Good/Satisfactory
India,Delhi,Delhi,"Jawaharlal Nehru Stadium, Delhi - DPCC",2026-07-06 10:00:00,28.58028,77.233829,PM10,19.0,127.0,80.0,10,Monday,108.0,Moderate
India,Delhi,Delhi,"Jawaharlal Nehru Stadium, Delhi - DPCC",2026-07-06 10:00:00,28.58028,77.233829,NO2,29.0,66.0,44.0,10,Monday,37.0,Good/Satisfactory
India,Delhi,Delhi,"Patparganj, Delhi - DPCC",2026-07-06 10:00:00,28.623763,77.287209,PM2.5,15.0,133.0,64.0,10,Monday,118.0,Poor/Severe
India,Delhi,Delhi,"Patparganj, Delhi - DPCC",2026-07-06 10:00:00,28.623763,77.287209,PM10,36.0,156.0,89.0,10,Monday,120.0,Moderate
India,Delhi,Delhi,"Patparganj, Delhi - DPCC",2026-07-06 10:00:00,28.623763,77.287209,NO2,13.0,64.0,32.0,10,Monday,51.0,Good/Satisfactory
India,Delhi,Delhi,"Pusa, Delhi - DPCC",2026-07-06 10:00:00,28.639652,77.146275,PM10,40.0,192.0,97.0,10,Monday,152.0,Moderate
India,Delhi,Delhi,"Pusa, Delhi - DPCC",2026-07-06 10:00:00,28.639652,77.146275,NH3,8.0,12.0,9.0,10,Monday,4.0,Good/Satisfactory
India,Delhi,Delhi,"Pusa, Delhi - DPCC",2026-07-06 10:00:00,28.639652,77.146275,CO,11.0,86.0,59.0,10,Monday,75.0,Moderate
India,Delhi,Delhi,"Nehru Nagar, Delhi - DPCC",2026-07-06 10:00:00,28.56789,77.250515,PM2.5,12.0,150.0,64.0,10,Monday,138.0,Poor/Severe
India,Delhi,Delhi,"Nehru Nagar, Delhi - DPCC",2026-07-06 10:00:00,28.56789,77.250515,OZONE,5.0,12.0,8.0,10,Monday,7.0,Good/Satisfactory
India,Delhi,Delhi,"Sonia Vihar, Delhi - DPCC",2026-07-06 10:00:00,28.710508,77.249485,PM10,12.0,234.0,97.0,10,Monday,222.0,Moderate
India,Delhi,Delhi,"Sonia Vihar, Delhi - DPCC",2026-07-06 10:00:00,28.710508,77.249485,NO2,21.0,35.0,25.0,10,Monday,14.0,Good/Satisfactory
India,Delhi,Delhi,"Major Dhyan Chand National Stadium, Delhi - DPCC",2026-07-06 10:00:00,28.611281,77.237738,PM10,3.0,135.0,64.0,10,Monday,132.0,Moderate
India,Delhi,Delhi,"Major Dhyan Chand National Stadium, Delhi - DPCC",2026-07-06 10:00:00,28.611281,77.237738,SO2,3.0,9.0,6.0,10,Monday,6.0,Good/Satisfactory
India,Delhi,Delhi,"Major Dhyan Chand National Stadium, Delhi - DPCC",2026-07-06 10:00:00,28.611281,77.237738,OZONE,4.0,7.0,5.0,10,Monday,3.0,Good/Satisfactory
India,Delhi,Delhi,"Cantonment Area, Delhi - DPCC",2026-07-06 10:00:00,28.594169,77.1251,SO2,1.0,2.0,1.0,10,Monday,1.0,Good/Satisfactory
India,Delhi,Delhi,"Commonwealth Sports Complex, Delhi - DPCC",2026-07-06 10:00:00,28.615828,77.271992,PM2.5,30.0,94.0,63.0,10,Monday,64.0,Poor/Severe
India,Delhi,Delhi,"Commonwealth Sports Complex, Delhi - DPCC",2026-07-06 10:00:00,28.615828,77.271992,SO2,11.0,41.0,14.0,10,Monday,30.0,Good/Satisfactory
India,Delhi,Delhi,"Commonwealth Sports Complex, Delhi - DPCC",2026-07-06 10:00:00,28.615828,77.271992,OZONE,6.0,48.0,17.0,10,Monday,42.0,Good/Satisfactory
India,Delhi,Delhi,"Talkatora Garden, Delhi - DPCC",2026-07-06 10:00:00,28.62181,77.1944633,NO2,12.0,46.0,26.0,10,Monday,34.0,Good/Satisfactory
India,Delhi,Delhi,"Narela, Delhi - DPCC",2026-07-06 10:00:00,28.822836,77.101981,PM10,25.0,131.0,85.0,10,Monday,106.0,Moderate
India,Delhi,Delhi,"Narela, Delhi - DPCC",2026-07-06 10:00:00,28.822836,77.101981,OZONE,5.0,9.0,7.0,10,Monday,4.0,Good/Satisfactory
India,Delhi,Delhi,"JNU, Delhi - DPCC",2026-07-06 10:00:00,28.540721,77.168544,PM10,23.0,110.0,68.0,10,Monday,87.0,Moderate
India,Delhi,Delhi,"JNU, Delhi - DPCC",2026-07-06 10:00:00,28.540721,77.168544,OZONE,7.0,19.0,10.0,10,Monday,12.0,Good/Satisfactory
India,Delhi,Delhi,"Sirifort, Delhi - CPCB",2026-07-06 10:00:00,28.5504249,77.2159377,SO2,25.0,28.0,27.0,10,Monday,3.0,Good/Satisfactory
India,Gujarat,Ahmedabad,"SAC ISRO Bopal, Ahmedabad - IITM",2026-07-06 10:00:00,23.041137,72.456691,PM2.5,6.0,65.0,31.0,10,Monday,59.0,Moderate
India,Delhi,Delhi,"R K Puram, Delhi - DPCC",2026-07-06 10:00:00,28.563262,77.186937,SO2,21.0,110.0,38.0,10,Monday,89.0,Good/Satisfactory
India,Delhi,Delhi,"Dwarka-Sector 8, Delhi - DPCC ",2026-07-06 10:00:00,28.5710274,77.0719006,OZONE,3.0,12.0,6.0,10,Monday,9.0,Good/Satisfactory
India,Delhi,Delhi,"ITO, Delhi - CPCB",2026-07-06 10:00:00,28.628624,77.24106,PM10,34.0,127.0,84.0,10,Monday,93.0,Moderate
India,Delhi,Delhi,"ITO, Delhi - CPCB",2026-07-06 10:00:00,28.628624,77.24106,NO2,6.0,101.0,56.0,10,Monday,95.0,Moderate
India,Delhi,Delhi,"IGI Airport (T3), Delhi - IITM",2026-07-06 10:00:00,28.5627763,77.1180053,CO,22.0,33.0,27.0,10,Monday,11.0,Good/Satisfactory
India,Delhi,Delhi,"Burari Crossing, Delhi - IITM",2026-07-06 10:00:00,28.7256504,77.2011573,NO2,8.0,93.0,28.0,10,Monday,85.0,Good/Satisfactory
India,Delhi,Delhi,"IIT Delhi, Delhi - IITM",2026-07-06 10:00:00,28.54246,77.191651,NO2,7.0,9.0,8.0,10,Monday,2.0,Good/Satisfactory
India,Delhi,Delhi,"IIT Delhi, Delhi - IITM",2026-07-06 10:00:00,28.54246,77.191651,SO2,6.0,15.5,10.5,10,Monday,9.5,Good/Satisfactory
India,Delhi,Delhi,"Punjabi Bagh, Delhi - DPCC",2026-07-06 10:00:00,28.674045,77.131023,PM2.5,15.0,267.0,77.0,10,Monday,252.0,Poor/Severe
India,Delhi,Delhi,"Punjabi Bagh, Delhi - DPCC",2026-07-06 10:00:00,28.674045,77.131023,CO,30.0,39.0,32.0,10,Monday,9.0,Good/Satisfactory
India,Delhi,Delhi,"Shadipur, Delhi - CPCB",2026-07-06 10:00:00,28.6514781,77.1473105,SO2,2.0,8.0,3.0,10,Monday,6.0,Good/Satisfactory
India,Delhi,Delhi,"Shadipur, Delhi - CPCB",2026-07-06 10:00:00,28.6514781,77.1473105,CO,35.0,49.0,44.0,10,Monday,14.0,Good/Satisfactory
India,Delhi,Delhi,"Shadipur, Delhi - CPCB",2026-07-06 10:00:00,28.6514781,77.1473105,OZONE,17.0,29.0,23.0,10,Monday,12.0,Good/Satisfactory
India,Delhi,Delhi,"Wazirpur, Delhi - DPCC",2026-07-06 10:00:00,28.699793,77.165453,PM2.5,2.0,183.0,75.0,10,Monday,181.0,Poor/Severe
India,Delhi,Delhi,"Wazirpur, Delhi - DPCC",2026-07-06 10:00:00,28.699793,77.165453,PM10,29.0,188.0,110.0,10,Monday,159.0,Poor/Severe
India,Delhi,Delhi,"Najafgarh, Delhi - DPCC",2026-07-06 10:00:00,28.570173,76.933762,PM2.5,3.0,163.0,69.0,10,Monday,160.0,Poor/Severe
India,Delhi,Delhi,"Sri Aurobindo Marg, Delhi - DPCC",2026-07-06 10:00:00,28.531346,77.190156,CO,24.0,39.0,35.0,10,Monday,15.0,Good/Satisfactory
India,Delhi,Delhi,"IHBAS, Dilshad Garden, Delhi - CPCB",2026-07-06 10:00:00,28.6811736,77.3025234,PM2.5,16.0,354.0,82.0,10,Monday,338.0,Poor/Severe
India,Delhi,Delhi,"Jahangirpuri, Delhi - DPCC",2026-07-06 10:00:00,28.73282,77.170633,SO2,7.0,13.0,10.0,10,Monday,6.0,Good/Satisfactory
India,Delhi,Delhi,"Aya Nagar, Delhi - IITM",2026-07-06 10:00:00,28.4706914,77.1099364,NO2,28.0,33.0,30.0,10,Monday,5.0,Good/Satisfactory
India,Delhi,Delhi,"Aya Nagar, Delhi - IITM",2026-07-06 10:00:00,28.4706914,77.1099364,SO2,6.0,15.5,10.5,10,Monday,9.5,Good/Satisfactory
India,Delhi,Delhi,"Pusa, Delhi - IITM",2026-07-06 10:00:00,28.63611,77.173332,PM2.5,21.0,124.0,50.0,10,Monday,103.0,Moderate
India,Gujarat,Ankleshwar,"GIDC, Ankleshwar - GPCB",2026-07-06 10:00:00,21.613267,73.010555,PM2.5,61.0,110.0,84.0,10,Monday,49.0,Poor/Severe
India,Gujarat,Bhavnagar,"Vidhyanagar, Bhavnagar - Nexteng Enviro",2026-07-06 10:00:00,21.755417,72.139056,NH3,4.0,4.0,4.0,10,Monday,0.0,Good/Satisfactory
India,Gujarat,Gandhinagar,"Sector-10, Gandhinagar - GPCB",2026-07-06 10:00:00,23.221714,72.654328,PM2.5,15.0,53.0,32.0,10,Monday,38.0,Moderate
India,Gujarat,Gandhinagar,"Sector-10, Gandhinagar - GPCB",2026-07-06 10:00:00,23.221714,72.654328,NO2,7.0,11.0,9.0,10,Monday,4.0,Good/Satisfactory
India,Gujarat,Gandhinagar,"Sector-10, Gandhinagar - GPCB",2026-07-06 10:00:00,23.221714,72.654328,NH3,1.0,2.0,1.0,10,Monday,1.0,Good/Satisfactory
India,Gujarat,Gandhinagar,"Sector-10, Gandhinagar - GPCB",2026-07-06 10:00:00,23.221714,72.654328,SO2,2.0,9.0,4.0,10,Monday,7.0,Good/Satisfactory
India,Gujarat,Mehsana,"Sadanand Nagar, Mehsana - Nexteng Enviro",2026-07-06 10:00:00,23.59315,72.372792,NH3,0.0,0.0,0.0,10,Monday,0.0,Good/Satisfactory
India,Gujarat,Mehsana,"Sadanand Nagar, Mehsana - Nexteng Enviro",2026-07-06 10:00:00,23.59315,72.372792,SO2,12.0,14.0,13.0,10,Monday,2.0,Good/Satisfactory
India,Gujarat,Mehsana,"Sadanand Nagar, Mehsana - Nexteng Enviro",2026-07-06 10:00:00,23.59315,72.372792,CO,68.0,70.0,69.0,10,Monday,2.0,Moderate
India,Gujarat,Nandesari,"GIDC, Nandesari - Nandesari Ind. Association",2026-07-06 10:00:00,22.410802,73.097923,SO2,3.0,4.0,3.0,10,Monday,1.0,Good/Satisfactory
India,Gujarat,Rajkot,"Mavdi, Rajkot - Nexteng Enviro ",2026-07-06 10:00:00,22.248853,70.776774,PM10,35.0,115.0,84.0,10,Monday,80.0,Moderate
India,Gujarat,Ahmedabad,"SAC ISRO Bopal, Ahmedabad - IITM",2026-07-06 10:00:00,23.041137,72.456691,NH3,2.0,6.0,3.0,10,Monday,4.0,Good/Satisfactory
India,Gujarat,Ahmedabad,"Raikhad, Ahmedabad - IITM",2026-07-06 10:00:00,23.020509,72.579261,OZONE,3.0,6.0,4.0,10,Monday,3.0,Good/Satisfactory
India,Gujarat,Ahmedabad,"Maninagar, Ahmedabad - GPCB",2026-07-06 10:00:00,23.002657,72.591912,CO,1.0,32.0,18.0,10,Monday,31.0,Good/Satisfactory
India,Gujarat,Ahmedabad,"Maninagar, Ahmedabad - GPCB",2026-07-06 10:00:00,23.002657,72.591912,OZONE,26.0,30.0,28.0,10,Monday,4.0,Good/Satisfactory
India,Gujarat,Ahmedabad,"Gyaspur, Ahmedabad - IITM",2026-07-06 10:00:00,22.977134,72.553024,CO,33.0,39.0,36.0,10,Monday,6.0,Good/Satisfactory
India,Gujarat,Ahmedabad,"SAC ISRO Satellite, Ahmedabad - IITM",2026-07-06 10:00:00,23.023389,72.515201,SO2,2.0,5.0,3.0,10,Monday,3.0,Good/Satisfactory
India,Gujarat,Ahmedabad,"Chandkheda, Ahmedabad - IITM",2026-07-06 10:00:00,23.107969,72.574648,PM10,25.0,91.0,56.0,10,Monday,66.0,Moderate
India,Gujarat,Ahmedabad,"Rakhial, Ahmedabad - IITM",2026-07-06 10:00:00,23.016834,72.625775,NO2,4.0,21.0,11.0,10,Monday,17.0,Good/Satisfactory
India,Delhi,Delhi,"Pusa, Delhi - IITM",2026-07-06 10:00:00,28.63611,77.173332,OZONE,18.0,53.0,27.0,10,Monday,35.0,Good/Satisfactory
India,Delhi,Delhi,"Vivek Vihar, Delhi - DPCC",2026-07-06 10:00:00,28.672342,77.31526,NH3,9.0,20.0,14.0,10,Monday,11.0,Good/Satisfactory
India,Delhi,Delhi,"Rohini, Delhi - DPCC",2026-07-06 10:00:00,28.732528,77.11992,PM2.5,22.0,260.0,92.0,10,Monday,238.0,Poor/Severe
India,Delhi,Delhi,"Rohini, Delhi - DPCC",2026-07-06 10:00:00,28.732528,77.11992,PM10,19.0,155.0,89.0,10,Monday,136.0,Moderate
India,Delhi,Delhi,"CRRI Mathura Road, Delhi - IITM",2026-07-06 10:00:00,28.5512005,77.2735737,PM2.5,10.0,85.0,43.0,10,Monday,75.0,Moderate
India,Delhi,Delhi,"CRRI Mathura Road, Delhi - IITM",2026-07-06 10:00:00,28.5512005,77.2735737,OZONE,6.0,27.0,14.0,10,Monday,21.0,Good/Satisfactory
India,Delhi,Delhi,"Okhla Phase-2, Delhi - DPCC",2026-07-06 10:00:00,28.530785,77.271255,CO,27.0,33.0,30.0,10,Monday,6.0,Good/Satisfactory
India,Delhi,Delhi,"IMD Lodhi Road, Delhi - IITM",2026-07-06 10:00:00,28.5918245,77.2273074,SO2,6.0,15.5,10.5,10,Monday,9.5,Good/Satisfactory
India,Gujarat,Surat,"Science Center, Surat - SMC",2026-07-06 10:00:00,21.170046,72.795405,NO2,2.0,5.0,3.0,10,Monday,3.0,Good/Satisfactory
India,Gujarat,Surat,"Katargam, Surat - Nexteng Enviro",2026-07-06 10:00:00,21.217779,72.834787,NH3,2.0,2.0,2.0,10,Monday,0.0,Good/Satisfactory
India,Gujarat,Vadodara,"Bapunagar, Vadodara - Nexteng Enviro",2026-07-06 10:00:00,22.320153,73.216285,SO2,6.0,7.0,7.0,10,Monday,1.0,Good/Satisfactory
India,Gujarat,Vapi,"Phase-1 GIDC, Vapi - GPCB",2026-07-06 10:00:00,20.362421,72.918013,SO2,19.0,23.0,22.0,10,Monday,4.0,Good/Satisfactory
India,Gujarat,Vatva,"Phase-4 GIDC, Vatva - GPCB",2026-07-06 10:00:00,22.969611,72.6435,NH3,2.5,4.0,3.0,10,Monday,1.5,Good/Satisfactory
India,Haryana,Ambala,"Patti Mehar, Ambala - HSPCB",2026-07-06 10:00:00,30.379589,76.778328,NO2,20.0,54.0,31.0,10,Monday,34.0,Good/Satisfactory
India,Haryana,Ambala,"Patti Mehar, Ambala - HSPCB",2026-07-06 10:00:00,30.379589,76.778328,NH3,2.0,11.0,7.0,10,Monday,9.0,Good/Satisfactory
India,Karnataka,Kalaburagi,"Mahatma Basaveswar Colony, Kalaburgi - KSPCB",2026-07-06 10:00:00,17.336318,76.847397,CO,28.0,30.0,29.0,10,Monday,2.0,Good/Satisfactory
India,Karnataka,Karwar,"KHB Colony, Karwar - KSPCB",2026-07-06 10:00:00,14.816666,74.141003,PM10,31.0,71.0,46.0,10,Monday,40.0,Good/Satisfactory
India,Karnataka,Karwar,"KHB Colony, Karwar - KSPCB",2026-07-06 10:00:00,14.816666,74.141003,NO2,12.0,19.0,15.0,10,Monday,7.0,Good/Satisfactory
India,Karnataka,Karwar,"KHB Colony, Karwar - KSPCB",2026-07-06 10:00:00,14.816666,74.141003,NH3,3.0,3.0,3.0,10,Monday,0.0,Good/Satisfactory
India,Karnataka,Karwar,"KHB Colony, Karwar - KSPCB",2026-07-06 10:00:00,14.816666,74.141003,SO2,7.0,11.0,10.0,10,Monday,4.0,Good/Satisfactory
India,Karnataka,Koppal,"Diwator Nagar, Koppal - KSPCB",2026-07-06 10:00:00,15.34763,76.181767,PM10,35.0,71.0,51.0,10,Monday,36.0,Moderate
India,Karnataka,Koppal,"Diwator Nagar, Koppal - KSPCB",2026-07-06 10:00:00,15.34763,76.181767,NO2,27.0,33.0,31.0,10,Monday,6.0,Good/Satisfactory
India,Karnataka,Madikeri,"Stuart Hill, Madikeri - KSPCB",2026-07-06 10:00:00,12.415911,75.73505,PM10,19.0,42.0,30.0,10,Monday,23.0,Good/Satisfactory
India,Karnataka,Madikeri,"Stuart Hill, Madikeri - KSPCB",2026-07-06 10:00:00,12.415911,75.73505,NH3,3.0,3.0,3.0,10,Monday,0.0,Good/Satisfactory
India,Karnataka,Madikeri,"Stuart Hill, Madikeri - KSPCB",2026-07-06 10:00:00,12.415911,75.73505,CO,11.0,16.0,13.0,10,Monday,5.0,Good/Satisfactory
India,Karnataka,Mangalore,"Kadri, Mangalore - KSPCB",2026-07-06 10:00:00,12.88925,74.853,PM2.5,17.5,40.0,27.0,10,Monday,22.5,Good/Satisfactory
India,Karnataka,Mysuru,"Hebbal 1st Stage, Mysuru - KSPCB",2026-07-06 10:00:00,12.21041,76.37376,PM2.5,9.0,67.0,25.0,10,Monday,58.0,Good/Satisfactory
India,Karnataka,Mysuru,"Hebbal 1st Stage, Mysuru - KSPCB",2026-07-06 10:00:00,12.21041,76.37376,NO2,13.0,29.0,19.0,10,Monday,16.0,Good/Satisfactory
India,Karnataka,Mysuru,"Hebbal 1st Stage, Mysuru - KSPCB",2026-07-06 10:00:00,12.21041,76.37376,NH3,3.0,6.0,4.0,10,Monday,3.0,Good/Satisfactory
India,Karnataka,Mysuru,"Hebbal 1st Stage, Mysuru - KSPCB",2026-07-06 10:00:00,12.21041,76.37376,SO2,1.0,6.0,3.0,10,Monday,5.0,Good/Satisfactory
India,Karnataka,Ramanagara,"Vijay Nagar, Ramanagara - KSPCB",2026-07-06 10:00:00,12.733409,77.298051,OZONE,16.0,24.0,19.0,10,Monday,8.0,Good/Satisfactory
India,Karnataka,Vijayapura,"Ibrahimpur, Vijayapura - KSPCB",2026-07-06 10:00:00,16.802639,75.722694,PM2.5,26.0,27.0,27.0,10,Monday,1.0,Good/Satisfactory
India,Karnataka,Vijayapura,"Ibrahimpur, Vijayapura - KSPCB",2026-07-06 10:00:00,16.802639,75.722694,PM10,42.0,43.0,43.0,10,Monday,1.0,Good/Satisfactory
India,Haryana,Faridabad,"Sector 11, Faridabad - HSPCB",2026-07-06 10:00:00,28.376058,77.315741,OZONE,12.0,13.0,13.0,10,Monday,1.0,Good/Satisfactory
India,Haryana,Fatehabad,"Huda Sector, Fatehabad - HSPCB",2026-07-06 10:00:00,29.503664,75.467934,SO2,8.0,15.0,11.0,10,Monday,7.0,Good/Satisfactory
India,Haryana,Gurugram,"Sector-51, Gurugram - HSPCB",2026-07-06 10:00:00,28.4227,77.0667,SO2,15.0,18.0,16.0,10,Monday,3.0,Good/Satisfactory
India,Haryana,Gurugram,"Sector-51, Gurugram - HSPCB",2026-07-06 10:00:00,28.4227,77.0667,CO,59.0,68.0,64.0,10,Monday,9.0,Moderate
India,Haryana,Gurugram,"NISE Gwal Pahari, Gurugram - IITM",2026-07-06 10:00:00,28.422681,77.148944,PM2.5,31.0,165.5,84.5,10,Monday,134.5,Poor/Severe
India,Haryana,Gurugram,"NISE Gwal Pahari, Gurugram - IITM",2026-07-06 10:00:00,28.422681,77.148944,NO2,6.0,269.0,19.0,10,Monday,263.0,Good/Satisfactory
India,Haryana,Gurugram,"Vikas Sadan, Gurugram - HSPCB",2026-07-06 10:00:00,28.4501238,77.0263051,NO2,7.0,29.0,25.0,10,Monday,22.0,Good/Satisfactory
India,Haryana,Gurugram,"Vikas Sadan, Gurugram - HSPCB",2026-07-06 10:00:00,28.4501238,77.0263051,OZONE,22.0,38.0,29.0,10,Monday,16.0,Good/Satisfactory
India,Haryana,Jind,"Police Lines, Jind - HSPCB",2026-07-06 10:00:00,29.307814,76.337619,CO,1.0,105.0,30.0,10,Monday,104.0,Good/Satisfactory
India,Haryana,Kaithal,"Rishi Nagar, Kaithal - HSPCB",2026-07-06 10:00:00,29.8006,76.4155,PM2.5,13.0,47.0,32.0,10,Monday,34.0,Moderate
India,Haryana,Kaithal,"Rishi Nagar, Kaithal - HSPCB",2026-07-06 10:00:00,29.8006,76.4155,PM10,17.0,58.0,39.0,10,Monday,41.0,Good/Satisfactory
India,Haryana,Kaithal,"Rishi Nagar, Kaithal - HSPCB",2026-07-06 10:00:00,29.8006,76.4155,NH3,4.0,6.0,5.0,10,Monday,2.0,Good/Satisfactory
India,Haryana,Kurukshetra,"Sector-7, Kurukshetra - HSPCB",2026-07-06 10:00:00,29.966942,76.875879,NH3,12.0,16.0,14.0,10,Monday,4.0,Good/Satisfactory
India,Haryana,Kurukshetra,"Sector-7, Kurukshetra - HSPCB",2026-07-06 10:00:00,29.966942,76.875879,CO,32.0,40.0,35.0,10,Monday,8.0,Good/Satisfactory
India,Haryana,Mandikhera,"General Hospital, Mandikhera(Nuh) - HSPCB",2026-07-06 10:00:00,27.9002,76.9938,PM10,75.0,81.0,79.0,10,Monday,6.0,Moderate
India,Haryana,Manesar,"Sector-2 IMT, Manesar - HSPCB",2026-07-06 10:00:00,28.360699,76.93609,PM2.5,112.0,249.0,157.0,10,Monday,137.0,Poor/Severe
India,Haryana,Manesar,"Sector-2 IMT, Manesar - HSPCB",2026-07-06 10:00:00,28.360699,76.93609,NH3,8.0,11.0,10.0,10,Monday,3.0,Good/Satisfactory
India,Haryana,Manesar,"Sector-2 IMT, Manesar - HSPCB",2026-07-06 10:00:00,28.360699,76.93609,OZONE,7.0,13.0,10.0,10,Monday,6.0,Good/Satisfactory
India,Haryana,Narnaul,"Shastri Nagar, Narnaul - HSPCB",2026-07-06 10:00:00,28.060249,76.113115,PM2.5,17.0,329.0,175.0,10,Monday,312.0,Poor/Severe
India,Haryana,Palwal,"Shyam Nagar, Palwal - HSPCB",2026-07-06 10:00:00,28.1485564,77.3320667,CO,14.0,51.0,29.0,10,Monday,37.0,Good/Satisfactory
India,Haryana,Palwal,"Shyam Nagar, Palwal - HSPCB",2026-07-06 10:00:00,28.1485564,77.3320667,OZONE,20.0,20.0,20.0,10,Monday,0.0,Good/Satisfactory
India,Haryana,Panchgaon,"Amity University, Panchgaon - IITM",2026-07-06 10:00:00,28.3153,76.9143,PM10,27.0,103.0,64.0,10,Monday,76.0,Moderate
India,Haryana,Panchgaon,"Amity University, Panchgaon - IITM",2026-07-06 10:00:00,28.3153,76.9143,CO,28.0,42.0,36.0,10,Monday,14.0,Good/Satisfactory
India,Haryana,Panchkula,"Sector-6, Panchkula - HSPCB ",2026-07-06 10:00:00,30.7057778,76.8531805555555,PM2.5,29.0,91.0,50.0,10,Monday,62.0,Moderate
India,Haryana,Panipat,"Sector-18, Panipat - HSPCB",2026-07-06 10:00:00,29.432304,76.972765,PM10,6.0,472.0,176.0,10,Monday,466.0,Poor/Severe
India,Haryana,Panipat,"Sector-18, Panipat - HSPCB",2026-07-06 10:00:00,29.432304,76.972765,CO,28.0,31.0,30.0,10,Monday,3.0,Good/Satisfactory
India,Haryana,Rohtak,"MD University, Rohtak - HSPCB",2026-07-06 10:00:00,28.52123,76.37138,NO2,8.0,12.0,9.0,10,Monday,4.0,Good/Satisfactory
India,Haryana,Rohtak,"MD University, Rohtak - HSPCB",2026-07-06 10:00:00,28.52123,76.37138,NH3,8.0,11.0,9.0,10,Monday,3.0,Good/Satisfactory
India,Haryana,Bahadurgarh,"Arya Nagar, Bahadurgarh - HSPCB",2026-07-06 10:00:00,28.6701,76.9254,OZONE,21.0,27.0,25.0,10,Monday,6.0,Good/Satisfactory
India,Haryana,Bhiwani,"H.B. Colony, Bhiwani - HSPCB",2026-07-06 10:00:00,28.806223,76.141105,OZONE,8.0,14.0,11.0,10,Monday,6.0,Good/Satisfactory
India,Haryana,Charkhi Dadri,"Mini Secretariat, Charkhi Dadri - HSPCB",2026-07-06 10:00:00,28.593883,76.270653,PM2.5,29.0,317.0,132.0,10,Monday,288.0,Poor/Severe
India,Haryana,Charkhi Dadri,"Mini Secretariat, Charkhi Dadri - HSPCB",2026-07-06 10:00:00,28.593883,76.270653,PM10,19.0,138.0,70.0,10,Monday,119.0,Moderate
India,Haryana,Dharuhera,"Municipal Corporation Office, Dharuhera -  HSPCB",2026-07-06 10:00:00,28.2068,76.7997,SO2,7.0,17.0,11.0,10,Monday,10.0,Good/Satisfactory
India,Haryana,Dharuhera,"Municipal Corporation Office, Dharuhera -  HSPCB",2026-07-06 10:00:00,28.2068,76.7997,OZONE,5.0,8.0,7.0,10,Monday,3.0,Good/Satisfactory
India,Haryana,Faridabad,"Sector 30, Faridabad - HSPCB",2026-07-06 10:00:00,28.4417,77.3217,NO2,36.0,39.0,37.0,10,Monday,3.0,Good/Satisfactory
India,Haryana,Faridabad,"Sector 30, Faridabad - HSPCB",2026-07-06 10:00:00,28.4417,77.3217,CO,32.0,50.0,39.0,10,Monday,18.0,Good/Satisfactory
India,Haryana,Faridabad,"New Industrial Town, Faridabad - HSPCB",2026-07-06 10:00:00,28.39072,77.30059,NO2,24.0,27.0,25.0,10,Monday,3.0,Good/Satisfactory
India,Haryana,Faridabad,"New Industrial Town, Faridabad - HSPCB",2026-07-06 10:00:00,28.39072,77.30059,SO2,7.0,80.0,13.0,10,Monday,73.0,Good/Satisfactory
India,Haryana,Faridabad,"New Industrial Town, Faridabad - HSPCB",2026-07-06 10:00:00,28.39072,77.30059,OZONE,13.0,14.0,14.0,10,Monday,1.0,Good/Satisfactory
India,Haryana,Faridabad,"Sector 11, Faridabad - HSPCB",2026-07-06 10:00:00,28.376058,77.315741,PM10,26.0,181.0,83.0,10,Monday,155.0,Moderate
India,Jharkhand,Jorapokhar,"Tata Stadium, Jorapokhar - JSPCB",2026-07-06 10:00:00,23.707909,86.41467,PM2.5,41.0,47.0,44.0,10,Monday,6.0,Moderate
India,Jharkhand,Jorapokhar,"Tata Stadium, Jorapokhar - JSPCB",2026-07-06 10:00:00,23.707909,86.41467,SO2,4.0,4.0,4.0,10,Monday,0.0,Good/Satisfactory
India,Jharkhand,Jorapokhar,"Tata Stadium, Jorapokhar - JSPCB",2026-07-06 10:00:00,23.707909,86.41467,CO,38.0,40.0,39.0,10,Monday,2.0,Good/Satisfactory
India,Karnataka,Bengaluru,"BTM Layout, Bengaluru - CPCB",2026-07-06 10:00:00,12.9135218,77.5950804,SO2,19.0,20.0,19.0,10,Monday,1.0,Good/Satisfactory
India,Karnataka,Bengaluru,"Hombegowda Nagar, Bengaluru - KSPCB",2026-07-06 10:00:00,12.938539,77.5901,PM2.5,8.0,44.0,27.0,10,Monday,36.0,Good/Satisfactory
India,Karnataka,Bengaluru,"Hombegowda Nagar, Bengaluru - KSPCB",2026-07-06 10:00:00,12.938539,77.5901,PM10,28.0,112.0,55.0,10,Monday,84.0,Moderate
India,Karnataka,Bengaluru,"Silk Board, Bengaluru - KSPCB",2026-07-06 10:00:00,12.917348,77.622813,PM10,15.0,143.0,79.0,10,Monday,128.0,Moderate
India,Karnataka,Bengaluru,"Silk Board, Bengaluru - KSPCB",2026-07-06 10:00:00,12.917348,77.622813,NO2,4.0,13.0,8.0,10,Monday,9.0,Good/Satisfactory
India,Karnataka,Bengaluru,"Hebbal, Bengaluru - KSPCB",2026-07-06 10:00:00,13.029152,77.585901,NO2,17.0,19.0,18.0,10,Monday,2.0,Good/Satisfactory
India,Karnataka,Bengaluru,"Hebbal, Bengaluru - KSPCB",2026-07-06 10:00:00,13.029152,77.585901,SO2,7.0,23.0,15.0,10,Monday,16.0,Good/Satisfactory
India,Karnataka,Bengaluru,"Hebbal, Bengaluru - KSPCB",2026-07-06 10:00:00,13.029152,77.585901,CO,1.0,26.0,12.0,10,Monday,25.0,Good/Satisfactory
India,Karnataka,Bengaluru,"Hebbal, Bengaluru - KSPCB",2026-07-06 10:00:00,13.029152,77.585901,OZONE,30.0,38.0,33.0,10,Monday,8.0,Good/Satisfactory
India,Karnataka,Bengaluru,"Bapuji Nagar, Bengaluru - KSPCB",2026-07-06 10:00:00,12.951913,77.539784,NO2,25.0,26.0,25.0,10,Monday,1.0,Good/Satisfactory
India,Karnataka,Vijayapura,"Ibrahimpur, Vijayapura - KSPCB",2026-07-06 10:00:00,16.802639,75.722694,NH3,3.0,4.0,4.0,10,Monday,1.0,Good/Satisfactory
India,Karnataka,Yadgir,"Collector Office, Yadgir - KSPCB",2026-07-06 10:00:00,16.7602,77.1428,PM10,31.0,71.0,46.0,10,Monday,40.0,Good/Satisfactory
India,Karnataka,Yadgir,"Collector Office, Yadgir - KSPCB",2026-07-06 10:00:00,16.7602,77.1428,NO2,12.0,19.0,15.0,10,Monday,7.0,Good/Satisfactory
India,Karnataka,Yadgir,"Collector Office, Yadgir - KSPCB",2026-07-06 10:00:00,16.7602,77.1428,NH3,3.0,3.0,3.0,10,Monday,0.0,Good/Satisfactory
India,Kerala,Kollam,"Polayathode, Kollam - Kerala PCB",2026-07-06 10:00:00,8.8787,76.6073,NO2,9.0,10.0,9.0,10,Monday,1.0,Good/Satisfactory
India,Kerala,Thiruvananthapuram,"Plammoodu, Thiruvananthapuram - Kerala PCB",2026-07-06 10:00:00,8.5149093,76.9435879,NH3,0.0,0.0,0.0,10,Monday,0.0,Good/Satisfactory
India,Kerala,Thrissur,"Corporation Ground, Thrissur - Kerala PCB",2026-07-06 10:00:00,10.5324,76.2159,NO2,7.0,9.0,8.0,10,Monday,2.0,Good/Satisfactory
India,Madhya Pradesh,Bhopal,"Paryavaran Parisar, Bhopal - MPPCB",2026-07-06 10:00:00,23.210494,77.425409,PM2.5,2.0,38.0,18.0,10,Monday,36.0,Good/Satisfactory
India,Madhya Pradesh,Bhopal,"Paryavaran Parisar, Bhopal - MPPCB",2026-07-06 10:00:00,23.210494,77.425409,PM10,11.0,60.0,27.0,10,Monday,49.0,Good/Satisfactory
India,Karnataka,Bengaluru,"Bapuji Nagar, Bengaluru - KSPCB",2026-07-06 10:00:00,12.951913,77.539784,SO2,7.0,44.0,29.0,10,Monday,37.0,Good/Satisfactory
India,Karnataka,Bengaluru,"Bapuji Nagar, Bengaluru - KSPCB",2026-07-06 10:00:00,12.951913,77.539784,OZONE,4.0,31.0,21.0,10,Monday,27.0,Good/Satisfactory
India,Karnataka,Chamarajanagar,"Urban, Chamarajanagar - KSPCB",2026-07-06 10:00:00,11.55358,76.55521,CO,14.0,23.0,21.0,10,Monday,9.0,Good/Satisfactory
India,Karnataka,Chamarajanagar,"Urban, Chamarajanagar - KSPCB",2026-07-06 10:00:00,11.55358,76.55521,OZONE,26.0,29.0,27.0,10,Monday,3.0,Good/Satisfactory
India,Karnataka,Chikkaballapur,"Chikkaballapur Rural, Chikkaballapur - KSPCB",2026-07-06 10:00:00,13.428828,77.731418,PM2.5,17.0,42.0,25.0,10,Monday,25.0,Good/Satisfactory
India,Karnataka,Chikkaballapur,"Chikkaballapur Rural, Chikkaballapur - KSPCB",2026-07-06 10:00:00,13.428828,77.731418,NH3,1.0,1.0,1.0,10,Monday,0.0,Good/Satisfactory
India,Karnataka,Chikkaballapur,"Chikkaballapur Rural, Chikkaballapur - KSPCB",2026-07-06 10:00:00,13.428828,77.731418,CO,34.0,39.0,37.0,10,Monday,5.0,Good/Satisfactory
India,Karnataka,Dharwad,"Kalabhavan, Dharwad - KSPCB",2026-07-06 10:00:00,15.459706,75.008381,PM2.5,42.0,49.0,45.0,10,Monday,7.0,Moderate
India,Karnataka,Dharwad,"Kalabhavan, Dharwad - KSPCB",2026-07-06 10:00:00,15.459706,75.008381,SO2,7.0,9.0,8.0,10,Monday,2.0,Good/Satisfactory
India,Madhya Pradesh,Bhopal,"Idgah Hills, Bhopal - MPPCB",2026-07-06 10:00:00,23.264759,77.381568,PM2.5,12.0,43.0,24.0,10,Monday,31.0,Good/Satisfactory
India,Madhya Pradesh,Bhopal,"Idgah Hills, Bhopal - MPPCB",2026-07-06 10:00:00,23.264759,77.381568,PM10,14.0,172.0,54.0,10,Monday,158.0,Moderate
India,Madhya Pradesh,Gwalior,"Deen Dayal Nagar, Gwalior - MPPCB",2026-07-06 10:00:00,26.259242,78.216432,SO2,18.0,39.0,25.0,10,Monday,21.0,Good/Satisfactory
India,Madhya Pradesh,Gwalior,"City Center, Gwalior - MPPCB",2026-07-06 10:00:00,26.203442,78.193251,SO2,5.0,32.0,17.0,10,Monday,27.0,Good/Satisfactory
India,Madhya Pradesh,Gwalior,"Maharaj Bada, Gwalior - MPPCB",2026-07-06 10:00:00,26.200388,78.147714,PM2.5,3.0,35.0,18.0,10,Monday,32.0,Good/Satisfactory
India,Madhya Pradesh,Gwalior,"Maharaj Bada, Gwalior - MPPCB",2026-07-06 10:00:00,26.200388,78.147714,PM10,13.0,104.0,42.0,10,Monday,91.0,Good/Satisfactory
India,Madhya Pradesh,Indore,"Residency Area, Indore - IMC",2026-07-06 10:00:00,22.7084,75.8815,PM10,10.0,43.0,22.0,10,Monday,33.0,Good/Satisfactory
India,Haryana,Sirsa,"F-Block, Sirsa - HSPCB",2026-07-06 10:00:00,29.5364,75.0158,NH3,12.0,14.0,13.0,10,Monday,2.0,Good/Satisfactory
India,Haryana,Yamuna Nagar,"Gobind Pura, Yamuna Nagar - HSPCB",2026-07-06 10:00:00,30.1480566,77.2893471,SO2,10.0,15.0,11.0,10,Monday,5.0,Good/Satisfactory
India,Jammu and Kashmir,Pampore,"Khrew, Pampore - JKPCC",2026-07-06 10:00:00,34.031606,75.009712,PM10,34.0,78.0,59.0,10,Monday,44.0,Moderate
India,Jammu and Kashmir,Pampore,"Khrew, Pampore - JKPCC",2026-07-06 10:00:00,34.031606,75.009712,NO2,15.5,16.5,15.5,10,Monday,1.0,Good/Satisfactory
India,Jammu and Kashmir,Pampore,"Khrew, Pampore - JKPCC",2026-07-06 10:00:00,34.031606,75.009712,SO2,0.0,0.0,0.0,10,Monday,0.0,Good/Satisfactory
India,Jammu and Kashmir,Srinagar,"Khunmoh, Srinagar - JKPCC",2026-07-06 10:00:00,34.06313,74.96017,NO2,12.0,13.0,12.0,10,Monday,1.0,Good/Satisfactory
India,Jammu and Kashmir,Srinagar,"Khunmoh, Srinagar - JKPCC",2026-07-06 10:00:00,34.06313,74.96017,CO,14.0,17.0,16.0,10,Monday,3.0,Good/Satisfactory
India,Maharashtra,Mumbai,"Malad West, Mumbai - IITM",2026-07-06 10:00:00,19.19709,72.82204,OZONE,27.0,39.0,31.0,10,Monday,12.0,Good/Satisfactory
India,Maharashtra,Mumbai,"Sion, Mumbai - MPCB",2026-07-06 10:00:00,19.047,72.8746,PM10,32.0,86.0,61.0,10,Monday,54.0,Moderate
India,Maharashtra,Mumbai,"Sion, Mumbai - MPCB",2026-07-06 10:00:00,19.047,72.8746,NO2,38.0,42.0,40.0,10,Monday,4.0,Good/Satisfactory
India,Maharashtra,Mumbai,"Shivaji Nagar, Mumbai - BMC",2026-07-06 10:00:00,19.060498,72.923356,CO,7.0,8.0,8.0,10,Monday,1.0,Good/Satisfactory
India,Maharashtra,Mumbai,"Chakala-Andheri East, Mumbai - IITM",2026-07-06 10:00:00,19.11074,72.86084,PM10,15.0,44.0,29.0,10,Monday,29.0,Good/Satisfactory
India,Maharashtra,Mumbai,"Chakala-Andheri East, Mumbai - IITM",2026-07-06 10:00:00,19.11074,72.86084,SO2,0.0,11.0,5.0,10,Monday,11.0,Good/Satisfactory
India,Maharashtra,Mumbai,"Chakala-Andheri East, Mumbai - IITM",2026-07-06 10:00:00,19.11074,72.86084,CO,2.0,8.0,5.0,10,Monday,6.0,Good/Satisfactory
India,Maharashtra,Mumbai,"Bandra Kurla Complex, Mumbai - MPCB",2026-07-06 10:00:00,19.065931,72.862131,NO2,6.0,17.0,12.0,10,Monday,11.0,Good/Satisfactory
India,Maharashtra,Mumbai,"Bandra Kurla Complex, Mumbai - MPCB",2026-07-06 10:00:00,19.065931,72.862131,SO2,2.0,4.0,3.0,10,Monday,2.0,Good/Satisfactory
India,Maharashtra,Mumbai,"Worli, Mumbai - MPCB",2026-07-06 10:00:00,18.9936162,72.8128113,PM2.5,5.0,78.0,39.0,10,Monday,73.0,Moderate
India,Maharashtra,Mumbai,"Worli, Mumbai - MPCB",2026-07-06 10:00:00,18.9936162,72.8128113,PM10,32.0,110.0,79.0,10,Monday,78.0,Moderate
India,Maharashtra,Mumbai,"Worli, Mumbai - MPCB",2026-07-06 10:00:00,18.9936162,72.8128113,NO2,3.0,13.0,6.0,10,Monday,10.0,Good/Satisfactory
India,Maharashtra,Mumbai,"Worli, Mumbai - MPCB",2026-07-06 10:00:00,18.9936162,72.8128113,OZONE,10.0,12.0,11.0,10,Monday,2.0,Good/Satisfactory
India,Maharashtra,Mumbai,"Borivali East, Mumbai - IITM",2026-07-06 10:00:00,19.23241,72.86895,SO2,2.0,6.0,4.0,10,Monday,4.0,Good/Satisfactory
India,Maharashtra,Mumbai,"Borivali East, Mumbai - IITM",2026-07-06 10:00:00,19.23241,72.86895,CO,33.0,38.0,35.0,10,Monday,5.0,Good/Satisfactory
India,Maharashtra,Mumbai,"Deonar, Mumbai - IITM",2026-07-06 10:00:00,19.04946,72.923,PM2.5,34.0,54.0,40.0,10,Monday,20.0,Moderate
India,Maharashtra,Mumbai,"Deonar, Mumbai - IITM",2026-07-06 10:00:00,19.04946,72.923,NH3,7.0,9.0,8.0,10,Monday,2.0,Good/Satisfactory
India,Madhya Pradesh,Satna,"Bandhavgar Colony, Satna - Birla Cement",2026-07-06 10:00:00,24.58434363,80.8549414,PM2.5,48.0,51.0,50.0,10,Monday,3.0,Moderate
India,Madhya Pradesh,Satna,"Bandhavgar Colony, Satna - Birla Cement",2026-07-06 10:00:00,24.58434363,80.8549414,NO2,12.0,13.0,12.0,10,Monday,1.0,Good/Satisfactory
India,Madhya Pradesh,Satna,"Bandhavgar Colony, Satna - Birla Cement",2026-07-06 10:00:00,24.58434363,80.8549414,CO,14.0,20.0,17.0,10,Monday,6.0,Good/Satisfactory
India,Madhya Pradesh,Singrauli,"Suryakiran Bhawan NCL, Singrauli - MPPCB",2026-07-06 10:00:00,24.10897,82.64558,PM2.5,10.0,30.0,11.0,10,Monday,20.0,Good/Satisfactory
India,Maharashtra,Ahmednagar,"Tarakpur, Ahmednagar - MPCB",2026-07-06 10:00:00,19.10122,74.73339,NH3,7.0,10.0,9.0,10,Monday,3.0,Good/Satisfactory
India,Maharashtra,Ahmednagar,"Tarakpur, Ahmednagar - MPCB",2026-07-06 10:00:00,19.10122,74.73339,SO2,6.0,24.0,14.0,10,Monday,18.0,Good/Satisfactory
India,Maharashtra,Akola,"Ramdaspeth, Akola - MPCB",2026-07-06 10:00:00,20.719516,77.000253,NO2,3.0,14.0,7.0,10,Monday,11.0,Good/Satisfactory
India,Maharashtra,Ambernath,"Chinchpada, Ambernath - MPCB",2026-07-06 10:00:00,19.215784,73.199781,PM2.5,8.0,30.0,17.0,10,Monday,22.0,Good/Satisfactory
India,Maharashtra,Ambernath,"Chinchpada, Ambernath - MPCB",2026-07-06 10:00:00,19.215784,73.199781,NO2,6.0,23.0,14.0,10,Monday,17.0,Good/Satisfactory
India,Maharashtra,Amravati,"Shri Shivaji Science College, Amravati - MPCB",2026-07-06 10:00:00,20.939198,77.765701,PM2.5,6.0,17.0,11.0,10,Monday,11.0,Good/Satisfactory
India,Maharashtra,Amravati,"Shri Shivaji Science College, Amravati - MPCB",2026-07-06 10:00:00,20.939198,77.765701,OZONE,7.0,13.0,9.0,10,Monday,6.0,Good/Satisfactory
India,Maharashtra,Amravati,"Shivneri Colony, Amravati - MPCB",2026-07-06 10:00:00,20.9402359,77.7895248,PM2.5,8.0,27.0,16.0,10,Monday,19.0,Good/Satisfactory
India,Maharashtra,Amravati,"Shivneri Colony, Amravati - MPCB",2026-07-06 10:00:00,20.9402359,77.7895248,NO2,3.0,8.0,5.0,10,Monday,5.0,Good/Satisfactory
India,Maharashtra,Aurangabad,"Rachnakar Colony, Aurangabad - MPCB",2026-07-06 10:00:00,19.863756,75.321188,PM10,21.0,35.0,26.0,10,Monday,14.0,Good/Satisfactory
India,Maharashtra,Aurangabad,"Rachnakar Colony, Aurangabad - MPCB",2026-07-06 10:00:00,19.863756,75.321188,OZONE,7.0,28.0,12.0,10,Monday,21.0,Good/Satisfactory
India,Maharashtra,Badlapur,"Katrap, Badlapur - MPCB",2026-07-06 10:00:00,19.16485,73.23409,NO2,7.0,17.0,12.0,10,Monday,10.0,Good/Satisfactory
India,Maharashtra,Badlapur,"Katrap, Badlapur - MPCB",2026-07-06 10:00:00,19.16485,73.23409,SO2,2.0,6.0,4.0,10,Monday,4.0,Good/Satisfactory
India,Maharashtra,Beed,"Bir, Beed - MPCB",2026-07-06 10:00:00,18.988474,75.753873,CO,11.0,19.0,14.0,10,Monday,8.0,Good/Satisfactory
India,Maharashtra,Belapur,"CBD Belapur, Belapur - MPCB",2026-07-06 10:00:00,19.0243902,73.0406721,SO2,0.0,6.0,2.0,10,Monday,6.0,Good/Satisfactory
India,Maharashtra,Belapur,"CBD Belapur, Belapur - MPCB",2026-07-06 10:00:00,19.0243902,73.0406721,OZONE,20.0,30.0,24.0,10,Monday,10.0,Good/Satisfactory
India,Maharashtra,Bhiwandi,"Gokul Nagar, Bhiwandi - MPCB",2026-07-06 10:00:00,19.309073,73.057223,SO2,2.0,6.0,4.0,10,Monday,4.0,Good/Satisfactory
India,Maharashtra,Bhiwandi,"Gokul Nagar, Bhiwandi - MPCB",2026-07-06 10:00:00,19.309073,73.057223,OZONE,12.0,28.0,16.0,10,Monday,16.0,Good/Satisfactory
India,Maharashtra,Boisar,"Khaira, Boisar - MPCB",2026-07-06 10:00:00,19.786089,72.757971,PM2.5,20.0,392.0,53.0,10,Monday,372.0,Moderate
India,Maharashtra,Boisar,"Khaira, Boisar - MPCB",2026-07-06 10:00:00,19.786089,72.757971,PM10,26.0,436.0,66.0,10,Monday,410.0,Moderate
India,Maharashtra,Boisar,"Khaira, Boisar - MPCB",2026-07-06 10:00:00,19.786089,72.757971,OZONE,57.0,57.0,57.0,10,Monday,0.0,Moderate
India,Maharashtra,Chandrapur,"Chauhan Colony, Chandrapur - MPCB",2026-07-06 10:00:00,19.9629,79.298714,PM10,18.0,62.0,28.0,10,Monday,44.0,Good/Satisfactory
India,Maharashtra,Chandrapur,"Chauhan Colony, Chandrapur - MPCB",2026-07-06 10:00:00,19.9629,79.298714,OZONE,15.0,17.0,16.0,10,Monday,2.0,Good/Satisfactory
India,Maharashtra,Latur,"Sawe Wadi, Latur - MPCB",2026-07-06 10:00:00,18.39963,76.57452,NH3,1.0,4.0,2.0,10,Monday,3.0,Good/Satisfactory
India,Maharashtra,Latur,"Sawe Wadi, Latur - MPCB",2026-07-06 10:00:00,18.39963,76.57452,CO,13.0,22.0,16.0,10,Monday,9.0,Good/Satisfactory
India,Maharashtra,Latur,"Sawe Wadi, Latur - MPCB",2026-07-06 10:00:00,18.39963,76.57452,OZONE,17.0,21.0,19.0,10,Monday,4.0,Good/Satisfactory
India,Maharashtra,Malegaon,"Mahesh Nagar, Malegaon - MPCB",2026-07-06 10:00:00,20.555712,74.529236,PM2.5,9.0,40.0,23.0,10,Monday,31.0,Good/Satisfactory
India,Maharashtra,Malegaon,"Mahesh Nagar, Malegaon - MPCB",2026-07-06 10:00:00,20.555712,74.529236,PM10,19.0,102.0,46.0,10,Monday,83.0,Good/Satisfactory
India,Maharashtra,Malegaon,"Mahesh Nagar, Malegaon - MPCB",2026-07-06 10:00:00,20.555712,74.529236,OZONE,8.0,12.0,10.0,10,Monday,4.0,Good/Satisfactory
India,Maharashtra,Mira-Bhayandar,"Bhayandar West, Mira-Bhayandar - MPCB",2026-07-06 10:00:00,19.296481,72.840923,NO2,1.0,18.0,3.0,10,Monday,17.0,Good/Satisfactory
India,Maharashtra,Mumbai,"Mazgaon, Mumbai - IITM",2026-07-06 10:00:00,18.96702,72.84214,CO,24.0,78.0,60.0,10,Monday,54.0,Moderate
India,Maharashtra,Mumbai,"Mindspace-Malad West, Mumbai - MPCB",2026-07-06 10:00:00,19.1878657,72.8304069,SO2,4.0,5.0,5.0,10,Monday,1.0,Good/Satisfactory
India,Maharashtra,Mumbai,"Mindspace-Malad West, Mumbai - MPCB",2026-07-06 10:00:00,19.1878657,72.8304069,OZONE,45.0,60.0,50.0,10,Monday,15.0,Good/Satisfactory
India,Maharashtra,Mumbai,"Byculla, Mumbai - BMC",2026-07-06 10:00:00,18.9767,72.838,NO2,4.0,13.0,8.0,10,Monday,9.0,Good/Satisfactory
India,Maharashtra,Mumbai,"Byculla, Mumbai - BMC",2026-07-06 10:00:00,18.9767,72.838,NH3,1.0,1.0,1.0,10,Monday,0.0,Good/Satisfactory
India,Maharashtra,Mumbai,"Kurla, Mumbai - MPCB",2026-07-06 10:00:00,19.0863,72.8888,PM2.5,8.0,30.0,19.0,10,Monday,22.0,Good/Satisfactory
India,Maharashtra,Mumbai,"Kurla, Mumbai - MPCB",2026-07-06 10:00:00,19.0863,72.8888,CO,12.0,15.0,14.0,10,Monday,3.0,Good/Satisfactory
India,Maharashtra,Mumbai,"Navy Nagar-Colaba, Mumbai - IITM",2026-07-06 10:00:00,18.897756,72.81332,PM2.5,17.0,70.0,38.0,10,Monday,53.0,Moderate
India,Maharashtra,Mumbai,"Navy Nagar-Colaba, Mumbai - IITM",2026-07-06 10:00:00,18.897756,72.81332,NO2,40.0,73.0,55.0,10,Monday,33.0,Moderate
India,Maharashtra,Mumbai,"Siddharth Nagar-Worli, Mumbai - IITM",2026-07-06 10:00:00,19.000083,72.813993,OZONE,21.0,27.0,24.0,10,Monday,6.0,Good/Satisfactory
India,Maharashtra,Mumbai,"Ghatkopar, Mumbai - BMC",2026-07-06 10:00:00,19.083694,72.920967,NO2,3.0,14.0,6.0,10,Monday,11.0,Good/Satisfactory
India,Maharashtra,Mumbai,"Ghatkopar, Mumbai - BMC",2026-07-06 10:00:00,19.083694,72.920967,OZONE,24.0,32.0,27.0,10,Monday,8.0,Good/Satisfactory
India,Maharashtra,Mumbai,"Sewri, Mumbai - BMC",2026-07-06 10:00:00,19.000084,72.85673,OZONE,9.0,9.0,9.0,10,Monday,0.0,Good/Satisfactory
India,Maharashtra,Mumbai,"Chhatrapati Shivaji Intl. Airport (T2), Mumbai - MPCB",2026-07-06 10:00:00,19.10078,72.87462,SO2,4.0,8.0,7.0,10,Monday,4.0,Good/Satisfactory
India,Maharashtra,Mumbai,"Malad West, Mumbai - IITM",2026-07-06 10:00:00,19.19709,72.82204,NO2,5.0,26.0,11.0,10,Monday,21.0,Good/Satisfactory
India,Maharashtra,Mumbai,"Deonar, Mumbai - IITM",2026-07-06 10:00:00,19.04946,72.923,OZONE,9.0,12.0,11.0,10,Monday,3.0,Good/Satisfactory
India,Maharashtra,Mumbai,"Chembur, Mumbai - MPCB",2026-07-06 10:00:00,19.0364585,72.8954371,NO2,3.0,32.0,15.0,10,Monday,29.0,Good/Satisfactory
India,Maharashtra,Mumbai,"Khindipada-Bhandup West, Mumbai - IITM",2026-07-06 10:00:00,19.1653323,72.922099,PM10,17.0,51.0,27.0,10,Monday,34.0,Good/Satisfactory
India,Maharashtra,Nagpur,"Ram Nagar, Nagpur - MPCB",2026-07-06 10:00:00,21.143383,79.048912,PM2.5,3.0,58.0,33.0,10,Monday,55.0,Moderate
India,Maharashtra,Nagpur,"Ram Nagar, Nagpur - MPCB",2026-07-06 10:00:00,21.143383,79.048912,SO2,0.0,7.0,3.0,10,Monday,7.0,Good/Satisfactory
India,Maharashtra,Nagpur,"Ram Nagar, Nagpur - MPCB",2026-07-06 10:00:00,21.143383,79.048912,CO,9.0,12.0,10.0,10,Monday,3.0,Good/Satisfactory
India,Maharashtra,Nagpur,"Ram Nagar, Nagpur - MPCB",2026-07-06 10:00:00,21.143383,79.048912,OZONE,7.0,13.0,9.0,10,Monday,6.0,Good/Satisfactory
India,Maharashtra,Nagpur,"Mahal, Nagpur - MPCB",2026-07-06 10:00:00,21.14472,79.107595,SO2,7.0,40.0,20.0,10,Monday,33.0,Good/Satisfactory
India,Maharashtra,Nanded,"Sneh Nagar, Nanded - MPCB",2026-07-06 10:00:00,19.173852,77.296291,NH3,4.0,5.0,4.0,10,Monday,1.0,Good/Satisfactory
India,Maharashtra,Nashik,"MIDC Ambad, Nashik - MPCB",2026-07-06 10:00:00,19.95022,73.73148,PM10,0.0,127.0,18.0,10,Monday,127.0,Good/Satisfactory
India,Madhya Pradesh,Indore,"Residency Area, Indore - IMC",2026-07-06 10:00:00,22.7084,75.8815,OZONE,5.0,6.0,6.0,10,Monday,1.0,Good/Satisfactory
India,Madhya Pradesh,Indore,"Airport Area, Indore - IMC",2026-07-06 10:00:00,22.7289,75.8076,NH3,0.0,0.0,0.0,10,Monday,0.0,Good/Satisfactory
India,Madhya Pradesh,Indore,"Airport Area, Indore - IMC",2026-07-06 10:00:00,22.7289,75.8076,OZONE,3.0,5.0,4.0,10,Monday,2.0,Good/Satisfactory
India,Madhya Pradesh,Indore,"Regional Park, Indore - IMC",2026-07-06 10:00:00,22.678,75.8559,PM2.5,7.0,37.0,20.0,10,Monday,30.0,Good/Satisfactory
India,Madhya Pradesh,Indore,"Regional Park, Indore - IMC",2026-07-06 10:00:00,22.678,75.8559,NH3,3.0,4.0,4.0,10,Monday,1.0,Good/Satisfactory
India,Madhya Pradesh,Indore,"Maguda Nagar, Indore - IMC",2026-07-06 10:00:00,22.7524,75.8872,PM10,13.0,71.0,39.0,10,Monday,58.0,Good/Satisfactory
India,Madhya Pradesh,Indore,"Maguda Nagar, Indore - IMC",2026-07-06 10:00:00,22.7524,75.8872,SO2,17.0,20.0,19.0,10,Monday,3.0,Good/Satisfactory
India,Madhya Pradesh,Indore,"Maguda Nagar, Indore - IMC",2026-07-06 10:00:00,22.7524,75.8872,CO,28.0,32.0,30.0,10,Monday,4.0,Good/Satisfactory
India,Madhya Pradesh,Pithampur,"Sector-2 Industrial Area, Pithampur - MPPCB",2026-07-06 10:00:00,22.624758,75.675238,NO2,6.0,25.0,14.0,10,Monday,19.0,Good/Satisfactory
India,Maharashtra,Dhule,"Deopur, Dhule - MPCB",2026-07-06 10:00:00,20.918946,74.776388,NH3,0.0,1.0,0.0,10,Monday,1.0,Good/Satisfactory
India,Maharashtra,Dhule,"Deopur, Dhule - MPCB",2026-07-06 10:00:00,20.918946,74.776388,SO2,1.0,8.0,4.0,10,Monday,7.0,Good/Satisfactory
India,Maharashtra,Dhule,"Deopur, Dhule - MPCB",2026-07-06 10:00:00,20.918946,74.776388,CO,18.0,30.0,24.0,10,Monday,12.0,Good/Satisfactory
India,Maharashtra,Jalgaon,"Prabhat Colony, Jalgaon - MPCB",2026-07-06 10:00:00,21.001264,75.565602,NH3,0.0,30.0,5.0,10,Monday,30.0,Good/Satisfactory
India,Maharashtra,Jalna,"Old MIDC, Jalna - MPCB",2026-07-06 10:00:00,19.854616,75.905894,CO,7.0,23.0,13.0,10,Monday,16.0,Good/Satisfactory
India,Maharashtra,Kalyan,"Pimpleshwar Mandir, Kalyan - MPCB",2026-07-06 10:00:00,19.192056,72.9585188,PM2.5,8.0,30.0,19.0,10,Monday,22.0,Good/Satisfactory
India,Maharashtra,Kalyan,"Pimpleshwar Mandir, Kalyan - MPCB",2026-07-06 10:00:00,19.192056,72.9585188,SO2,2.0,6.0,4.0,10,Monday,4.0,Good/Satisfactory
India,Maharashtra,Kolhapur,"Sinchan Bhavan, Kolhapur - MPCB",2026-07-06 10:00:00,16.7143745,74.2426398,PM2.5,8.0,28.0,14.0,10,Monday,20.0,Good/Satisfactory
India,Maharashtra,Kolhapur,"Sinchan Bhavan, Kolhapur - MPCB",2026-07-06 10:00:00,16.7143745,74.2426398,SO2,0.0,1.0,0.0,10,Monday,1.0,Good/Satisfactory
India,Maharashtra,Nashik,"Pandav Nagari, Nashik - MPCB",2026-07-06 10:00:00,19.9591346,73.7788008,NO2,2.0,10.0,5.0,10,Monday,8.0,Good/Satisfactory
India,Maharashtra,Nashik,"Pandav Nagari, Nashik - MPCB",2026-07-06 10:00:00,19.9591346,73.7788008,SO2,0.0,3.0,1.0,10,Monday,3.0,Good/Satisfactory
India,Maharashtra,Nashik,"Hirawadi, Nashik - MPCB",2026-07-06 10:00:00,20.021503,73.813844,PM2.5,6.0,17.0,10.0,10,Monday,11.0,Good/Satisfactory
India,Maharashtra,Navi Mumbai,"Sanpada, Navi Mumbai - MPCB",2026-07-06 10:00:00,19.0575752,73.0151367,PM2.5,10.0,10.0,10.0,10,Monday,0.0,Good/Satisfactory
India,Maharashtra,Navi Mumbai,"Sanpada, Navi Mumbai - MPCB",2026-07-06 10:00:00,19.0575752,73.0151367,CO,1.0,12.0,9.0,10,Monday,11.0,Good/Satisfactory
India,Maharashtra,Navi Mumbai,"Sector-2E Kalamboli, Navi Mumbai - MPCB",2026-07-06 10:00:00,19.02579,73.10297,PM2.5,4.0,23.0,14.0,10,Monday,19.0,Good/Satisfactory
India,Rajasthan,Ajmer,"Civil Lines,  Ajmer - RSPCB",2026-07-06 10:00:00,26.470859,74.646594,OZONE,18.0,18.0,18.0,10,Monday,0.0,Good/Satisfactory
India,Rajasthan,Alwar,"Moti Doongri, Alwar - RSPCB",2026-07-06 10:00:00,27.554793,76.611536,NO2,31.0,97.0,65.0,10,Monday,66.0,Moderate
India,Rajasthan,Alwar,"Moti Doongri, Alwar - RSPCB",2026-07-06 10:00:00,27.554793,76.611536,NH3,8.0,10.0,9.0,10,Monday,2.0,Good/Satisfactory
India,Rajasthan,Banswara,"Rati Talai, Banswara - RSPCB",2026-07-06 10:00:00,23.55519,74.44001,PM2.5,12.0,67.0,34.0,10,Monday,55.0,Moderate
India,Rajasthan,Banswara,"Rati Talai, Banswara - RSPCB",2026-07-06 10:00:00,23.55519,74.44001,PM10,28.0,111.0,59.0,10,Monday,83.0,Moderate
India,Rajasthan,Banswara,"Rati Talai, Banswara - RSPCB",2026-07-06 10:00:00,23.55519,74.44001,OZONE,16.0,37.0,25.0,10,Monday,21.0,Good/Satisfactory
India,Rajasthan,Baran,"Bamboliya, Baran - RSPCB",2026-07-06 10:00:00,25.106006,76.469948,PM2.5,2.0,8.0,5.0,10,Monday,6.0,Good/Satisfactory
India,Rajasthan,Baran,"Bamboliya, Baran - RSPCB",2026-07-06 10:00:00,25.106006,76.469948,NH3,3.0,4.0,3.0,10,Monday,1.0,Good/Satisfactory
India,Rajasthan,Barmer,"Railway Colony, Barmer - RSPCB",2026-07-06 10:00:00,25.747299,71.393989,NO2,3.0,13.0,8.0,10,Monday,10.0,Good/Satisfactory
India,Rajasthan,Barmer,"Railway Colony, Barmer - RSPCB",2026-07-06 10:00:00,25.747299,71.393989,CO,8.0,15.0,11.0,10,Monday,7.0,Good/Satisfactory
India,Rajasthan,Bharatpur,"Krishna Nagar, Bharatpur - RSPCB",2026-07-06 10:00:00,27.215415,77.50873,NH3,11.0,18.0,14.0,10,Monday,7.0,Good/Satisfactory
India,Rajasthan,Bharatpur,"Krishna Nagar, Bharatpur - RSPCB",2026-07-06 10:00:00,27.215415,77.50873,SO2,3.0,4.0,3.0,10,Monday,1.0,Good/Satisfactory
India,Rajasthan,Bharatpur,"Krishna Nagar, Bharatpur - RSPCB",2026-07-06 10:00:00,27.215415,77.50873,CO,19.0,26.0,22.0,10,Monday,7.0,Good/Satisfactory
India,Rajasthan,Bhiwadi,"RIICO Ind. Area III, Bhiwadi - RSPCB",2026-07-06 10:00:00,28.194909,76.862296,NO2,30.0,86.0,51.0,10,Monday,56.0,Moderate
India,Rajasthan,Bhiwadi,"RIICO Ind. Area III, Bhiwadi - RSPCB",2026-07-06 10:00:00,28.194909,76.862296,SO2,6.0,38.0,11.0,10,Monday,32.0,Good/Satisfactory
India,Rajasthan,Bhiwadi,"Vasundhara Nagar_UIT, Bhiwadi - RSPCB",2026-07-06 10:00:00,28.207266,76.829265,NO2,11.0,69.0,33.0,10,Monday,58.0,Good/Satisfactory
India,Rajasthan,Bhiwadi,"Vasundhara Nagar_UIT, Bhiwadi - RSPCB",2026-07-06 10:00:00,28.207266,76.829265,NH3,6.0,19.0,11.0,10,Monday,13.0,Good/Satisfactory
India,Rajasthan,Bikaner,"MM Ground, Bikaner - RSPCB",2026-07-06 10:00:00,28.018792,73.292658,NO2,6.0,63.0,22.0,10,Monday,57.0,Good/Satisfactory
India,Rajasthan,Bundi,"New Colony, Bundi - RSPCB",2026-07-06 10:00:00,25.435774,75.644272,OZONE,15.0,77.0,35.0,10,Monday,62.0,Good/Satisfactory
India,Rajasthan,Dausa,"Khatikan Mohalla, Dausa - RSPCB",2026-07-06 10:00:00,26.895552,76.334753,CO,24.0,40.0,28.0,10,Monday,16.0,Good/Satisfactory
India,Rajasthan,Dholpur,"Raja Ganj, Dholpur - RSPCB",2026-07-06 10:00:00,26.699557,77.898881,NH3,5.0,50.0,14.0,10,Monday,45.0,Good/Satisfactory
India,Rajasthan,Dholpur,"Raja Ganj, Dholpur - RSPCB",2026-07-06 10:00:00,26.699557,77.898881,SO2,3.0,10.0,6.0,10,Monday,7.0,Good/Satisfactory
India,Rajasthan,Dungarpur,"Bhoiwada, Dungarpur - RSPCB",2026-07-06 10:00:00,23.837789,73.714926,PM2.5,12.0,67.0,34.0,10,Monday,55.0,Moderate
India,Rajasthan,Dungarpur,"Bhoiwada, Dungarpur - RSPCB",2026-07-06 10:00:00,23.837789,73.714926,NO2,7.0,38.0,15.0,10,Monday,31.0,Good/Satisfactory
India,Rajasthan,Hanumangarh,"Housing Board, Hanumangarh - RSPCB",2026-07-06 10:00:00,29.61075,74.283608,SO2,1.0,4.0,2.0,10,Monday,3.0,Good/Satisfactory
India,Rajasthan,Jaipur,"Mansarovar Sector-12, Jaipur - RSPCB",2026-07-06 10:00:00,26.843698,75.766894,SO2,1.0,5.0,2.0,10,Monday,4.0,Good/Satisfactory
India,Rajasthan,Jaipur,"Mansarovar Sector-12, Jaipur - RSPCB",2026-07-06 10:00:00,26.843698,75.766894,CO,23.0,50.0,34.0,10,Monday,27.0,Good/Satisfactory
India,Rajasthan,Jaipur,"Sector-2 Murlipura, Jaipur - RSPCB",2026-07-06 10:00:00,26.960669,75.771817,PM2.5,2.0,76.0,34.0,10,Monday,74.0,Moderate
India,Rajasthan,Jaipur,"Sector-2 Murlipura, Jaipur - RSPCB",2026-07-06 10:00:00,26.960669,75.771817,PM10,2.0,150.0,74.0,10,Monday,148.0,Moderate
India,Rajasthan,Jaipur,"Police Commissionerate, Jaipur - RSPCB",2026-07-06 10:00:00,26.9164092,75.7994901,NO2,7.0,38.0,15.0,10,Monday,31.0,Good/Satisfactory
India,Rajasthan,Jaipur,"Adarsh Nagar, Jaipur - RSPCB",2026-07-06 10:00:00,26.902909,75.836858,PM2.5,31.0,102.0,57.0,10,Monday,71.0,Moderate
India,Rajasthan,Jaipur,"Adarsh Nagar, Jaipur - RSPCB",2026-07-06 10:00:00,26.902909,75.836858,PM10,31.0,83.0,57.0,10,Monday,52.0,Moderate
India,Rajasthan,Jaipur,"Adarsh Nagar, Jaipur - RSPCB",2026-07-06 10:00:00,26.902909,75.836858,NH3,4.0,8.0,6.0,10,Monday,4.0,Good/Satisfactory
India,Rajasthan,Jaipur,"Shastri Nagar, Jaipur - RSPCB",2026-07-06 10:00:00,26.9502929,75.730943,PM2.5,41.0,144.0,83.0,10,Monday,103.0,Poor/Severe
India,Rajasthan,Jaipur,"RIICO Sitapura, Jaipur - RSPCB",2026-07-06 10:00:00,26.786682,75.827928,NO2,5.0,33.0,15.0,10,Monday,28.0,Good/Satisfactory
India,Rajasthan,Jaisalmer,"Sadar Bazar, Jaisalmer - RSPCB",2026-07-06 10:00:00,26.912329,70.909168,NO2,4.0,52.0,13.0,10,Monday,48.0,Good/Satisfactory
India,Rajasthan,Jaisalmer,"Sadar Bazar, Jaisalmer - RSPCB",2026-07-06 10:00:00,26.912329,70.909168,SO2,2.0,5.0,4.0,10,Monday,3.0,Good/Satisfactory
India,Rajasthan,Jalore,"Mudtra Sili, Jalore - RSPCB",2026-07-06 10:00:00,25.344694,72.626208,CO,14.0,26.0,20.0,10,Monday,12.0,Good/Satisfactory
India,Rajasthan,Jalore,"Mudtra Sili, Jalore - RSPCB",2026-07-06 10:00:00,25.344694,72.626208,OZONE,3.0,36.0,25.0,10,Monday,33.0,Good/Satisfactory
India,Rajasthan,Jhunjhunu,"Indra Nagar, Jhunjhunu - RSPCB",2026-07-06 10:00:00,28.108988,75.386577,NH3,6.0,14.0,8.0,10,Monday,8.0,Good/Satisfactory
India,Rajasthan,Jodhpur,"Digari Kalan, Jodhpur - RSPCB",2026-07-06 10:00:00,26.29581,73.082283,NO2,13.0,38.0,23.0,10,Monday,25.0,Good/Satisfactory
India,Maharashtra,Navi Mumbai,"Sector-2E Kalamboli, Navi Mumbai - MPCB",2026-07-06 10:00:00,19.02579,73.10297,SO2,2.0,4.0,3.0,10,Monday,2.0,Good/Satisfactory
India,Maharashtra,Navi Mumbai,"Kopripada-Vashi, Navi Mumbai - MPCB",2026-07-06 10:00:00,19.090337,73.014232,NH3,1.0,10.0,5.0,10,Monday,9.0,Good/Satisfactory
India,Maharashtra,Parbhani,"Masoom Colony, Parbhani - MPCB",2026-07-06 10:00:00,19.265594,76.761463,PM10,26.0,40.0,31.0,10,Monday,14.0,Good/Satisfactory
India,Maharashtra,Pimpri-Chinchwad,"Transport Nagar-Nigdi, Pune - IITM",2026-07-06 10:00:00,18.664282,73.763966,NH3,2.0,4.0,3.0,10,Monday,2.0,Good/Satisfactory
India,Maharashtra,Pimpri-Chinchwad,"Bhosari, Pune - IITM",2026-07-06 10:00:00,18.640051,73.848956,PM2.5,15.0,57.0,28.0,10,Monday,42.0,Good/Satisfactory
India,Maharashtra,Pimpri-Chinchwad,"Bhosari, Pune - IITM",2026-07-06 10:00:00,18.640051,73.848956,PM10,22.0,36.0,28.0,10,Monday,14.0,Good/Satisfactory
India,Maharashtra,Pimpri-Chinchwad,"Bhosari, Pune - IITM",2026-07-06 10:00:00,18.640051,73.848956,CO,15.0,38.0,23.0,10,Monday,23.0,Good/Satisfactory
India,Maharashtra,Pimpri-Chinchwad,"Gavalinagar, Pimpri Chinchwad - MPCB",2026-07-06 10:00:00,18.63673,73.82487,NO2,6.0,23.0,11.0,10,Monday,17.0,Good/Satisfactory
India,Maharashtra,Pimpri-Chinchwad,"Park Street Wakad, Pimpri Chinchwad - MPCB",2026-07-06 10:00:00,18.59051,73.77946,PM2.5,8.0,30.0,19.0,10,Monday,22.0,Good/Satisfactory
India,Maharashtra,Pimpri-Chinchwad,"Park Street Wakad, Pimpri Chinchwad - MPCB",2026-07-06 10:00:00,18.59051,73.77946,OZONE,20.0,21.0,21.0,10,Monday,1.0,Good/Satisfactory
India,Maharashtra,Pimpri-Chinchwad,"Savta Mali Nagar, Pimpri-Chinchwad - IITM",2026-07-06 10:00:00,18.614767,73.799516,PM2.5,10.0,26.0,14.0,10,Monday,16.0,Good/Satisfactory
India,Odisha,Tensa,"Barsua Iron Ore Mines, Tensa - OSPCB",2026-07-06 10:00:00,21.869985,85.167016,NH3,2.0,4.0,3.0,10,Monday,2.0,Good/Satisfactory
India,Puducherry,Puducherry,"Jawahar Nagar, Puducherry - PPCC",2026-07-06 10:00:00,11.9309,79.8027,OZONE,17.0,33.0,23.0,10,Monday,16.0,Good/Satisfactory
India,Punjab,Jalandhar,"Civil Line, Jalandhar - PPCB",2026-07-06 10:00:00,31.321907,75.578914,NH3,2.0,3.0,3.0,10,Monday,1.0,Good/Satisfactory
India,Punjab,Khanna,"Kalal Majra, Khanna - PPCB",2026-07-06 10:00:00,30.736056,76.209694,PM10,68.0,75.0,70.0,10,Monday,7.0,Moderate
India,Punjab,Khanna,"Kalal Majra, Khanna - PPCB",2026-07-06 10:00:00,30.736056,76.209694,OZONE,19.0,40.0,22.0,10,Monday,21.0,Good/Satisfactory
India,Punjab,Mandi Gobindgarh,"RIMT University, Mandi Gobindgarh - PPCB",2026-07-06 10:00:00,30.649961,76.331442,NH3,5.0,5.0,5.0,10,Monday,0.0,Good/Satisfactory
India,Punjab,Mandi Gobindgarh,"RIMT University, Mandi Gobindgarh - PPCB",2026-07-06 10:00:00,30.649961,76.331442,CO,91.0,99.0,93.0,10,Monday,8.0,Moderate
India,Punjab,Patiala,"Model Town, Patiala - PPCB",2026-07-06 10:00:00,30.349388,76.366642,NO2,16.0,19.0,18.0,10,Monday,3.0,Good/Satisfactory
India,Punjab,Patiala,"Model Town, Patiala - PPCB",2026-07-06 10:00:00,30.349388,76.366642,CO,14.0,22.0,18.0,10,Monday,8.0,Good/Satisfactory
India,Punjab,Patiala,"Model Town, Patiala - PPCB",2026-07-06 10:00:00,30.349388,76.366642,OZONE,16.0,17.0,16.0,10,Monday,1.0,Good/Satisfactory
India,Odisha,Byasanagar,"Ferro Chrome Colony, Byasanagar - OSPCB",2026-07-06 10:00:00,20.94185,86.1151,OZONE,25.0,35.0,30.0,10,Monday,10.0,Good/Satisfactory
India,Odisha,Keonjhar,"Jagamohanpur, Keonjhar - OSPCB",2026-07-06 10:00:00,21.6439,85.599355,SO2,6.0,8.0,7.0,10,Monday,2.0,Good/Satisfactory
India,Odisha,Rairangpur,"Divisional Forest Office, Rairangpur - OSPCB",2026-07-06 10:00:00,22.265816,86.174829,NH3,2.0,4.0,3.0,10,Monday,2.0,Good/Satisfactory
India,Odisha,Rairangpur,"Divisional Forest Office, Rairangpur - OSPCB",2026-07-06 10:00:00,22.265816,86.174829,SO2,4.5,9.5,7.0,10,Monday,5.0,Good/Satisfactory
India,Odisha,Rourkela,"Raghunathpali, Rourkela - OSPCB",2026-07-06 10:00:00,22.220833,84.809444,PM2.5,2.0,4.0,3.0,10,Monday,2.0,Good/Satisfactory
India,Odisha,Rourkela,"Raghunathpali, Rourkela - OSPCB",2026-07-06 10:00:00,22.220833,84.809444,OZONE,2.0,6.0,3.0,10,Monday,4.0,Good/Satisfactory
India,Odisha,Suakati,"OMC Colony, Suakati - OSPCB",2026-07-06 10:00:00,21.606865,85.510538,PM2.5,13.0,20.0,16.0,10,Monday,7.0,Good/Satisfactory
India,Odisha,Suakati,"OMC Colony, Suakati - OSPCB",2026-07-06 10:00:00,21.606865,85.510538,SO2,4.5,9.5,7.0,10,Monday,5.0,Good/Satisfactory
India,Odisha,Talcher,"Talcher Coalfields,Talcher - OSPCB",2026-07-06 10:00:00,20.9360711,85.1707021,CO,109.0,110.0,109.0,10,Monday,1.0,Poor/Severe
India,Maharashtra,Solapur,"Dnyaneshwar Nagar, Solapur - MPCB",2026-07-06 10:00:00,17.6336264,75.9132495,NH3,2.0,4.0,3.0,10,Monday,2.0,Good/Satisfactory
India,Maharashtra,Solapur,"Ratandeep Housing Society, Solapur - MPCB",2026-07-06 10:00:00,17.65439,75.90649,CO,8.0,28.0,17.0,10,Monday,20.0,Good/Satisfactory
India,Maharashtra,Thane,"Kasarvadavali, Thane - MPCB",2026-07-06 10:00:00,19.26777,72.97182,NO2,5.0,26.0,12.0,10,Monday,21.0,Good/Satisfactory
India,Maharashtra,Ulhasnagar,"Vithalwadi, Ulhasnagar - MPCB",2026-07-06 10:00:00,19.2307571,73.155192,OZONE,16.0,22.0,18.0,10,Monday,6.0,Good/Satisfactory
India,Maharashtra,Ulhasnagar,"Sidhi Vinayak Nagar, Ulhasnagar - MPCB",2026-07-06 10:00:00,19.235581,73.159121,SO2,2.0,8.0,4.0,10,Monday,6.0,Good/Satisfactory
India,Maharashtra,Virar,"Bolinj, Virar - MPCB",2026-07-06 10:00:00,19.445821,72.7988231,OZONE,22.0,23.0,23.0,10,Monday,1.0,Good/Satisfactory
India,Meghalaya,Shillong,"Lumpyngngad, Shillong - Meghalaya PCB",2026-07-06 10:00:00,25.5586,91.8985,PM2.5,11.0,25.0,18.0,10,Monday,14.0,Good/Satisfactory
India,Maharashtra,Pune,"Savitribai Phule Pune University, Pune - MPCB",2026-07-06 10:00:00,18.547056,73.826908,NH3,2.0,4.0,3.0,10,Monday,2.0,Good/Satisfactory
India,Maharashtra,Pune,"Panchawati_Pashan, Pune - IITM",2026-07-06 10:00:00,18.536457,73.805454,NO2,6.0,10.0,8.0,10,Monday,4.0,Good/Satisfactory
India,Maharashtra,Pune,"Panchawati_Pashan, Pune - IITM",2026-07-06 10:00:00,18.536457,73.805454,CO,21.0,33.0,29.0,10,Monday,12.0,Good/Satisfactory
India,Maharashtra,Pune,"Hadapsar, Pune - IITM",2026-07-06 10:00:00,18.501793,73.927532,PM2.5,14.0,56.0,30.0,10,Monday,42.0,Good/Satisfactory
India,Maharashtra,Pune,"Hadapsar, Pune - IITM",2026-07-06 10:00:00,18.501793,73.927532,NH3,2.0,4.0,3.0,10,Monday,2.0,Good/Satisfactory
India,Maharashtra,Pune,"Dhankawadi, Pune - IITM",2026-07-06 10:00:00,18.459883,73.852193,NO2,16.0,22.0,19.0,10,Monday,6.0,Good/Satisfactory
India,Maharashtra,Pune,"Revenue Colony-Shivajinagar, Pune - IITM",2026-07-06 10:00:00,18.530085,73.849598,NH3,2.0,4.0,3.0,10,Monday,2.0,Good/Satisfactory
India,Maharashtra,Sangli,"Vijay Nagar, Sangli - MPCB",2026-07-06 10:00:00,16.5038,74.3623,PM10,14.0,500.0,46.0,10,Monday,486.0,Good/Satisfactory
India,Mizoram,Aizawl,"Sikulpuikawn, Aizawl - Mizoram PCB",2026-07-06 10:00:00,23.7176342,92.7192841,NO2,1.0,1.0,1.0,10,Monday,0.0,Good/Satisfactory
India,Mizoram,Aizawl,"Sikulpuikawn, Aizawl - Mizoram PCB",2026-07-06 10:00:00,23.7176342,92.7192841,CO,3.0,4.0,3.0,10,Monday,1.0,Good/Satisfactory
India,Odisha,Angul,"Hakimapada, Angul - OSPCB",2026-07-06 10:00:00,20.832874,85.104082,NH3,3.0,3.0,3.0,10,Monday,0.0,Good/Satisfactory
India,Odisha,Balasore,"Kalidaspur, Balasore - OSPCB",2026-07-06 10:00:00,21.51161,86.89088,PM10,4.0,43.0,18.0,10,Monday,39.0,Good/Satisfactory
India,Odisha,Barbil,"Forest Office, Barbil - OSPCB",2026-07-06 10:00:00,22.1166054,85.3945546,OZONE,13.0,18.0,15.0,10,Monday,5.0,Good/Satisfactory
India,Rajasthan,Kota,"Nayapura, Kota - RSPCB",2026-07-06 10:00:00,25.196024,75.855668,PM10,24.0,89.0,45.0,10,Monday,65.0,Good/Satisfactory
India,Rajasthan,Kota,"Nayapura, Kota - RSPCB",2026-07-06 10:00:00,25.196024,75.855668,CO,10.0,14.0,12.0,10,Monday,4.0,Good/Satisfactory
India,Rajasthan,Kota,"Nayapura, Kota - RSPCB",2026-07-06 10:00:00,25.196024,75.855668,OZONE,4.0,34.0,17.0,10,Monday,30.0,Good/Satisfactory
India,Rajasthan,Nagaur,"Karni Colony, Nagaur - RSPCB",2026-07-06 10:00:00,27.213494,73.734444,PM2.5,3.0,35.0,18.0,10,Monday,32.0,Good/Satisfactory
India,Rajasthan,Nagaur,"Karni Colony, Nagaur - RSPCB",2026-07-06 10:00:00,27.213494,73.734444,PM10,23.0,78.0,42.0,10,Monday,55.0,Good/Satisfactory
India,Rajasthan,Pali,"Indira Colony Vistar, Pali - RSPCB",2026-07-06 10:00:00,25.771061,73.340227,PM2.5,76.0,160.0,116.0,10,Monday,84.0,Poor/Severe
India,Rajasthan,Pali,"Indira Colony Vistar, Pali - RSPCB",2026-07-06 10:00:00,25.771061,73.340227,SO2,10.0,17.0,15.0,10,Monday,7.0,Good/Satisfactory
India,Rajasthan,Pratapgarh,"Pragati Nagar, Pratapgarh - RSPCB",2026-07-06 10:00:00,24.041198,74.780702,PM2.5,12.0,67.0,34.0,10,Monday,55.0,Moderate
India,Rajasthan,Rajsamand,"Dhoinda, Rajsamand - RSPCB",2026-07-06 10:00:00,25.03636,73.883502,OZONE,6.0,41.0,16.0,10,Monday,35.0,Good/Satisfactory
India,Rajasthan,Sawai Madhopur,"Sahu Nagar, Sawai Madhopur - RSPCB",2026-07-06 10:00:00,26.031443,76.359327,PM10,12.0,57.0,27.0,10,Monday,45.0,Good/Satisfactory
India,Rajasthan,Sawai Madhopur,"Sahu Nagar, Sawai Madhopur - RSPCB",2026-07-06 10:00:00,26.031443,76.359327,OZONE,36.0,65.0,53.0,10,Monday,29.0,Moderate
India,Rajasthan,Sikar,"Radhakishan Pura, Sikar - RSPCB",2026-07-06 10:00:00,27.608912,75.153302,PM2.5,37.0,73.0,55.0,10,Monday,36.0,Moderate
India,Rajasthan,Sirohi,"Vedhaynath Colony, Sirohi - RSPCB",2026-07-06 10:00:00,24.885261,72.857549,PM2.5,28.0,68.0,44.0,10,Monday,40.0,Moderate
India,Rajasthan,Sri Ganganagar,"Old City, Sri Ganganagar - RSPCB",2026-07-06 10:00:00,29.931624,73.864511,CO,20.0,56.0,31.0,10,Monday,36.0,Good/Satisfactory
India,Rajasthan,Tonk,"Shastri Nagar, Tonk - RSPCB",2026-07-06 10:00:00,26.159933,75.780517,NH3,4.0,10.0,7.0,10,Monday,6.0,Good/Satisfactory
India,Uttar Pradesh,Kanpur,"NSI Kalyanpur, Kanpur - UPPCB",2026-07-06 10:00:00,26.509954,80.249612,NH3,2.0,2.0,2.0,10,Monday,0.0,Good/Satisfactory
India,Uttar Pradesh,Kanpur,"NSI Kalyanpur, Kanpur - UPPCB",2026-07-06 10:00:00,26.509954,80.249612,SO2,20.0,22.0,21.0,10,Monday,2.0,Good/Satisfactory
India,Uttar Pradesh,Kanpur,"FTI Kidwai Nagar, Kanpur - UPPCB",2026-07-06 10:00:00,26.428282,80.327067,PM2.5,2.0,171.0,24.0,10,Monday,169.0,Good/Satisfactory
India,Uttar Pradesh,Khora,"Prashant Garden, Khora - UPPCB",2026-07-06 10:00:00,28.61119,77.34206,PM2.5,41.0,225.0,100.0,10,Monday,184.0,Poor/Severe
India,Uttar Pradesh,Khora,"Prashant Garden, Khora - UPPCB",2026-07-06 10:00:00,28.61119,77.34206,SO2,6.0,10.0,7.0,10,Monday,4.0,Good/Satisfactory
India,Uttar Pradesh,Khurja,"Kalindi Kunj, Khurja - UPPCB",2026-07-06 10:00:00,28.2348927,77.8683002,PM2.5,21.0,62.0,40.0,10,Monday,41.0,Moderate
India,Uttar Pradesh,Khurja,"Kalindi Kunj, Khurja - UPPCB",2026-07-06 10:00:00,28.2348927,77.8683002,OZONE,22.0,23.0,22.0,10,Monday,1.0,Good/Satisfactory
India,Uttar Pradesh,Lucknow,"Kendriya Vidyalaya, Lucknow - CPCB",2026-07-06 10:00:00,26.906111,80.948222,NH3,9.0,16.0,12.0,10,Monday,7.0,Good/Satisfactory
India,Uttar Pradesh,Lucknow,"B R Ambedkar University, Lucknow - UPPCB",2026-07-06 10:00:00,26.766433,80.927299,PM10,0.0,104.0,24.0,10,Monday,104.0,Good/Satisfactory
India,Uttar Pradesh,Lucknow,"Gomti Nagar, Lucknow - UPPCB",2026-07-06 10:00:00,26.86812,81.005119,OZONE,41.0,46.0,43.0,10,Monday,5.0,Good/Satisfactory
India,Uttar Pradesh,Lucknow,"Lalbagh, Lucknow - CPCB",2026-07-06 10:00:00,26.8458805,80.9365541,NO2,3.0,37.0,27.0,10,Monday,34.0,Good/Satisfactory
India,Telangana,Hyderabad,"New Malakpet, Hyderabad - TSPCB",2026-07-06 10:00:00,17.37206,78.50864,NH3,2.0,2.0,2.0,10,Monday,0.0,Good/Satisfactory
India,Tripura,Agartala,"Bardowali, Agartala - Tripura SPCB",2026-07-06 10:00:00,23.8175497,91.2726974,PM2.5,11.0,53.0,33.0,10,Monday,42.0,Moderate
India,Tripura,Agartala,"Bardowali, Agartala - Tripura SPCB",2026-07-06 10:00:00,23.8175497,91.2726974,PM10,27.0,68.0,42.0,10,Monday,41.0,Good/Satisfactory
India,Tripura,Agartala,"Bardowali, Agartala - Tripura SPCB",2026-07-06 10:00:00,23.8175497,91.2726974,NH3,11.0,25.0,18.0,10,Monday,14.0,Good/Satisfactory
India,Tripura,Agartala,"Bardowali, Agartala - Tripura SPCB",2026-07-06 10:00:00,23.8175497,91.2726974,CO,18.0,19.0,18.0,10,Monday,1.0,Good/Satisfactory
India,Tripura,Agartala,"Bardowali, Agartala - Tripura SPCB",2026-07-06 10:00:00,23.8175497,91.2726974,OZONE,15.0,18.0,17.0,10,Monday,3.0,Good/Satisfactory
India,Uttar Pradesh,Agra,"Sanjay Palace, Agra - UPPCB",2026-07-06 10:00:00,27.19865833,78.00598056,CO,32.0,32.0,32.0,10,Monday,0.0,Good/Satisfactory
India,Uttar Pradesh,Agra,"Manoharpur, Agra - UPPCB",2026-07-06 10:00:00,27.23711,78.01936,NO2,31.0,31.0,31.0,10,Monday,0.0,Good/Satisfactory
India,Uttar Pradesh,Agra,"Manoharpur, Agra - UPPCB",2026-07-06 10:00:00,27.23711,78.01936,NH3,1.0,1.0,1.0,10,Monday,0.0,Good/Satisfactory
India,Uttar Pradesh,Agra,"Sector-3B Avas Vikas Colony, Agra - UPPCB",2026-07-06 10:00:00,27.19412,77.96237,CO,6.0,11.0,8.0,10,Monday,5.0,Good/Satisfactory
India,Uttar Pradesh,Agra,"Rohta, Agra - UPPCB",2026-07-06 10:00:00,27.106972,78.000111,PM10,20.0,107.0,55.0,10,Monday,87.0,Moderate
India,Uttar Pradesh,Agra,"Shahjahan Garden, Agra - UPPCB",2026-07-06 10:00:00,27.169338,78.03582,PM10,42.0,112.0,68.0,10,Monday,70.0,Moderate
India,Telangana,Hyderabad,"Sanathnagar, Hyderabad - TSPCB",2026-07-06 10:00:00,17.4559458,78.4332152,NO2,36.0,50.0,39.0,10,Monday,14.0,Good/Satisfactory
India,Telangana,Hyderabad,"Sanathnagar, Hyderabad - TSPCB",2026-07-06 10:00:00,17.4559458,78.4332152,CO,28.0,37.0,33.0,10,Monday,9.0,Good/Satisfactory
India,Telangana,Hyderabad,"Sanathnagar, Hyderabad - TSPCB",2026-07-06 10:00:00,17.4559458,78.4332152,OZONE,16.0,22.0,18.0,10,Monday,6.0,Good/Satisfactory
India,Telangana,Hyderabad,"ICRISAT Patancheru, Hyderabad - TSPCB",2026-07-06 10:00:00,17.5184,78.278777,PM10,44.5,58.0,53.0,10,Monday,13.5,Moderate
India,Telangana,Hyderabad,"IITH Kandi, Hyderabad - TSPCB",2026-07-06 10:00:00,17.585705,78.126199,NO2,14.0,15.0,15.0,10,Monday,1.0,Good/Satisfactory
India,Telangana,Hyderabad,"IITH Kandi, Hyderabad - TSPCB",2026-07-06 10:00:00,17.585705,78.126199,SO2,12.0,14.0,13.0,10,Monday,2.0,Good/Satisfactory
India,Telangana,Hyderabad,"IITH Kandi, Hyderabad - TSPCB",2026-07-06 10:00:00,17.585705,78.126199,CO,32.0,34.0,33.0,10,Monday,2.0,Good/Satisfactory
India,Telangana,Hyderabad,"Ramachandrapuram, Hyderabad - TSPCB",2026-07-06 10:00:00,17.528544,78.286195,NO2,15.0,17.0,17.0,10,Monday,2.0,Good/Satisfactory
India,Telangana,Hyderabad,"Ramachandrapuram, Hyderabad - TSPCB",2026-07-06 10:00:00,17.528544,78.286195,OZONE,11.0,11.0,11.0,10,Monday,0.0,Good/Satisfactory
India,Telangana,Hyderabad,"Kompally Municipal Office, Hyderabad - TSPCB",2026-07-06 10:00:00,17.544899,78.486949,NH3,3.0,4.0,3.0,10,Monday,1.0,Good/Satisfactory
India,Telangana,Hyderabad,"Kompally Municipal Office, Hyderabad - TSPCB",2026-07-06 10:00:00,17.544899,78.486949,SO2,6.0,12.0,10.0,10,Monday,6.0,Good/Satisfactory
India,Telangana,Hyderabad,"Central University, Hyderabad - TSPCB",2026-07-06 10:00:00,17.460103,78.334361,PM2.5,2.0,23.0,12.0,10,Monday,21.0,Good/Satisfactory
India,Uttar Pradesh,Baghpat,"Sardar Patel Inter College, Baghpat - UPPCB",2026-07-06 10:00:00,28.964949,77.278761,NO2,15.0,24.5,19.5,10,Monday,9.5,Good/Satisfactory
India,Uttar Pradesh,Baghpat,"Sardar Patel Inter College, Baghpat - UPPCB",2026-07-06 10:00:00,28.964949,77.278761,CO,41.0,50.0,46.0,10,Monday,9.0,Good/Satisfactory
India,Uttar Pradesh,Bareilly,"Civil Lines, Bareilly - UPPCB",2026-07-06 10:00:00,28.359581,79.414455,CO,22.0,30.0,25.0,10,Monday,8.0,Good/Satisfactory
India,Uttar Pradesh,Bareilly,"Rajendra Nagar, Bareilly - UPPCB",2026-07-06 10:00:00,28.38910936,79.42963708,PM2.5,8.0,14.0,11.0,10,Monday,6.0,Good/Satisfactory
India,Uttar Pradesh,Bareilly,"Rajendra Nagar, Bareilly - UPPCB",2026-07-06 10:00:00,28.38910936,79.42963708,OZONE,11.0,24.0,15.5,10,Monday,13.0,Good/Satisfactory
India,Uttar Pradesh,Bulandshahr,"Yamunapuram, Bulandshahr - UPPCB",2026-07-06 10:00:00,28.406963,77.849831,PM2.5,10.0,60.0,40.0,10,Monday,50.0,Moderate
India,Uttar Pradesh,Bulandshahr,"Yamunapuram, Bulandshahr - UPPCB",2026-07-06 10:00:00,28.406963,77.849831,PM10,37.0,123.0,74.0,10,Monday,86.0,Moderate
India,Uttar Pradesh,Firozabad,"Vibhab Nagar, Firozabad - UPPCB",2026-07-06 10:00:00,27.1594,78.3953,PM2.5,8.0,34.0,23.0,10,Monday,26.0,Good/Satisfactory
India,Uttar Pradesh,Firozabad,"Vibhab Nagar, Firozabad - UPPCB",2026-07-06 10:00:00,27.1594,78.3953,PM10,11.0,49.0,34.0,10,Monday,38.0,Good/Satisfactory
India,Uttar Pradesh,Ghaziabad,"Indirapuram, Ghaziabad - UPPCB",2026-07-06 10:00:00,28.646233,77.358075,NH3,8.0,9.0,8.0,10,Monday,1.0,Good/Satisfactory
India,Rajasthan,Udaipur,"Ashok Nagar, Udaipur - RSPCB",2026-07-06 10:00:00,24.5886166,73.6321397,CO,18.0,22.0,20.0,10,Monday,4.0,Good/Satisfactory
India,Tamil Nadu,Chennai,"Manali, Chennai - CPCB",2026-07-06 10:00:00,13.164544,80.26285,OZONE,8.0,11.0,9.0,10,Monday,3.0,Good/Satisfactory
India,Tamil Nadu,Chennai,"Manali Village, Chennai - TNPCB",2026-07-06 10:00:00,13.1662,80.2584,OZONE,76.0,323.0,265.0,10,Monday,247.0,Poor/Severe
India,Tamil Nadu,Chennai,"Arumbakkam, Chennai - TNPCB",2026-07-06 10:00:00,13.0664,80.2112,CO,26.0,36.0,33.0,10,Monday,10.0,Good/Satisfactory
India,Tamil Nadu,Chennai,"Velachery Res. Area, Chennai - CPCB",2026-07-06 10:00:00,13.0052189,80.2398125,PM2.5,43.0,43.0,43.0,10,Monday,0.0,Moderate
India,Tamil Nadu,Chennai,"Velachery Res. Area, Chennai - CPCB",2026-07-06 10:00:00,13.0052189,80.2398125,PM10,47.0,84.0,63.0,10,Monday,37.0,Moderate
India,Tamil Nadu,Chennai,"Velachery Res. Area, Chennai - CPCB",2026-07-06 10:00:00,13.0052189,80.2398125,OZONE,8.0,12.0,10.0,10,Monday,4.0,Good/Satisfactory
India,Tamil Nadu,Chennai,"Kodungaiyur, Chennai - TNPCB",2026-07-06 10:00:00,13.1278,80.2642,PM2.5,25.0,51.0,37.0,10,Monday,26.0,Moderate
India,Tamil Nadu,Chennai,"Perungudi, Chennai - TNPCB",2026-07-06 10:00:00,12.9533,80.2357,CO,26.0,43.0,34.0,10,Monday,17.0,Good/Satisfactory
India,Rajasthan,Jodhpur,"Samrat Ashok Udhyan, Jodhpur - RSPCB",2026-07-06 10:00:00,26.253384,72.976571,SO2,1.0,3.0,2.0,10,Monday,2.0,Good/Satisfactory
India,Rajasthan,Jodhpur,"Jhalamand, Jodhpur - RSPCB",2026-07-06 10:00:00,26.215415,73.070156,PM2.5,17.0,67.0,38.0,10,Monday,50.0,Moderate
India,Rajasthan,Jodhpur,"Mandor, Jodhpur - RSPCB",2026-07-06 10:00:00,26.358805,73.047444,NH3,2.0,8.0,3.0,10,Monday,6.0,Good/Satisfactory
India,Rajasthan,Jodhpur,"Mandor, Jodhpur - RSPCB",2026-07-06 10:00:00,26.358805,73.047444,CO,16.0,23.0,20.0,10,Monday,7.0,Good/Satisfactory
India,Rajasthan,Karauli,"Satyawati Vihar, Karauli - RSPCB",2026-07-06 10:00:00,26.506177,77.025989,SO2,0.0,3.0,1.0,10,Monday,3.0,Good/Satisfactory
India,Rajasthan,Khairthal,"New Anaj Mandi, Khairthal - RSPCB",2026-07-06 10:00:00,27.8015617,76.6365217,CO,19.0,22.0,21.0,10,Monday,3.0,Good/Satisfactory
India,Rajasthan,Kota,"Dhanmandi, Kota - RSPCB",2026-07-06 10:00:00,25.16409,75.858137,PM10,20.0,87.0,44.0,10,Monday,67.0,Good/Satisfactory
India,Rajasthan,Kota,"Dhanmandi, Kota - RSPCB",2026-07-06 10:00:00,25.16409,75.858137,NH3,1.0,2.0,2.0,10,Monday,1.0,Good/Satisfactory
India,Rajasthan,Kota,"Dhanmandi, Kota - RSPCB",2026-07-06 10:00:00,25.16409,75.858137,CO,27.0,34.0,30.0,10,Monday,7.0,Good/Satisfactory
India,Tamil Nadu,Cuddalore,"Semmandalam, Cuddalore - TNPCB",2026-07-06 10:00:00,11.7637683,79.7499835,NO2,11.0,16.5,13.5,10,Monday,5.5,Good/Satisfactory
India,Tamil Nadu,Cuddalore,"Semmandalam, Cuddalore - TNPCB",2026-07-06 10:00:00,11.7637683,79.7499835,SO2,5.0,9.0,6.0,10,Monday,4.0,Good/Satisfactory
India,Tamil Nadu,Cuddalore,"Semmandalam, Cuddalore - TNPCB",2026-07-06 10:00:00,11.7637683,79.7499835,CO,26.0,36.0,33.0,10,Monday,10.0,Good/Satisfactory
India,Tamil Nadu,Cuddalore,"Semmandalam, Cuddalore - TNPCB",2026-07-06 10:00:00,11.7637683,79.7499835,OZONE,1.0,2.0,2.0,10,Monday,1.0,Good/Satisfactory
India,Tamil Nadu,Gummidipoondi,"Anthoni Pillai Nagar, Gummidipoondi - TNPCB",2026-07-06 10:00:00,13.4127,80.1081,NO2,11.0,26.0,20.0,10,Monday,15.0,Good/Satisfactory
India,Tamil Nadu,Thoothukudi,"Meelavittan, Thoothukudi - TNPCB",2026-07-06 10:00:00,8.816428,78.099039,NH3,3.0,3.5,3.0,10,Monday,0.5,Good/Satisfactory
India,Tamil Nadu,Thoothukudi,"Meelavittan, Thoothukudi - TNPCB",2026-07-06 10:00:00,8.816428,78.099039,OZONE,28.0,33.0,31.0,10,Monday,5.0,Good/Satisfactory
India,Telangana,Hyderabad,"ECIL Kapra, Hyderabad - TSPCB",2026-07-06 10:00:00,17.470431,78.566959,CO,18.0,39.0,25.0,10,Monday,21.0,Good/Satisfactory
India,Telangana,Hyderabad,"Somajiguda, Hyderabad - TSPCB",2026-07-06 10:00:00,17.417094,78.457437,NO2,13.0,15.0,15.0,10,Monday,2.0,Good/Satisfactory
India,Uttar Pradesh,Ghaziabad,"Loni, Ghaziabad - UPPCB",2026-07-06 10:00:00,28.757294,77.278792,PM10,20.0,107.0,55.0,10,Monday,87.0,Moderate
India,Uttar Pradesh,Ghaziabad,"Loni, Ghaziabad - UPPCB",2026-07-06 10:00:00,28.757294,77.278792,NH3,5.0,6.0,6.0,10,Monday,1.0,Good/Satisfactory
India,Uttar Pradesh,Ghaziabad," Ved Vihar-Loni, Ghaziabad - UPPCB",2026-07-06 10:00:00,28.739153,77.273668,NH3,5.0,42.0,12.0,10,Monday,37.0,Good/Satisfactory
India,Uttar Pradesh,Ghaziabad," Ved Vihar-Loni, Ghaziabad - UPPCB",2026-07-06 10:00:00,28.739153,77.273668,CO,107.0,109.0,108.0,10,Monday,2.0,Poor/Severe
India,Uttar Pradesh,Greater Noida,"Knowledge Park - III, Greater Noida - UPPCB",2026-07-06 10:00:00,28.47272,77.482,SO2,6.0,12.0,8.0,10,Monday,6.0,Good/Satisfactory
India,Uttar Pradesh,Jhansi,"Shivaji Nagar, Jhansi - UPPCB",2026-07-06 10:00:00,25.4547,78.6039,CO,5.0,8.0,6.0,10,Monday,3.0,Good/Satisfactory
India,Uttar Pradesh,Kanpur,"Nehru Nagar, Kanpur - UPPCB",2026-07-06 10:00:00,26.4703136,80.3229863,NO2,42.0,48.0,45.0,10,Monday,6.0,Good/Satisfactory
India,Uttar Pradesh,Kanpur,"Nehru Nagar, Kanpur - UPPCB",2026-07-06 10:00:00,26.4703136,80.3229863,CO,50.0,55.0,53.0,10,Monday,5.0,Moderate
India,Uttar Pradesh,Lucknow,"Talkatora District Industries Center, Lucknow - CPCB",2026-07-06 10:00:00,26.83399722,80.8917361,SO2,1.0,20.0,7.0,10,Monday,19.0,Good/Satisfactory
India,Uttar Pradesh,Lucknow,"Kukrail Picnic Spot-1, Lucknow - UPPCB",2026-07-06 10:00:00,26.90723,80.98579,PM10,1.0,105.0,21.0,10,Monday,104.0,Good/Satisfactory
India,Uttar Pradesh,Lucknow,"Kukrail Picnic Spot-1, Lucknow - UPPCB",2026-07-06 10:00:00,26.90723,80.98579,NH3,6.0,6.0,6.0,10,Monday,0.0,Good/Satisfactory
India,Uttar Pradesh,Mathura,"Pali Dungra, Mathura - UPPCB",2026-07-06 10:00:00,27.410954,77.550619,PM10,27.0,107.0,70.0,10,Monday,80.0,Moderate
India,Uttar Pradesh,Mathura,"Pali Dungra, Mathura - UPPCB",2026-07-06 10:00:00,27.410954,77.550619,NO2,3.0,8.0,4.0,10,Monday,5.0,Good/Satisfactory
India,Uttar Pradesh,Mathura,"Pali Dungra, Mathura - UPPCB",2026-07-06 10:00:00,27.410954,77.550619,CO,10.0,17.0,13.0,10,Monday,7.0,Good/Satisfactory
India,Uttar Pradesh,Meerut,"MIET College, Meerut - UPPCB",2026-07-06 10:00:00,28.972677,77.641018,PM10,61.0,167.0,119.0,10,Monday,106.0,Poor/Severe
India,Uttar Pradesh,Meerut,"Pallavpuram Phase 2, Meerut - UPPCB",2026-07-06 10:00:00,29.06351,77.709723,PM2.5,3.0,75.0,44.0,10,Monday,72.0,Moderate
India,Uttar Pradesh,Meerut,"Pallavpuram Phase 2, Meerut - UPPCB",2026-07-06 10:00:00,29.06351,77.709723,NH3,7.0,18.0,15.0,10,Monday,11.0,Good/Satisfactory
India,Uttar Pradesh,Meerut,"Pallavpuram Phase 2, Meerut - UPPCB",2026-07-06 10:00:00,29.06351,77.709723,SO2,5.0,29.0,14.0,10,Monday,24.0,Good/Satisfactory
India,Uttar Pradesh,Meerut,"Ganga Nagar, Meerut - UPPCB",2026-07-06 10:00:00,28.999264,77.7590354,OZONE,29.0,78.0,43.0,10,Monday,49.0,Good/Satisfactory
India,Uttar Pradesh,Meerut,"Jai Bhim Nagar, Meerut - UPPCB",2026-07-06 10:00:00,28.9535882,77.7622941,PM10,11.0,103.0,51.0,10,Monday,92.0,Moderate
India,Uttar Pradesh,Meerut,"Jai Bhim Nagar, Meerut - UPPCB",2026-07-06 10:00:00,28.9535882,77.7622941,NO2,9.0,30.0,15.0,10,Monday,21.0,Good/Satisfactory
India,Uttar Pradesh,Meerut,"Jai Bhim Nagar, Meerut - UPPCB",2026-07-06 10:00:00,28.9535882,77.7622941,NH3,8.0,13.0,10.0,10,Monday,5.0,Good/Satisfactory
India,Uttar Pradesh,Moradabad,"Employment Office, Moradabad - UPPCB",2026-07-06 10:00:00,28.88528,78.7388,NH3,3.0,3.0,3.0,10,Monday,0.0,Good/Satisfactory
India,Uttar Pradesh,Moradabad,"Eco Herbal Park, Moradabad - UPPCB",2026-07-06 10:00:00,28.840739,78.697531,NO2,12.0,26.0,18.0,10,Monday,14.0,Good/Satisfactory
India,Uttar Pradesh,Moradabad,"Eco Herbal Park, Moradabad - UPPCB",2026-07-06 10:00:00,28.840739,78.697531,NH3,7.0,8.0,8.0,10,Monday,1.0,Good/Satisfactory
India,Uttar Pradesh,Noida,"Sector - 62, Noida - IITM",2026-07-06 10:00:00,28.6245479,77.3577104,NO2,4.0,24.0,17.0,10,Monday,20.0,Good/Satisfactory
India,Uttar Pradesh,Noida,"Sector - 62, Noida - IITM",2026-07-06 10:00:00,28.6245479,77.3577104,SO2,12.0,20.0,15.0,10,Monday,8.0,Good/Satisfactory
India,Uttar Pradesh,Noida,"Sector-116, Noida - UPPCB",2026-07-06 10:00:00,28.56923,77.393848,NO2,15.0,24.5,19.5,10,Monday,9.5,Good/Satisfactory
India,Uttar Pradesh,Prayagraj,"Motilal Nehru NIT, Prayagraj - UPPCB",2026-07-06 10:00:00,25.494,81.863,CO,4.0,4.0,4.0,10,Monday,0.0,Good/Satisfactory
India,Uttar Pradesh,Prayagraj,"Nagar Nigam, Prayagraj - UPPCB",2026-07-06 10:00:00,25.44919916,81.82735986,PM2.5,3.0,21.0,12.0,10,Monday,18.0,Good/Satisfactory
India,Uttar Pradesh,Raebareli," Indira Nagar, Raebareli - NTPC Unchahar",2026-07-06 10:00:00,26.207781,81.245571,OZONE,0.0,3.0,1.0,10,Monday,3.0,Good/Satisfactory
India,Uttar Pradesh,Varanasi,"Maldahiya, Varanasi - UPPCB",2026-07-06 10:00:00,25.32393,82.99687,SO2,35.0,38.0,36.0,10,Monday,3.0,Good/Satisfactory
India,Uttar Pradesh,Varanasi,"Ardhali Bazar, Varanasi - UPPCB",2026-07-06 10:00:00,25.3505986,82.9083074,PM2.5,11.0,74.0,37.0,10,Monday,63.0,Moderate
India,Uttar Pradesh,Varanasi,"Ardhali Bazar, Varanasi - UPPCB",2026-07-06 10:00:00,25.3505986,82.9083074,PM10,20.0,107.0,55.0,10,Monday,87.0,Moderate
India,Uttar Pradesh,Varanasi,"Ardhali Bazar, Varanasi - UPPCB",2026-07-06 10:00:00,25.3505986,82.9083074,NH3,5.0,6.0,6.0,10,Monday,1.0,Good/Satisfactory
India,Uttar Pradesh,Varanasi,"Bhelupur, Varanasi - UPPCB",2026-07-06 10:00:00,25.301778,82.996789,PM2.5,8.0,21.0,15.0,10,Monday,13.0,Good/Satisfactory
India,Uttar Pradesh,Varanasi,"Bhelupur, Varanasi - UPPCB",2026-07-06 10:00:00,25.301778,82.996789,PM10,19.0,51.0,37.0,10,Monday,32.0,Good/Satisfactory
India,Uttar Pradesh,Varanasi,"Bhelupur, Varanasi - UPPCB",2026-07-06 10:00:00,25.301778,82.996789,NO2,7.0,8.0,8.0,10,Monday,1.0,Good/Satisfactory
India,Uttar Pradesh,Varanasi,"Bhelupur, Varanasi - UPPCB",2026-07-06 10:00:00,25.301778,82.996789,OZONE,3.0,4.0,3.0,10,Monday,1.0,Good/Satisfactory
India,Uttar Pradesh,Varanasi,"IESD Banaras Hindu University, Varanasi - UPPCB",2026-07-06 10:00:00,25.262326,82.995408,NH3,2.0,4.0,3.0,10,Monday,2.0,Good/Satisfactory
India,Uttar Pradesh,Vrindavan,"Omex Eternity, Vrindavan - UPPCB",2026-07-06 10:00:00,27.571409,77.655757,PM2.5,8.0,32.0,17.0,10,Monday,24.0,Good/Satisfactory
India,Uttar Pradesh,Vrindavan,"Omex Eternity, Vrindavan - UPPCB",2026-07-06 10:00:00,27.571409,77.655757,SO2,24.0,25.0,24.0,10,Monday,1.0,Good/Satisfactory
India,Uttarakhand,Dehradun,"Doon University, Dehradun - UKPCB",2026-07-06 10:00:00,30.269444,78.044167,OZONE,0.0,23.0,7.0,10,Monday,23.0,Good/Satisfactory
India,Uttarakhand,Rishikesh,"Shivaji Nagar, Rishikesh - UKPCB",2026-07-06 10:00:00,30.075911,78.2859547,PM10,27.0,27.0,27.0,10,Monday,0.0,Good/Satisfactory
India,West Bengal,Asansol,"Asansol Court Area, Asansol - WBPCB",2026-07-06 10:00:00,23.685297,86.945968,PM10,29.0,44.0,37.0,10,Monday,15.0,Good/Satisfactory
India,West Bengal,Asansol,"Asansol Court Area, Asansol - WBPCB",2026-07-06 10:00:00,23.685297,86.945968,SO2,9.0,15.0,13.0,10,Monday,6.0,Good/Satisfactory
India,West Bengal,Asansol,"Asansol Court Area, Asansol - WBPCB",2026-07-06 10:00:00,23.685297,86.945968,CO,4.0,22.0,15.0,10,Monday,18.0,Good/Satisfactory
India,West Bengal,Asansol,"Mahabir Colliery, Asansol - WBPCB",2026-07-06 10:00:00,23.618183,87.105718,PM10,16.0,28.0,22.0,10,Monday,12.0,Good/Satisfactory
India,West Bengal,Asansol,"Mahabir Colliery, Asansol - WBPCB",2026-07-06 10:00:00,23.618183,87.105718,NH3,0.0,0.0,0.0,10,Monday,0.0,Good/Satisfactory
India,West Bengal,Asansol,"Mahabir Colliery, Asansol - WBPCB",2026-07-06 10:00:00,23.618183,87.105718,OZONE,12.0,14.0,13.0,10,Monday,2.0,Good/Satisfactory
India,West Bengal,Asansol,"Trivenidevi Bhalotia College, Asansol - WBPCB",2026-07-06 10:00:00,23.616515,87.119133,NH3,6.0,6.0,6.0,10,Monday,0.0,Good/Satisfactory
India,West Bengal,Asansol,"Trivenidevi Bhalotia College, Asansol - WBPCB",2026-07-06 10:00:00,23.616515,87.119133,CO,27.0,36.0,31.0,10,Monday,9.0,Good/Satisfactory
India,West Bengal,Barrackpore,"SVSPA Campus, Barrackpore - WBPCB",2026-07-06 10:00:00,22.7605581,88.3617589,OZONE,5.0,6.0,5.0,10,Monday,1.0,Good/Satisfactory
India,West Bengal,Durgapur,"Womens College_City Center, Durgapur - WBPCB",2026-07-06 10:00:00,23.549395,87.300496,PM2.5,2.0,23.0,8.0,10,Monday,21.0,Good/Satisfactory
India,West Bengal,Durgapur,"Womens College_City Center, Durgapur - WBPCB",2026-07-06 10:00:00,23.549395,87.300496,OZONE,4.0,11.0,8.0,10,Monday,7.0,Good/Satisfactory
India,West Bengal,Durgapur,"Mahishkapur Road_B-Zone, Durgapur - WBPCB",2026-07-06 10:00:00,23.567923,87.306843,NO2,2.0,4.0,3.0,10,Monday,2.0,Good/Satisfactory
India,West Bengal,Durgapur,"Mahishkapur Road_B-Zone, Durgapur - WBPCB",2026-07-06 10:00:00,23.567923,87.306843,OZONE,25.0,28.0,26.0,10,Monday,3.0,Good/Satisfactory
India,West Bengal,Haldia,"Priyambada Housing Estate, Haldia - WBPCB",2026-07-06 10:00:00,22.06047,88.109737,NH3,5.0,6.0,5.0,10,Monday,1.0,Good/Satisfactory
India,West Bengal,Haldia,"Priyambada Housing Estate, Haldia - WBPCB",2026-07-06 10:00:00,22.06047,88.109737,CO,20.0,28.0,24.0,10,Monday,8.0,Good/Satisfactory
India,West Bengal,Howrah,"Belur Math, Howrah - WBPCB",2026-07-06 10:00:00,22.629801,88.352017,PM2.5,10.0,23.0,16.0,10,Monday,13.0,Good/Satisfactory
India,West Bengal,Howrah,"Belur Math, Howrah - WBPCB",2026-07-06 10:00:00,22.629801,88.352017,NH3,5.0,5.0,5.0,10,Monday,0.0,Good/Satisfactory
India,West Bengal,Howrah,"Padmapukur, Howrah - WBPCB",2026-07-06 10:00:00,22.5687319,88.2797276,PM2.5,10.0,23.0,15.0,10,Monday,13.0,Good/Satisfactory
India,West Bengal,Howrah,"Padmapukur, Howrah - WBPCB",2026-07-06 10:00:00,22.5687319,88.2797276,SO2,5.0,7.0,6.0,10,Monday,2.0,Good/Satisfactory
India,West Bengal,Howrah,"Padmapukur, Howrah - WBPCB",2026-07-06 10:00:00,22.5687319,88.2797276,CO,28.0,41.0,36.0,10,Monday,13.0,Good/Satisfactory
India,West Bengal,Howrah,"Ghusuri, Howrah - WBPCB",2026-07-06 10:00:00,22.611968,88.347422,PM10,29.0,41.0,34.0,10,Monday,12.0,Good/Satisfactory
India,West Bengal,Kolkata,"Rabindra Sarobar, Kolkata - WBPCB",2026-07-06 10:00:00,22.51106,88.35142,SO2,7.0,7.0,7.0,10,Monday,0.0,Good/Satisfactory
India,West Bengal,Kolkata,"Fort William, Kolkata - WBPCB",2026-07-06 10:00:00,22.55664,88.342674,PM2.5,11.0,21.0,15.0,10,Monday,10.0,Good/Satisfactory
India,West Bengal,Kolkata,"Fort William, Kolkata - WBPCB",2026-07-06 10:00:00,22.55664,88.342674,NH3,9.0,9.0,9.0,10,Monday,0.0,Good/Satisfactory
India,West Bengal,Kolkata,"Jadavpur, Kolkata - WBPCB",2026-07-06 10:00:00,22.49929,88.36917,PM10,20.0,41.0,26.0,10,Monday,21.0,Good/Satisfactory
India,West Bengal,Kolkata,"Rabindra Bharati University, Kolkata - WBPCB",2026-07-06 10:00:00,22.627847,88.380669,PM10,17.0,41.0,28.0,10,Monday,24.0,Good/Satisfactory
India,Bihar,Muzaffarpur,"Buddha Colony, Muzaffarpur - BSPCB",2026-07-06 10:00:00,26.11442,85.39813,PM10,42.0,86.0,60.0,10,Monday,44.0,Moderate
India,Bihar,Muzaffarpur,"Buddha Colony, Muzaffarpur - BSPCB",2026-07-06 10:00:00,26.11442,85.39813,NH3,7.0,12.0,10.0,10,Monday,5.0,Good/Satisfactory
India,Bihar,Muzaffarpur,"Buddha Colony, Muzaffarpur - BSPCB",2026-07-06 10:00:00,26.11442,85.39813,OZONE,12.0,44.0,20.0,10,Monday,32.0,Good/Satisfactory
India,Bihar,Muzaffarpur,"MIT-Daudpur Kothi, Muzaffarpur - BSPCB",2026-07-06 10:00:00,26.1403345,85.3650192,PM2.5,38.0,52.0,41.0,10,Monday,14.0,Moderate
India,Bihar,Patna,"Govt. High School Shikarpur, Patna - BSPCB",2026-07-06 10:00:00,25.592539,85.227158,NO2,11.0,12.0,12.0,10,Monday,1.0,Good/Satisfactory
India,Bihar,Patna,"Samanpura, Patna - BSPCB",2026-07-06 10:00:00,25.596727,85.085624,OZONE,27.0,38.0,31.0,10,Monday,11.0,Good/Satisfactory
India,Bihar,Patna,"IGSC Planetarium Complex, Patna - BSPCB",2026-07-06 10:00:00,25.610369,85.132568,NH3,3.0,3.5,3.0,10,Monday,0.5,Good/Satisfactory
India,Bihar,Patna,"IGSC Planetarium Complex, Patna - BSPCB",2026-07-06 10:00:00,25.610369,85.132568,CO,6.0,6.0,6.0,10,Monday,0.0,Good/Satisfactory
India,Bihar,Patna,"DRM Office Danapur, Patna - BSPCB",2026-07-06 10:00:00,25.586562,85.043586,PM10,24.0,57.0,39.0,10,Monday,33.0,Good/Satisfactory
India,Bihar,Purnia,"Mariam Nagar, Purnia - BSPCB",2026-07-06 10:00:00,25.366336,87.117468,NH3,2.0,2.0,2.0,10,Monday,0.0,Good/Satisfactory
India,Bihar,Purnia,"Mariam Nagar, Purnia - BSPCB",2026-07-06 10:00:00,25.366336,87.117468,SO2,16.0,17.0,16.0,10,Monday,1.0,Good/Satisfactory
India,Bihar,Rajgir,"Dangi Tola, Rajgir - BSPCB",2026-07-06 10:00:00,25.0328,85.41948,PM2.5,25.0,65.0,37.0,10,Monday,40.0,Moderate
India,Bihar,Gaya,"Kareemganj, Gaya - BSPCB",2026-07-06 10:00:00,24.792403,84.992416,PM2.5,3.0,70.0,26.0,10,Monday,67.0,Good/Satisfactory
India,Bihar,Gaya,"Kareemganj, Gaya - BSPCB",2026-07-06 10:00:00,24.792403,84.992416,OZONE,23.0,62.0,29.0,10,Monday,39.0,Good/Satisfactory
India,Bihar,Hajipur,"Industrial Area, Hajipur - BSPCB",2026-07-06 10:00:00,25.697189,85.2459,NO2,6.0,12.0,8.0,10,Monday,6.0,Good/Satisfactory
India,Bihar,Hajipur,"Industrial Area, Hajipur - BSPCB",2026-07-06 10:00:00,25.697189,85.2459,NH3,14.0,21.0,17.0,10,Monday,7.0,Good/Satisfactory
India,Bihar,Hajipur,"Industrial Area, Hajipur - BSPCB",2026-07-06 10:00:00,25.697189,85.2459,SO2,3.0,11.0,7.0,10,Monday,8.0,Good/Satisfactory
India,Bihar,Hajipur,"Industrial Area, Hajipur - BSPCB",2026-07-06 10:00:00,25.697189,85.2459,OZONE,27.0,37.0,30.0,10,Monday,10.0,Good/Satisfactory
India,Bihar,Kishanganj,"SDM Office_Khagra, Kishanganj - BSPCB",2026-07-06 10:00:00,26.0881305,87.93840336,SO2,8.0,13.0,11.0,10,Monday,5.0,Good/Satisfactory
India,Bihar,Manguraha,"Forest Rest House, Manguraha - BSPCB",2026-07-06 10:00:00,27.308328,84.531742,PM2.5,20.0,61.0,37.0,10,Monday,41.0,Moderate
India,Bihar,Motihari,"Gandak Colony, Motihari - BSPCB",2026-07-06 10:00:00,26.63086,84.90051,PM10,26.5,69.0,44.5,10,Monday,42.5,Good/Satisfactory
India,Bihar,Munger,"Town Hall, Munger - BSPCB",2026-07-06 10:00:00,25.376776,86.471523,NO2,4.0,6.0,5.0,10,Monday,2.0,Good/Satisfactory
India,Bihar,Muzaffarpur,"Muzaffarpur Collectorate, Muzaffarpur - BSPCB",2026-07-06 10:00:00,26.1209,85.3647,PM2.5,43.0,75.0,67.0,10,Monday,32.0,Poor/Severe
India,Bihar,Muzaffarpur,"Muzaffarpur Collectorate, Muzaffarpur - BSPCB",2026-07-06 10:00:00,26.1209,85.3647,SO2,4.0,6.0,4.0,10,Monday,2.0,Good/Satisfactory
India,Bihar,Arrah,"New DM Office, Arrah - BSPCB",2026-07-06 10:00:00,25.5626095,84.663264,OZONE,6.0,8.0,7.0,10,Monday,2.0,Good/Satisfactory
India,Bihar,Bettiah,"Kamalnath Nagar, Bettiah - BSPCB",2026-07-06 10:00:00,26.80365,84.51954,PM10,26.5,69.0,44.5,10,Monday,42.5,Good/Satisfactory
India,Bihar,Bettiah,"Kamalnath Nagar, Bettiah - BSPCB",2026-07-06 10:00:00,26.80365,84.51954,NO2,9.0,13.0,12.0,10,Monday,4.0,Good/Satisfactory
India,Bihar,Bhagalpur,"DM Office_Kachari Chowk, Bhagalpur - BSPCB",2026-07-06 10:00:00,25.251013,86.989001,PM2.5,20.0,61.0,37.0,10,Monday,41.0,Moderate
India,Bihar,Bhagalpur,"DM Office_Kachari Chowk, Bhagalpur - BSPCB",2026-07-06 10:00:00,25.251013,86.989001,NO2,9.0,14.0,12.0,10,Monday,5.0,Good/Satisfactory
India,Bihar,Bhagalpur,"DM Office_Kachari Chowk, Bhagalpur - BSPCB",2026-07-06 10:00:00,25.251013,86.989001,NH3,1.0,1.0,1.0,10,Monday,0.0,Good/Satisfactory
India,Bihar,Bihar Sharif,"D M Colony, Bihar Sharif - BSPCB",2026-07-06 10:00:00,25.204762,85.51496,NH3,3.0,4.0,3.0,10,Monday,1.0,Good/Satisfactory
India,Bihar,Bihar Sharif,"D M Colony, Bihar Sharif - BSPCB",2026-07-06 10:00:00,25.204762,85.51496,OZONE,2.0,2.0,2.0,10,Monday,0.0,Good/Satisfactory
India,Bihar,Buxar,"Charitra Van, Buxar - BSPCB",2026-07-06 10:00:00,25.56752,83.966379,PM10,26.5,69.0,44.5,10,Monday,42.5,Good/Satisfactory
India,Bihar,Buxar,"Charitra Van, Buxar - BSPCB",2026-07-06 10:00:00,25.56752,83.966379,CO,22.0,27.0,26.0,10,Monday,5.0,Good/Satisfactory
India,Bihar,Chhapra,"Darshan Nagar, Chhapra - BSPCB",2026-07-06 10:00:00,25.7808257,84.7446768,NH3,3.0,4.0,3.0,10,Monday,1.0,Good/Satisfactory
India,Bihar,Gaya,"Collectorate, Gaya - BSPCB",2026-07-06 10:00:00,24.7955,84.9994,NO2,9.0,13.0,12.0,10,Monday,4.0,Good/Satisfactory
India,Andhra Pradesh,Kurnool,"Sita Rama Nagar, Kurnool - APPCB",2026-07-06 10:00:00,15.83411,78.028546,OZONE,13.0,21.0,16.0,10,Monday,8.0,Good/Satisfactory
India,Andhra Pradesh,Machilipatnam,"Srinivas Nagar Colony, Machilipatnam - APPCB",2026-07-06 10:00:00,16.186555,81.13219,NO2,17.0,42.0,25.0,10,Monday,25.0,Good/Satisfactory
India,Andhra Pradesh,Machilipatnam,"Srinivas Nagar Colony, Machilipatnam - APPCB",2026-07-06 10:00:00,16.186555,81.13219,SO2,14.0,15.0,14.0,10,Monday,1.0,Good/Satisfactory
India,Andhra Pradesh,Machilipatnam,"Srinivas Nagar Colony, Machilipatnam - APPCB",2026-07-06 10:00:00,16.186555,81.13219,OZONE,19.0,19.0,19.0,10,Monday,0.0,Good/Satisfactory
India,Andhra Pradesh,Nellore,"Ambedkar Nagar, Nellore - APPCB ",2026-07-06 10:00:00,14.438164,79.966814,OZONE,26.0,32.0,28.0,10,Monday,6.0,Good/Satisfactory
India,Andhra Pradesh,Rajamahendravaram,"Anand Kala Kshetram, Rajamahendravaram - APPCB",2026-07-06 10:00:00,16.9872867,81.7363176,CO,18.0,18.0,18.0,10,Monday,0.0,Good/Satisfactory
India,Andhra Pradesh,Rajamahendravaram,"Anand Kala Kshetram, Rajamahendravaram - APPCB",2026-07-06 10:00:00,16.9872867,81.7363176,OZONE,11.0,11.0,11.0,10,Monday,0.0,Good/Satisfactory
India,Andhra Pradesh,Tirumala,"Toll Gate, Tirumala - APPCB",2026-07-06 10:00:00,13.67,79.35,PM2.5,12.0,32.0,23.0,10,Monday,20.0,Good/Satisfactory
India,Andhra Pradesh,Tirumala,"Toll Gate, Tirumala - APPCB",2026-07-06 10:00:00,13.67,79.35,SO2,0.0,7.0,4.0,10,Monday,7.0,Good/Satisfactory
India,Andhra Pradesh,Tirupati,"Vaikuntapuram, Tirupati - APPCB",2026-07-06 10:00:00,13.615387,79.40923,PM2.5,50.0,67.0,60.0,10,Monday,17.0,Moderate
India,Andhra Pradesh,Tirupati,"Vaikuntapuram, Tirupati - APPCB",2026-07-06 10:00:00,13.615387,79.40923,SO2,10.0,15.0,14.0,10,Monday,5.0,Good/Satisfactory
India,Assam,Guwahati,"Railway Colony, Guwahati - PCBA",2026-07-06 10:00:00,26.181742,91.78063,CO,13.0,14.0,14.0,10,Monday,1.0,Good/Satisfactory
India,Assam,Guwahati,"IITG, Guwahati - PCBA",2026-07-06 10:00:00,26.2028636,91.70046436,SO2,39.0,45.0,42.0,10,Monday,6.0,Good/Satisfactory
India,Assam,Guwahati,"LGBI Airport, Guwahati - PCBA",2026-07-06 10:00:00,26.10887,91.589544,SO2,7.0,13.0,11.0,10,Monday,6.0,Good/Satisfactory
India,Assam,Guwahati,"Pan Bazaar, Guwahati - PCBA",2026-07-06 10:00:00,26.1875,91.744194,CO,14.0,21.0,16.0,10,Monday,7.0,Good/Satisfactory
India,Assam,Nagaon,"Christianpatty, Nagaon - PCBA",2026-07-06 10:00:00,26.349082,92.68449,OZONE,12.0,13.0,13.0,10,Monday,1.0,Good/Satisfactory
India,Assam,Silchar,"Tarapur, Silchar - PCBA",2026-07-06 10:00:00,24.82827,92.79525,PM2.5,33.0,33.0,33.0,10,Monday,0.0,Moderate
India,Assam,Sivasagar,"Girls College, Sivasagar - PCBA",2026-07-06 10:00:00,26.987634,94.636574,PM2.5,10.0,10.0,10.0,10,Monday,0.0,Good/Satisfactory
India,Assam,Sivasagar,"Girls College, Sivasagar - PCBA",2026-07-06 10:00:00,26.987634,94.636574,NH3,6.0,14.0,10.0,10,Monday,8.0,Good/Satisfactory
India,Bihar,Araria,"Kharahiya Basti, Araria - BSPCB",2026-07-06 10:00:00,26.146529,87.454184,OZONE,9.0,11.0,10.0,10,Monday,2.0,Good/Satisfactory
India,Andhra Pradesh,Vijayawada,"Rajiv Nagar, Vijayawada - APPCB",2026-07-06 10:00:00,16.554731,80.64911,NH3,3.0,5.0,5.0,10,Monday,2.0,Good/Satisfactory
India,Andhra Pradesh,Vijayawada,"Rajiv Nagar, Vijayawada - APPCB",2026-07-06 10:00:00,16.554731,80.64911,SO2,13.0,20.0,18.0,10,Monday,7.0,Good/Satisfactory
India,Andhra Pradesh,Vijayawada,"Rajiv Gandhi Park, Vijayawada - APPCB",2026-07-06 10:00:00,16.509717,80.612222,PM2.5,50.0,72.0,60.0,10,Monday,22.0,Moderate
India,Andhra Pradesh,Vijayawada,"Rajiv Gandhi Park, Vijayawada - APPCB",2026-07-06 10:00:00,16.509717,80.612222,NO2,21.0,29.0,24.0,10,Monday,8.0,Good/Satisfactory
India,Andhra Pradesh,Vijayawada,"Rajiv Gandhi Park, Vijayawada - APPCB",2026-07-06 10:00:00,16.509717,80.612222,OZONE,32.0,36.0,33.0,10,Monday,4.0,Good/Satisfactory
India,Andhra Pradesh,Vijayawada,"Kanuru, Vijayawada - APPCB",2026-07-06 10:00:00,16.486692,80.699436,CO,16.0,16.0,16.0,10,Monday,0.0,Good/Satisfactory
India,Andhra Pradesh,Vijayawada,"HB Colony, Vijayawada - APPCB",2026-07-06 10:00:00,16.536107,80.594233,SO2,15.0,19.0,19.0,10,Monday,4.0,Good/Satisfactory
India,Assam,Guwahati,"Railway Colony, Guwahati - PCBA",2026-07-06 10:00:00,26.181742,91.78063,PM10,12.0,28.0,18.0,10,Monday,16.0,Good/Satisfactory
India,Bihar,Samastipur,"DM Office_Kasipur, Samastipur - BSPCB",2026-07-06 10:00:00,25.859655,85.77944,NO2,9.0,13.0,12.0,10,Monday,4.0,Good/Satisfactory
India,Chandigarh,Chandigarh,"Sector-53, Chandigarh - CPCC",2026-07-06 10:00:00,30.719859,76.738637,NH3,15.0,20.0,18.0,10,Monday,5.0,Good/Satisfactory
India,Chandigarh,Chandigarh,"Sector-25, Chandigarh - CPCC",2026-07-06 10:00:00,30.751462,76.762879,PM10,34.0,68.0,50.0,10,Monday,34.0,Good/Satisfactory
India,Chandigarh,Chandigarh,"Sector-25, Chandigarh - CPCC",2026-07-06 10:00:00,30.751462,76.762879,NO2,3.0,16.0,8.0,10,Monday,13.0,Good/Satisfactory
India,Chhattisgarh,Bhilai,"Civic Center, Bhilai - Bhilai Steel Plant",2026-07-06 10:00:00,21.185571,81.343175,PM10,1.0,9.0,5.0,10,Monday,8.0,Good/Satisfactory
India,Andhra Pradesh,Anantapur,"Gulzarpet, Anantapur - APPCB",2026-07-06 10:00:00,14.675886,77.593027,OZONE,48.0,48.0,48.0,10,Monday,0.0,Good/Satisfactory
India,Andhra Pradesh,Chittoor,"Gangineni Cheruvu, Chittoor - APPCB",2026-07-06 10:00:00,13.20488,79.097889,PM10,55.0,67.0,59.0,10,Monday,12.0,Moderate
India,Andhra Pradesh,Chittoor,"Gangineni Cheruvu, Chittoor - APPCB",2026-07-06 10:00:00,13.20488,79.097889,CO,14.0,18.0,16.0,10,Monday,4.0,Good/Satisfactory
India,Andhra Pradesh,Guntur,"Rajendra Nagar North, Guntur - APPCB",2026-07-06 10:00:00,16.316553,80.413302,NH3,4.0,11.0,6.0,10,Monday,7.0,Good/Satisfactory
India,Andhra Pradesh,Guntur,"Rajendra Nagar North, Guntur - APPCB",2026-07-06 10:00:00,16.316553,80.413302,SO2,9.0,13.0,11.0,10,Monday,4.0,Good/Satisfactory
India,Andhra Pradesh,Guntur,"Rajendra Nagar North, Guntur - APPCB",2026-07-06 10:00:00,16.316553,80.413302,OZONE,24.0,25.0,24.0,10,Monday,1.0,Good/Satisfactory
India,Andhra Pradesh,Amaravati,"Secretariat, Amaravati - APPCB",2026-07-06 10:00:00,16.5150833,80.5181667,OZONE,17.0,28.0,20.0,10,Monday,11.0,Good/Satisfactory
India,Andhra Pradesh,Amaravati,"Secretariat, Amaravati - APPCB",2026-07-06 10:00:00,16.5150833,80.5181667,PM2.5,14.0,33.0,24.0,10,Monday,19.0,Good/Satisfactory
India,Delhi,Delhi,"R K Puram, Delhi - DPCC",2026-07-06 10:00:00,28.563262,77.186937,OZONE,2.0,17.0,8.0,10,Monday,15.0,Good/Satisfactory
India,Delhi,Delhi,"Dwarka-Sector 8, Delhi - DPCC ",2026-07-06 10:00:00,28.5710274,77.0719006,PM10,16.0,186.0,77.0,10,Monday,170.0,Moderate
India,Delhi,Delhi,"Dwarka-Sector 8, Delhi - DPCC ",2026-07-06 10:00:00,28.5710274,77.0719006,SO2,4.0,27.0,16.0,10,Monday,23.0,Good/Satisfactory
India,Delhi,Delhi,"ITO, Delhi - CPCB",2026-07-06 10:00:00,28.628624,77.24106,NH3,1.0,6.0,4.0,10,Monday,5.0,Good/Satisfactory
India,Delhi,Delhi,"ITO, Delhi - CPCB",2026-07-06 10:00:00,28.628624,77.24106,CO,29.0,55.0,45.0,10,Monday,26.0,Good/Satisfactory
India,Delhi,Delhi,"ITO, Delhi - CPCB",2026-07-06 10:00:00,28.628624,77.24106,OZONE,17.0,19.0,18.0,10,Monday,2.0,Good/Satisfactory
India,Delhi,Delhi,"IGI Airport (T3), Delhi - IITM",2026-07-06 10:00:00,28.5627763,77.1180053,PM2.5,1.0,69.0,34.0,10,Monday,68.0,Moderate
India,Delhi,Delhi,"Burari Crossing, Delhi - IITM",2026-07-06 10:00:00,28.7256504,77.2011573,NH3,5.0,12.0,8.5,10,Monday,7.0,Good/Satisfactory
India,Delhi,Delhi,"IIT Delhi, Delhi - IITM",2026-07-06 10:00:00,28.54246,77.191651,NH3,5.0,12.0,8.5,10,Monday,7.0,Good/Satisfactory
India,Delhi,Delhi,"Chandni Chowk, Delhi - IITM",2026-07-06 10:00:00,28.656756,77.227234,CO,82.0,86.0,84.0,10,Monday,4.0,Moderate
India,Delhi,Delhi,"Chandni Chowk, Delhi - IITM",2026-07-06 10:00:00,28.656756,77.227234,OZONE,6.0,41.0,17.0,10,Monday,35.0,Good/Satisfactory
India,Delhi,Delhi,"Punjabi Bagh, Delhi - DPCC",2026-07-06 10:00:00,28.674045,77.131023,OZONE,1.0,18.0,6.0,10,Monday,17.0,Good/Satisfactory
India,Delhi,Delhi,"Mundka, Delhi - DPCC",2026-07-06 10:00:00,28.684678,77.076574,PM2.5,13.0,150.0,70.0,10,Monday,137.0,Poor/Severe
India,Delhi,Delhi,"Mundka, Delhi - DPCC",2026-07-06 10:00:00,28.684678,77.076574,NO2,87.0,126.0,102.0,10,Monday,39.0,Poor/Severe
India,Delhi,Delhi,"Mundka, Delhi - DPCC",2026-07-06 10:00:00,28.684678,77.076574,CO,41.0,68.0,52.0,10,Monday,27.0,Moderate
India,Delhi,Delhi,"Shadipur, Delhi - CPCB",2026-07-06 10:00:00,28.6514781,77.1473105,PM10,46.0,120.0,81.0,10,Monday,74.0,Moderate
India,Delhi,Delhi,"Shadipur, Delhi - CPCB",2026-07-06 10:00:00,28.6514781,77.1473105,NO2,18.0,64.0,38.0,10,Monday,46.0,Good/Satisfactory
India,Delhi,Delhi,"Shadipur, Delhi - CPCB",2026-07-06 10:00:00,28.6514781,77.1473105,NH3,8.0,10.0,9.0,10,Monday,2.0,Good/Satisfactory
India,Delhi,Delhi,"Commonwealth Sports Complex, Delhi - DPCC",2026-07-06 10:00:00,28.615828,77.271992,NH3,2.0,9.0,5.0,10,Monday,7.0,Good/Satisfactory
India,Delhi,Delhi,"Commonwealth Sports Complex, Delhi - DPCC",2026-07-06 10:00:00,28.615828,77.271992,CO,3.0,14.0,9.0,10,Monday,11.0,Good/Satisfactory
India,Delhi,Delhi,"Talkatora Garden, Delhi - DPCC",2026-07-06 10:00:00,28.62181,77.1944633,PM10,19.0,78.0,51.0,10,Monday,59.0,Moderate
India,Delhi,Delhi,"Talkatora Garden, Delhi - DPCC",2026-07-06 10:00:00,28.62181,77.1944633,CO,43.0,52.0,47.0,10,Monday,9.0,Good/Satisfactory
India,Delhi,Delhi,"Talkatora Garden, Delhi - DPCC",2026-07-06 10:00:00,28.62181,77.1944633,OZONE,8.0,66.0,23.0,10,Monday,58.0,Good/Satisfactory
India,Delhi,Delhi,"Narela, Delhi - DPCC",2026-07-06 10:00:00,28.822836,77.101981,NH3,2.0,16.0,8.0,10,Monday,14.0,Good/Satisfactory
India,Delhi,Delhi,"Narela, Delhi - DPCC",2026-07-06 10:00:00,28.822836,77.101981,SO2,11.0,17.0,14.0,10,Monday,6.0,Good/Satisfactory
India,Delhi,Delhi,"JNU, Delhi - DPCC",2026-07-06 10:00:00,28.540721,77.168544,PM2.5,7.0,80.0,48.0,10,Monday,73.0,Moderate
India,Delhi,Delhi,"JNU, Delhi - DPCC",2026-07-06 10:00:00,28.540721,77.168544,CO,18.0,34.0,25.0,10,Monday,16.0,Good/Satisfactory
India,Delhi,Delhi,"IGNOU_Maidan Garhi, Delhi - DPCC",2026-07-06 10:00:00,28.493624,77.201159,PM10,21.0,92.0,59.0,10,Monday,71.0,Moderate
India,Delhi,Delhi,"IGNOU_Maidan Garhi, Delhi - DPCC",2026-07-06 10:00:00,28.493624,77.201159,OZONE,7.0,12.0,9.0,10,Monday,5.0,Good/Satisfactory
India,Delhi,Delhi,"DTU, Delhi - CPCB",2026-07-06 10:00:00,28.7500499,77.1112615,NO2,2.0,29.0,23.0,10,Monday,27.0,Good/Satisfactory
India,Delhi,Delhi,"DTU, Delhi - CPCB",2026-07-06 10:00:00,28.7500499,77.1112615,OZONE,13.0,18.0,14.0,10,Monday,5.0,Good/Satisfactory
India,Gujarat,Ahmedabad,"SAC ISRO Bopal, Ahmedabad - IITM",2026-07-06 10:00:00,23.041137,72.456691,SO2,0.0,2.0,1.0,10,Monday,2.0,Good/Satisfactory
India,Delhi,Delhi,"Mandir Marg, Delhi - DPCC",2026-07-06 10:00:00,28.636429,77.201067,CO,68.0,76.0,72.0,10,Monday,8.0,Moderate
India,Delhi,Delhi,"Mandir Marg, Delhi - DPCC",2026-07-06 10:00:00,28.636429,77.201067,OZONE,4.0,21.0,9.0,10,Monday,17.0,Good/Satisfactory
India,Delhi,Delhi,"Jawaharlal Nehru Stadium, Delhi - DPCC",2026-07-06 10:00:00,28.58028,77.233829,NH3,8.0,48.0,12.0,10,Monday,40.0,Good/Satisfactory
India,Delhi,Delhi,"Jawaharlal Nehru Stadium, Delhi - DPCC",2026-07-06 10:00:00,28.58028,77.233829,SO2,1.0,8.0,5.0,10,Monday,7.0,Good/Satisfactory
India,Delhi,Delhi,"Patparganj, Delhi - DPCC",2026-07-06 10:00:00,28.623763,77.287209,NH3,6.0,23.0,12.0,10,Monday,17.0,Good/Satisfactory
India,Delhi,Delhi,"Pusa, Delhi - DPCC",2026-07-06 10:00:00,28.639652,77.146275,OZONE,2.0,6.0,4.0,10,Monday,4.0,Good/Satisfactory
India,Delhi,Delhi,"Nehru Nagar, Delhi - DPCC",2026-07-06 10:00:00,28.56789,77.250515,NH3,9.0,12.0,10.0,10,Monday,3.0,Good/Satisfactory
India,Delhi,Delhi,"Sonia Vihar, Delhi - DPCC",2026-07-06 10:00:00,28.710508,77.249485,PM2.5,8.0,331.0,124.0,10,Monday,323.0,Poor/Severe
India,Delhi,Delhi,"Sonia Vihar, Delhi - DPCC",2026-07-06 10:00:00,28.710508,77.249485,NH3,16.0,30.0,21.0,10,Monday,14.0,Good/Satisfactory
India,Delhi,Delhi,"Sonia Vihar, Delhi - DPCC",2026-07-06 10:00:00,28.710508,77.249485,CO,26.0,61.0,48.0,10,Monday,35.0,Good/Satisfactory
India,Delhi,Delhi,"Major Dhyan Chand National Stadium, Delhi - DPCC",2026-07-06 10:00:00,28.611281,77.237738,NO2,21.0,109.0,49.0,10,Monday,88.0,Good/Satisfactory
India,Delhi,Delhi,"NSUT Jaffarpur, Delhi - DPCC",2026-07-06 10:00:00,28.594004,76.909423,OZONE,4.0,52.0,17.0,10,Monday,48.0,Good/Satisfactory
India,Delhi,Delhi,"Cantonment Area, Delhi - DPCC",2026-07-06 10:00:00,28.594169,77.1251,PM2.5,7.0,35.0,23.0,10,Monday,28.0,Good/Satisfactory
India,Gujarat,Ankleshwar,"GIDC, Ankleshwar - GPCB",2026-07-06 10:00:00,21.613267,73.010555,NO2,26.0,27.0,26.0,10,Monday,1.0,Good/Satisfactory
India,Gujarat,Ankleshwar,"GIDC, Ankleshwar - GPCB",2026-07-06 10:00:00,21.613267,73.010555,CO,59.0,72.0,64.0,10,Monday,13.0,Moderate
India,Gujarat,Bhavnagar,"Vidhyanagar, Bhavnagar - Nexteng Enviro",2026-07-06 10:00:00,21.755417,72.139056,PM10,17.0,97.0,54.0,10,Monday,80.0,Moderate
India,Gujarat,Bhavnagar,"Vidhyanagar, Bhavnagar - Nexteng Enviro",2026-07-06 10:00:00,21.755417,72.139056,SO2,6.0,8.0,7.0,10,Monday,2.0,Good/Satisfactory
India,Gujarat,Gandhinagar,"GIFT City, Gandhinagar - IITM",2026-07-06 10:00:00,23.163798,72.677768,PM2.5,17.0,64.0,41.0,10,Monday,47.0,Moderate
India,Gujarat,Gandhinagar,"IIPHG Lekawada, Gandhinagar - IITM",2026-07-06 10:00:00,23.243639,72.68994,PM2.5,10.0,50.0,28.0,10,Monday,40.0,Good/Satisfactory
India,Gujarat,Gandhinagar,"IIPHG Lekawada, Gandhinagar - IITM",2026-07-06 10:00:00,23.243639,72.68994,PM10,33.0,94.0,58.0,10,Monday,61.0,Moderate
India,Gujarat,Gandhinagar,"IIPHG Lekawada, Gandhinagar - IITM",2026-07-06 10:00:00,23.243639,72.68994,NO2,7.0,11.0,9.0,10,Monday,4.0,Good/Satisfactory
India,Gujarat,Gandhinagar,"IIPHG Lekawada, Gandhinagar - IITM",2026-07-06 10:00:00,23.243639,72.68994,OZONE,2.0,3.0,3.0,10,Monday,1.0,Good/Satisfactory
India,Gujarat,Gandhinagar,"Sector-10, Gandhinagar - GPCB",2026-07-06 10:00:00,23.221714,72.654328,PM10,22.0,64.0,41.0,10,Monday,42.0,Good/Satisfactory
India,Gujarat,Mehsana,"Sadanand Nagar, Mehsana - Nexteng Enviro",2026-07-06 10:00:00,23.59315,72.372792,NO2,6.0,9.0,7.0,10,Monday,3.0,Good/Satisfactory
India,Gujarat,Rajkot,"Mavdi, Rajkot - Nexteng Enviro ",2026-07-06 10:00:00,22.248853,70.776774,OZONE,6.0,9.0,8.0,10,Monday,3.0,Good/Satisfactory
India,Gujarat,Ahmedabad,"SAC ISRO Bopal, Ahmedabad - IITM",2026-07-06 10:00:00,23.041137,72.456691,OZONE,9.0,17.0,13.0,10,Monday,8.0,Good/Satisfactory
India,Gujarat,Ahmedabad,"Maninagar, Ahmedabad - GPCB",2026-07-06 10:00:00,23.002657,72.591912,PM10,28.0,103.0,62.0,10,Monday,75.0,Moderate
India,Gujarat,Ahmedabad,"Gyaspur, Ahmedabad - IITM",2026-07-06 10:00:00,22.977134,72.553024,SO2,22.0,41.0,30.0,10,Monday,19.0,Good/Satisfactory
India,Gujarat,Ahmedabad,"SAC ISRO Satellite, Ahmedabad - IITM",2026-07-06 10:00:00,23.023389,72.515201,PM10,26.0,106.0,62.0,10,Monday,80.0,Moderate
India,Gujarat,Ahmedabad,"SAC ISRO Satellite, Ahmedabad - IITM",2026-07-06 10:00:00,23.023389,72.515201,CO,25.0,35.0,30.0,10,Monday,10.0,Good/Satisfactory
India,Gujarat,Ahmedabad,"SVPI Airport Hansol, Ahmedabad - IITM",2026-07-06 10:00:00,23.076793,72.627874,PM2.5,27.0,77.0,44.0,10,Monday,50.0,Moderate
India,Gujarat,Ahmedabad,"SVPI Airport Hansol, Ahmedabad - IITM",2026-07-06 10:00:00,23.076793,72.627874,OZONE,6.0,9.0,7.0,10,Monday,3.0,Good/Satisfactory
India,Gujarat,Ahmedabad,"Rakhial, Ahmedabad - IITM",2026-07-06 10:00:00,23.016834,72.625775,NH3,3.0,4.0,3.0,10,Monday,1.0,Good/Satisfactory
India,Gujarat,Ahmedabad,"Rakhial, Ahmedabad - IITM",2026-07-06 10:00:00,23.016834,72.625775,SO2,5.5,10.5,7.5,10,Monday,5.0,Good/Satisfactory
India,Gujarat,Ahmedabad,"Rakhial, Ahmedabad - IITM",2026-07-06 10:00:00,23.016834,72.625775,CO,33.0,39.0,36.0,10,Monday,6.0,Good/Satisfactory
India,Gujarat,Ankleshwar,"GIDC, Ankleshwar - GPCB",2026-07-06 10:00:00,21.613267,73.010555,PM10,51.0,135.0,94.0,10,Monday,84.0,Moderate
India,Delhi,Delhi,"Vivek Vihar, Delhi - DPCC",2026-07-06 10:00:00,28.672342,77.31526,CO,13.0,23.0,19.0,10,Monday,10.0,Good/Satisfactory
India,Delhi,Delhi,"North Campus, DU, Delhi - IITM",2026-07-06 10:00:00,28.6573814,77.1585447,PM2.5,18.0,183.0,67.0,10,Monday,165.0,Poor/Severe
India,Delhi,Delhi,"North Campus, DU, Delhi - IITM",2026-07-06 10:00:00,28.6573814,77.1585447,CO,85.0,109.0,97.0,10,Monday,24.0,Moderate
India,Delhi,Delhi,"CRRI Mathura Road, Delhi - IITM",2026-07-06 10:00:00,28.5512005,77.2735737,NO2,26.0,60.0,42.0,10,Monday,34.0,Good/Satisfactory
India,Delhi,Delhi,"CRRI Mathura Road, Delhi - IITM",2026-07-06 10:00:00,28.5512005,77.2735737,CO,55.0,69.0,63.0,10,Monday,14.0,Moderate
India,Delhi,Delhi,"Okhla Phase-2, Delhi - DPCC",2026-07-06 10:00:00,28.530785,77.271255,NO2,14.0,41.0,24.0,10,Monday,27.0,Good/Satisfactory
India,Delhi,Delhi,"Okhla Phase-2, Delhi - DPCC",2026-07-06 10:00:00,28.530785,77.271255,NH3,4.0,11.0,7.0,10,Monday,7.0,Good/Satisfactory
India,Delhi,Delhi,"Okhla Phase-2, Delhi - DPCC",2026-07-06 10:00:00,28.530785,77.271255,SO2,8.0,12.0,10.0,10,Monday,4.0,Good/Satisfactory
India,Delhi,Delhi,"IMD Lodhi Road, Delhi - IITM",2026-07-06 10:00:00,28.5918245,77.2273074,PM10,15.0,113.0,76.0,10,Monday,98.0,Moderate
India,Delhi,Delhi,"Mandir Marg, Delhi - DPCC",2026-07-06 10:00:00,28.636429,77.201067,NO2,0.0,20.0,6.0,10,Monday,20.0,Good/Satisfactory
India,Delhi,Delhi,"Mandir Marg, Delhi - DPCC",2026-07-06 10:00:00,28.636429,77.201067,NH3,8.0,9.0,8.0,10,Monday,1.0,Good/Satisfactory
India,Chhattisgarh,Bhilai,"Civic Center, Bhilai - Bhilai Steel Plant",2026-07-06 10:00:00,21.185571,81.343175,NO2,15.0,16.0,16.0,10,Monday,1.0,Good/Satisfactory
India,Chhattisgarh,Bhilai,"Civic Center, Bhilai - Bhilai Steel Plant",2026-07-06 10:00:00,21.185571,81.343175,SO2,9.0,12.0,10.0,10,Monday,3.0,Good/Satisfactory
India,Chhattisgarh,Bhilai,"Hathkhoj, Bhilai - CECB",2026-07-06 10:00:00,21.224231,81.40835,SO2,7.0,9.0,8.0,10,Monday,2.0,Good/Satisfactory
India,Chhattisgarh,Bhilai,"Hathkhoj, Bhilai - CECB",2026-07-06 10:00:00,21.224231,81.40835,OZONE,8.0,10.0,9.0,10,Monday,2.0,Good/Satisfactory
India,Chhattisgarh,Bhilai,"32Bungalows, Bhilai - CECB",2026-07-06 10:00:00,21.194815,81.31477,SO2,7.0,13.0,10.0,10,Monday,6.0,Good/Satisfactory
India,Chhattisgarh,Chhal,"Nawapara SECL Colony, Chhal - CECB",2026-07-06 10:00:00,22.118125,83.140608,SO2,8.0,10.0,9.0,10,Monday,2.0,Good/Satisfactory
India,Chhattisgarh,Korba,"Rampur, Korba - CECB",2026-07-06 10:00:00,22.368195,82.746431,NH3,1.0,1.0,1.0,10,Monday,0.0,Good/Satisfactory
India,Chhattisgarh,Kunjemura,"OP Jindal School, Kunjemura - CECB",2026-07-06 10:00:00,22.12665,83.483212,PM2.5,1.0,6.0,2.0,10,Monday,5.0,Good/Satisfactory
India,Chhattisgarh,Milupara,"Govt. Higher Secondary School, Milupara - CECB",2026-07-06 10:00:00,22.1910172,83.5197009,PM10,3.0,21.0,9.5,10,Monday,18.0,Good/Satisfactory
India,Chhattisgarh,Raipur,"Krishak Nagar, Raipur - CECB",2026-07-06 10:00:00,21.237755,81.705301,OZONE,1.0,2.0,2.0,10,Monday,1.0,Good/Satisfactory
India,Chhattisgarh,Raipur,"Bhatagaon New ISBT, Raipur - CECB",2026-07-06 10:00:00,21.219665,81.630094,NO2,1.0,3.0,2.0,10,Monday,2.0,Good/Satisfactory
India,Delhi,Delhi,"Dr. Karni Singh Shooting Range, Delhi - DPCC",2026-07-06 10:00:00,28.498571,77.26484,PM10,6.0,119.0,74.0,10,Monday,113.0,Moderate
India,Delhi,Delhi,"Dr. Karni Singh Shooting Range, Delhi - DPCC",2026-07-06 10:00:00,28.498571,77.26484,NO2,6.0,44.0,23.0,10,Monday,38.0,Good/Satisfactory
India,Delhi,Delhi,"Dr. Karni Singh Shooting Range, Delhi - DPCC",2026-07-06 10:00:00,28.498571,77.26484,CO,21.0,27.0,23.0,10,Monday,6.0,Good/Satisfactory
India,Delhi,Delhi,"Anand Vihar, Delhi - DPCC",2026-07-06 10:00:00,28.647622,77.315809,NO2,11.0,111.0,41.0,10,Monday,100.0,Good/Satisfactory
India,Delhi,Delhi,"Anand Vihar, Delhi - DPCC",2026-07-06 10:00:00,28.647622,77.315809,CO,26.0,104.0,59.0,10,Monday,78.0,Moderate
India,Delhi,Delhi,"R K Puram, Delhi - DPCC",2026-07-06 10:00:00,28.563262,77.186937,NO2,19.0,91.0,47.0,10,Monday,72.0,Good/Satisfactory
India,Delhi,Delhi,"Najafgarh, Delhi - DPCC",2026-07-06 10:00:00,28.570173,76.933762,CO,40.0,56.0,48.0,10,Monday,16.0,Good/Satisfactory
India,Delhi,Delhi,"Sri Aurobindo Marg, Delhi - DPCC",2026-07-06 10:00:00,28.531346,77.190156,SO2,2.0,13.0,8.0,10,Monday,11.0,Good/Satisfactory
India,Delhi,Delhi,"IHBAS, Dilshad Garden, Delhi - CPCB",2026-07-06 10:00:00,28.6811736,77.3025234,OZONE,24.0,227.0,63.0,10,Monday,203.0,Moderate
India,Delhi,Delhi,"Jahangirpuri, Delhi - DPCC",2026-07-06 10:00:00,28.73282,77.170633,PM10,38.0,208.0,130.0,10,Monday,170.0,Poor/Severe
India,Delhi,Delhi,"Jahangirpuri, Delhi - DPCC",2026-07-06 10:00:00,28.73282,77.170633,NO2,19.0,86.0,48.0,10,Monday,67.0,Good/Satisfactory
India,Delhi,Delhi,"Jahangirpuri, Delhi - DPCC",2026-07-06 10:00:00,28.73282,77.170633,CO,56.0,70.0,62.0,10,Monday,14.0,Moderate
India,Delhi,Delhi,"Aya Nagar, Delhi - IITM",2026-07-06 10:00:00,28.4706914,77.1099364,NH3,5.0,12.0,8.5,10,Monday,7.0,Good/Satisfactory
India,Delhi,Delhi,"Aya Nagar, Delhi - IITM",2026-07-06 10:00:00,28.4706914,77.1099364,OZONE,6.0,38.0,17.0,10,Monday,32.0,Good/Satisfactory
India,Haryana,Sirsa,"F-Block, Sirsa - HSPCB",2026-07-06 10:00:00,29.5364,75.0158,SO2,7.0,33.0,19.0,10,Monday,26.0,Good/Satisfactory
India,Haryana,Yamuna Nagar,"Gobind Pura, Yamuna Nagar - HSPCB",2026-07-06 10:00:00,30.1480566,77.2893471,NH3,9.0,14.0,12.0,10,Monday,5.0,Good/Satisfactory
India,Himachal Pradesh,Baddi,"HIMUDA Complex Phase-1, Baddi - HPPCB",2026-07-06 10:00:00,30.943887,76.801991,PM2.5,43.0,173.0,88.0,10,Monday,130.0,Poor/Severe
India,Himachal Pradesh,Baddi,"HIMUDA Complex Phase-1, Baddi - HPPCB",2026-07-06 10:00:00,30.943887,76.801991,PM10,64.0,171.0,116.0,10,Monday,107.0,Poor/Severe
India,Himachal Pradesh,Baddi,"HIMUDA Complex Phase-1, Baddi - HPPCB",2026-07-06 10:00:00,30.943887,76.801991,CO,53.0,64.0,59.0,10,Monday,11.0,Moderate
India,Jammu and Kashmir,Pampore,"Khrew, Pampore - JKPCC",2026-07-06 10:00:00,34.031606,75.009712,CO,14.0,17.0,16.0,10,Monday,3.0,Good/Satisfactory
India,Jammu and Kashmir,Pampore,"Khrew, Pampore - JKPCC",2026-07-06 10:00:00,34.031606,75.009712,OZONE,0.0,1.0,0.0,10,Monday,1.0,Good/Satisfactory
India,Jammu and Kashmir,Srinagar,"Rajbagh, Srinagar - JKPCC",2026-07-06 10:00:00,34.066206,74.81982,SO2,3.0,4.0,3.0,10,Monday,1.0,Good/Satisfactory
India,Jammu and Kashmir,Srinagar,"Khunmoh, Srinagar - JKPCC",2026-07-06 10:00:00,34.06313,74.96017,PM10,58.0,107.0,82.0,10,Monday,49.0,Moderate
India,Jammu and Kashmir,Srinagar,"Khunmoh, Srinagar - JKPCC",2026-07-06 10:00:00,34.06313,74.96017,NH3,9.0,9.0,9.0,10,Monday,0.0,Good/Satisfactory
India,Jammu and Kashmir,Srinagar,"Khunmoh, Srinagar - JKPCC",2026-07-06 10:00:00,34.06313,74.96017,SO2,4.0,5.0,5.0,10,Monday,1.0,Good/Satisfactory
India,Jharkhand,Dhanbad,"Sardar Patel Nagar, Dhanbad - JSPCB",2026-07-06 10:00:00,23.80569,86.44268,PM2.5,41.0,47.0,44.0,10,Monday,6.0,Moderate
India,Jharkhand,Dhanbad,"Sardar Patel Nagar, Dhanbad - JSPCB",2026-07-06 10:00:00,23.80569,86.44268,SO2,4.0,4.0,4.0,10,Monday,0.0,Good/Satisfactory
India,Haryana,Ballabgarh,"Nathu Colony, Ballabgarh - HSPCB",2026-07-06 10:00:00,28.3419248,77.319699,NO2,19.0,21.0,20.0,10,Monday,2.0,Good/Satisfactory
India,Haryana,Ballabgarh,"Nathu Colony, Ballabgarh - HSPCB",2026-07-06 10:00:00,28.3419248,77.319699,CO,48.0,59.0,53.0,10,Monday,11.0,Moderate
India,Haryana,Ballabgarh,"Nathu Colony, Ballabgarh - HSPCB",2026-07-06 10:00:00,28.3419248,77.319699,OZONE,7.0,26.0,14.0,10,Monday,19.0,Good/Satisfactory
India,Haryana,Bhiwani,"H.B. Colony, Bhiwani - HSPCB",2026-07-06 10:00:00,28.806223,76.141105,NH3,2.0,3.0,2.0,10,Monday,1.0,Good/Satisfactory
India,Haryana,Bhiwani,"H.B. Colony, Bhiwani - HSPCB",2026-07-06 10:00:00,28.806223,76.141105,SO2,12.0,13.0,13.0,10,Monday,1.0,Good/Satisfactory
India,Haryana,Charkhi Dadri,"Mini Secretariat, Charkhi Dadri - HSPCB",2026-07-06 10:00:00,28.593883,76.270653,SO2,9.0,11.0,10.0,10,Monday,2.0,Good/Satisfactory
India,Haryana,Charkhi Dadri,"Mini Secretariat, Charkhi Dadri - HSPCB",2026-07-06 10:00:00,28.593883,76.270653,CO,11.0,18.0,15.0,10,Monday,7.0,Good/Satisfactory
India,Haryana,Dharuhera,"Municipal Corporation Office, Dharuhera -  HSPCB",2026-07-06 10:00:00,28.2068,76.7997,PM2.5,79.0,206.0,107.0,10,Monday,127.0,Poor/Severe
India,Haryana,Dharuhera,"Municipal Corporation Office, Dharuhera -  HSPCB",2026-07-06 10:00:00,28.2068,76.7997,NO2,13.0,45.0,34.0,10,Monday,32.0,Good/Satisfactory
India,Haryana,Faridabad,"Sector 30, Faridabad - HSPCB",2026-07-06 10:00:00,28.4417,77.3217,OZONE,2.0,2.0,2.0,10,Monday,0.0,Good/Satisfactory
India,Haryana,Faridabad,"New Industrial Town, Faridabad - HSPCB",2026-07-06 10:00:00,28.39072,77.30059,CO,23.0,28.0,26.0,10,Monday,5.0,Good/Satisfactory
India,Haryana,Faridabad,"Sector 11, Faridabad - HSPCB",2026-07-06 10:00:00,28.376058,77.315741,SO2,5.0,12.0,8.0,10,Monday,7.0,Good/Satisfactory
India,Karnataka,Bengaluru,"Jigani, Bengaluru - KSPCB",2026-07-06 10:00:00,12.7816279,77.6299145,SO2,21.0,21.0,21.0,10,Monday,0.0,Good/Satisfactory
India,Karnataka,Chamarajanagar,"Urban, Chamarajanagar - KSPCB",2026-07-06 10:00:00,11.55358,76.55521,PM10,31.0,46.0,44.0,10,Monday,15.0,Good/Satisfactory
India,Karnataka,Chamarajanagar,"Urban, Chamarajanagar - KSPCB",2026-07-06 10:00:00,11.55358,76.55521,NH3,2.0,2.0,2.0,10,Monday,0.0,Good/Satisfactory
India,Karnataka,Chikkaballapur,"Chikkaballapur Rural, Chikkaballapur - KSPCB",2026-07-06 10:00:00,13.428828,77.731418,NO2,2.0,4.0,3.0,10,Monday,2.0,Good/Satisfactory
India,Karnataka,Chikkamagaluru,"Kalyana Nagara, Chikkamagaluru - KSPCB",2026-07-06 10:00:00,13.328028,75.797056,NO2,12.0,19.0,15.0,10,Monday,7.0,Good/Satisfactory
India,Karnataka,Gadag,"Panchal Nagar, Gadag - KSPCB",2026-07-06 10:00:00,15.411456,75.638133,PM10,32.0,41.0,36.0,10,Monday,9.0,Good/Satisfactory
India,Karnataka,Gadag,"Panchal Nagar, Gadag - KSPCB",2026-07-06 10:00:00,15.411456,75.638133,NH3,3.0,5.0,4.0,10,Monday,2.0,Good/Satisfactory
India,Karnataka,Gadag,"Panchal Nagar, Gadag - KSPCB",2026-07-06 10:00:00,15.411456,75.638133,SO2,24.0,39.0,30.0,10,Monday,15.0,Good/Satisfactory
India,Karnataka,Hubballi,"Lingaraj Nagar, Hubballi - KSPCB",2026-07-06 10:00:00,15.3714823,75.1160168,PM2.5,23.0,27.0,25.0,10,Monday,4.0,Good/Satisfactory
India,Karnataka,Kalaburagi,"Mahatma Basaveswar Colony, Kalaburgi - KSPCB",2026-07-06 10:00:00,17.336318,76.847397,PM2.5,10.0,31.0,19.0,10,Monday,21.0,Good/Satisfactory
India,Karnataka,Kalaburagi,"Mahatma Basaveswar Colony, Kalaburgi - KSPCB",2026-07-06 10:00:00,17.336318,76.847397,NO2,12.0,17.0,15.0,10,Monday,5.0,Good/Satisfactory
India,Haryana,Manesar,"Sector-2 IMT, Manesar - HSPCB",2026-07-06 10:00:00,28.360699,76.93609,NO2,28.0,31.0,30.0,10,Monday,3.0,Good/Satisfactory
India,Haryana,Narnaul,"Shastri Nagar, Narnaul - HSPCB",2026-07-06 10:00:00,28.060249,76.113115,PM10,18.0,228.0,123.0,10,Monday,210.0,Poor/Severe
India,Haryana,Narnaul,"Shastri Nagar, Narnaul - HSPCB",2026-07-06 10:00:00,28.060249,76.113115,NH3,8.0,10.0,9.0,10,Monday,2.0,Good/Satisfactory
India,Haryana,Palwal,"Shyam Nagar, Palwal - HSPCB",2026-07-06 10:00:00,28.1485564,77.3320667,PM2.5,53.0,85.0,82.0,10,Monday,32.0,Poor/Severe
India,Haryana,Palwal,"Shyam Nagar, Palwal - HSPCB",2026-07-06 10:00:00,28.1485564,77.3320667,NO2,23.0,24.0,24.0,10,Monday,1.0,Good/Satisfactory
India,Haryana,Panchgaon,"Amity University, Panchgaon - IITM",2026-07-06 10:00:00,28.3153,76.9143,NH3,6.0,34.0,16.0,10,Monday,28.0,Good/Satisfactory
India,Haryana,Panchkula,"Sector-6, Panchkula - HSPCB ",2026-07-06 10:00:00,30.7057778,76.8531805555555,NH3,8.0,11.0,9.0,10,Monday,3.0,Good/Satisfactory
India,Haryana,Panchkula,"Sector-6, Panchkula - HSPCB ",2026-07-06 10:00:00,30.7057778,76.8531805555555,OZONE,20.0,36.0,24.0,10,Monday,16.0,Good/Satisfactory
India,Haryana,Panipat,"Sector-18, Panipat - HSPCB",2026-07-06 10:00:00,29.432304,76.972765,OZONE,37.0,38.0,37.0,10,Monday,1.0,Good/Satisfactory
India,Haryana,Rohtak,"MD University, Rohtak - HSPCB",2026-07-06 10:00:00,28.52123,76.37138,PM10,85.0,101.0,92.0,10,Monday,16.0,Moderate
India,Haryana,Rohtak,"MD University, Rohtak - HSPCB",2026-07-06 10:00:00,28.52123,76.37138,CO,36.0,49.0,41.0,10,Monday,13.0,Good/Satisfactory
India,Jharkhand,Jorapokhar,"Tata Stadium, Jorapokhar - JSPCB",2026-07-06 10:00:00,23.707909,86.41467,NO2,8.0,8.0,8.0,10,Monday,0.0,Good/Satisfactory
India,Karnataka,Bagalkot,"Vidayagiri, Bagalkot - KSPCB",2026-07-06 10:00:00,16.172806,75.659694,CO,18.0,46.0,28.0,10,Monday,28.0,Good/Satisfactory
India,Karnataka,Bagalkot,"Vidayagiri, Bagalkot - KSPCB",2026-07-06 10:00:00,16.172806,75.659694,OZONE,18.0,18.0,18.0,10,Monday,0.0,Good/Satisfactory
India,Karnataka,Bengaluru,"BTM Layout, Bengaluru - CPCB",2026-07-06 10:00:00,12.9135218,77.5950804,CO,49.0,54.0,52.0,10,Monday,5.0,Moderate
India,Karnataka,Bengaluru,"Hombegowda Nagar, Bengaluru - KSPCB",2026-07-06 10:00:00,12.938539,77.5901,NH3,1.0,1.0,1.0,10,Monday,0.0,Good/Satisfactory
India,Karnataka,Bengaluru,"Jayanagar 5th Block, Bengaluru - KSPCB",2026-07-06 10:00:00,12.920984,77.584908,NO2,3.0,9.0,6.0,10,Monday,6.0,Good/Satisfactory
India,Karnataka,Bengaluru,"Jayanagar 5th Block, Bengaluru - KSPCB",2026-07-06 10:00:00,12.920984,77.584908,CO,1.0,12.0,5.0,10,Monday,11.0,Good/Satisfactory
India,Karnataka,Bengaluru,"Silk Board, Bengaluru - KSPCB",2026-07-06 10:00:00,12.917348,77.622813,CO,15.0,26.0,21.0,10,Monday,11.0,Good/Satisfactory
India,Karnataka,Bengaluru,"Kasturi Nagar, Bengaluru - KSPCB",2026-07-06 10:00:00,13.003872,77.664217,NH3,3.0,3.0,3.0,10,Monday,0.0,Good/Satisfactory
India,Karnataka,Bengaluru,"Kasturi Nagar, Bengaluru - KSPCB",2026-07-06 10:00:00,13.003872,77.664217,CO,50.0,50.0,50.0,10,Monday,0.0,Good/Satisfactory
India,Karnataka,Bengaluru,"Bapuji Nagar, Bengaluru - KSPCB",2026-07-06 10:00:00,12.951913,77.539784,PM10,29.0,63.0,44.0,10,Monday,34.0,Good/Satisfactory
India,Kerala,Kannur,"Thavakkara, Kannur - Kerala PCB",2026-07-06 10:00:00,11.875,75.3732,SO2,1.0,2.0,2.0,10,Monday,1.0,Good/Satisfactory
India,Kerala,Thiruvananthapuram,"Plammoodu, Thiruvananthapuram - Kerala PCB",2026-07-06 10:00:00,8.5149093,76.9435879,PM2.5,12.0,35.0,21.0,10,Monday,23.0,Good/Satisfactory
India,Kerala,Thiruvananthapuram,"Plammoodu, Thiruvananthapuram - Kerala PCB",2026-07-06 10:00:00,8.5149093,76.9435879,PM10,17.0,52.0,32.0,10,Monday,35.0,Good/Satisfactory
India,Kerala,Thiruvananthapuram,"Plammoodu, Thiruvananthapuram - Kerala PCB",2026-07-06 10:00:00,8.5149093,76.9435879,NO2,8.0,9.5,8.5,10,Monday,1.5,Good/Satisfactory
India,Kerala,Thiruvananthapuram,"Plammoodu, Thiruvananthapuram - Kerala PCB",2026-07-06 10:00:00,8.5149093,76.9435879,SO2,11.0,26.0,18.0,10,Monday,15.0,Good/Satisfactory
India,Kerala,Thiruvananthapuram,"Kariavattom, Thiruvananthapuram - Kerala PCB",2026-07-06 10:00:00,8.5637,76.8865,NO2,6.0,7.0,6.0,10,Monday,1.0,Good/Satisfactory
India,Kerala,Thiruvananthapuram,"Kariavattom, Thiruvananthapuram - Kerala PCB",2026-07-06 10:00:00,8.5637,76.8865,OZONE,30.0,31.0,30.0,10,Monday,1.0,Good/Satisfactory
India,Kerala,Thrissur,"Corporation Ground, Thrissur - Kerala PCB",2026-07-06 10:00:00,10.5324,76.2159,PM10,43.0,56.0,51.0,10,Monday,13.0,Moderate
India,Madhya Pradesh,Bhopal,"T T Nagar, Bhopal - MPPCB",2026-07-06 10:00:00,23.233584,77.400574,NO2,11.0,29.0,17.0,10,Monday,18.0,Good/Satisfactory
India,Madhya Pradesh,Bhopal,"Paryavaran Parisar, Bhopal - MPPCB",2026-07-06 10:00:00,23.210494,77.425409,NH3,4.0,6.0,5.0,10,Monday,2.0,Good/Satisfactory
India,Gujarat,Surat,"Katargam, Surat - Nexteng Enviro",2026-07-06 10:00:00,21.217779,72.834787,NO2,14.0,75.0,35.0,10,Monday,61.0,Good/Satisfactory
India,Gujarat,Vadodara,"Bapunagar, Vadodara - Nexteng Enviro",2026-07-06 10:00:00,22.320153,73.216285,PM2.5,53.0,177.0,91.0,10,Monday,124.0,Poor/Severe
India,Gujarat,Vadodara,"Bapunagar, Vadodara - Nexteng Enviro",2026-07-06 10:00:00,22.320153,73.216285,NH3,2.0,2.0,2.0,10,Monday,0.0,Good/Satisfactory
India,Gujarat,Vapi,"Phase-1 GIDC, Vapi - GPCB",2026-07-06 10:00:00,20.362421,72.918013,NO2,12.0,17.0,15.0,10,Monday,5.0,Good/Satisfactory
India,Gujarat,Vapi,"Phase-1 GIDC, Vapi - GPCB",2026-07-06 10:00:00,20.362421,72.918013,CO,33.0,44.0,37.0,10,Monday,11.0,Good/Satisfactory
India,Gujarat,Vapi,"Phase-1 GIDC, Vapi - GPCB",2026-07-06 10:00:00,20.362421,72.918013,OZONE,9.0,9.0,9.0,10,Monday,0.0,Good/Satisfactory
India,Gujarat,Vatva,"Phase-4 GIDC, Vatva - GPCB",2026-07-06 10:00:00,22.969611,72.6435,PM10,28.0,103.0,62.0,10,Monday,75.0,Moderate
India,Haryana,Ambala,"Patti Mehar, Ambala - HSPCB",2026-07-06 10:00:00,30.379589,76.778328,PM2.5,31.0,93.0,50.0,10,Monday,62.0,Moderate
India,Haryana,Ambala,"Patti Mehar, Ambala - HSPCB",2026-07-06 10:00:00,30.379589,76.778328,PM10,67.0,118.0,90.0,10,Monday,51.0,Moderate
India,Haryana,Bahadurgarh,"Arya Nagar, Bahadurgarh - HSPCB",2026-07-06 10:00:00,28.6701,76.9254,PM2.5,57.0,344.0,132.0,10,Monday,287.0,Poor/Severe
India,Haryana,Fatehabad,"Huda Sector, Fatehabad - HSPCB",2026-07-06 10:00:00,29.503664,75.467934,PM10,4.0,441.0,119.0,10,Monday,437.0,Poor/Severe
India,Haryana,Fatehabad,"Huda Sector, Fatehabad - HSPCB",2026-07-06 10:00:00,29.503664,75.467934,NO2,18.0,21.0,19.0,10,Monday,3.0,Good/Satisfactory
India,Haryana,Fatehabad,"Huda Sector, Fatehabad - HSPCB",2026-07-06 10:00:00,29.503664,75.467934,NH3,13.0,15.0,14.0,10,Monday,2.0,Good/Satisfactory
India,Haryana,Gurugram,"Sector-51, Gurugram - HSPCB",2026-07-06 10:00:00,28.4227,77.0667,NH3,8.0,19.0,12.0,10,Monday,11.0,Good/Satisfactory
India,Haryana,Jind,"Police Lines, Jind - HSPCB",2026-07-06 10:00:00,29.307814,76.337619,NO2,15.0,58.0,40.0,10,Monday,43.0,Good/Satisfactory
India,Haryana,Jind,"Police Lines, Jind - HSPCB",2026-07-06 10:00:00,29.307814,76.337619,SO2,27.0,30.0,28.0,10,Monday,3.0,Good/Satisfactory
India,Haryana,Kaithal,"Rishi Nagar, Kaithal - HSPCB",2026-07-06 10:00:00,29.8006,76.4155,SO2,29.0,37.0,33.0,10,Monday,8.0,Good/Satisfactory
India,Haryana,Kaithal,"Rishi Nagar, Kaithal - HSPCB",2026-07-06 10:00:00,29.8006,76.4155,OZONE,7.0,19.0,11.0,10,Monday,12.0,Good/Satisfactory
India,Haryana,Karnal,"Sector-12, Karnal - HSPCB",2026-07-06 10:00:00,29.6953,77.0027,NO2,9.0,22.0,15.0,10,Monday,13.0,Good/Satisfactory
India,Haryana,Karnal,"Sector-12, Karnal - HSPCB",2026-07-06 10:00:00,29.6953,77.0027,SO2,12.0,13.0,13.0,10,Monday,1.0,Good/Satisfactory
India,Karnataka,Karwar,"KHB Colony, Karwar - KSPCB",2026-07-06 10:00:00,14.816666,74.141003,CO,33.0,47.0,38.0,10,Monday,14.0,Good/Satisfactory
India,Karnataka,Koppal,"Diwator Nagar, Koppal - KSPCB",2026-07-06 10:00:00,15.34763,76.181767,SO2,14.0,15.0,14.0,10,Monday,1.0,Good/Satisfactory
India,Karnataka,Madikeri,"Stuart Hill, Madikeri - KSPCB",2026-07-06 10:00:00,12.415911,75.73505,OZONE,2.0,4.0,3.0,10,Monday,2.0,Good/Satisfactory
India,Karnataka,Ramanagara,"Vijay Nagar, Ramanagara - KSPCB",2026-07-06 10:00:00,12.733409,77.298051,PM10,22.0,71.0,41.0,10,Monday,49.0,Good/Satisfactory
India,Karnataka,Ramanagara,"Vijay Nagar, Ramanagara - KSPCB",2026-07-06 10:00:00,12.733409,77.298051,NH3,3.0,3.0,3.0,10,Monday,0.0,Good/Satisfactory
India,Madhya Pradesh,Pithampur,"Sector-2 Industrial Area, Pithampur - MPPCB",2026-07-06 10:00:00,22.624758,75.675238,OZONE,16.0,57.0,39.0,10,Monday,41.0,Good/Satisfactory
India,Madhya Pradesh,Ratlam,"Shasthri Nagar, Ratlam - IPCA Lab",2026-07-06 10:00:00,23.331731,75.045981,PM2.5,1.0,115.0,37.0,10,Monday,114.0,Moderate
India,Madhya Pradesh,Ratlam,"Shasthri Nagar, Ratlam - IPCA Lab",2026-07-06 10:00:00,23.331731,75.045981,SO2,26.0,38.0,30.0,10,Monday,12.0,Good/Satisfactory
India,Madhya Pradesh,Ratlam,"Shasthri Nagar, Ratlam - IPCA Lab",2026-07-06 10:00:00,23.331731,75.045981,CO,21.0,33.0,28.0,10,Monday,12.0,Good/Satisfactory
India,Madhya Pradesh,Satna,"Bandhavgar Colony, Satna - Birla Cement",2026-07-06 10:00:00,24.58434363,80.8549414,OZONE,10.0,20.0,14.0,10,Monday,10.0,Good/Satisfactory
India,Madhya Pradesh,Singrauli,"Suryakiran Bhawan NCL, Singrauli - MPPCB",2026-07-06 10:00:00,24.10897,82.64558,NH3,3.0,3.0,3.0,10,Monday,0.0,Good/Satisfactory
India,Madhya Pradesh,Singrauli,"Suryakiran Bhawan NCL, Singrauli - MPPCB",2026-07-06 10:00:00,24.10897,82.64558,SO2,38.0,56.0,45.0,10,Monday,18.0,Good/Satisfactory
India,Madhya Pradesh,Singrauli,"Suryakiran Bhawan NCL, Singrauli - MPPCB",2026-07-06 10:00:00,24.10897,82.64558,OZONE,8.0,12.0,10.0,10,Monday,4.0,Good/Satisfactory
India,Madhya Pradesh,Ujjain,"Mahashweta Nagar, Ujjain - MPPCB",2026-07-06 10:00:00,23.1633321,75.800225,PM2.5,15.0,77.0,42.0,10,Monday,62.0,Moderate
India,Madhya Pradesh,Ujjain,"Mahashweta Nagar, Ujjain - MPPCB",2026-07-06 10:00:00,23.1633321,75.800225,NO2,5.0,22.0,13.0,10,Monday,17.0,Good/Satisfactory
India,Maharashtra,Ahmednagar,"Tarakpur, Ahmednagar - MPCB",2026-07-06 10:00:00,19.10122,74.73339,PM2.5,7.0,27.0,15.0,10,Monday,20.0,Good/Satisfactory
India,Maharashtra,Ahmednagar,"Tarakpur, Ahmednagar - MPCB",2026-07-06 10:00:00,19.10122,74.73339,OZONE,9.0,26.0,15.0,10,Monday,17.0,Good/Satisfactory
India,Maharashtra,Ambernath,"Chinchpada, Ambernath - MPCB",2026-07-06 10:00:00,19.215784,73.199781,CO,4.0,7.0,6.0,10,Monday,3.0,Good/Satisfactory
India,Maharashtra,Ambernath,"Chinchpada, Ambernath - MPCB",2026-07-06 10:00:00,19.215784,73.199781,OZONE,11.0,14.0,12.0,10,Monday,3.0,Good/Satisfactory
India,Maharashtra,Amravati,"Shivneri Colony, Amravati - MPCB",2026-07-06 10:00:00,20.9402359,77.7895248,PM10,7.0,32.0,19.0,10,Monday,25.0,Good/Satisfactory
India,Maharashtra,Amravati,"Shivneri Colony, Amravati - MPCB",2026-07-06 10:00:00,20.9402359,77.7895248,NH3,2.0,2.0,2.0,10,Monday,0.0,Good/Satisfactory
India,Maharashtra,Amravati,"Shivneri Colony, Amravati - MPCB",2026-07-06 10:00:00,20.9402359,77.7895248,SO2,4.0,5.0,5.0,10,Monday,1.0,Good/Satisfactory
India,Maharashtra,Aurangabad,"MIDC Chilkalthana, Aurangabad - MPCB",2026-07-06 10:00:00,19.87562,75.38731,PM10,46.0,83.0,59.0,10,Monday,37.0,Moderate
India,Maharashtra,Aurangabad,"MIDC Chilkalthana, Aurangabad - MPCB",2026-07-06 10:00:00,19.87562,75.38731,NO2,5.0,6.0,6.0,10,Monday,1.0,Good/Satisfactory
India,Maharashtra,Mumbai,"Kherwadi_Bandra East, Mumbai - MPCB",2026-07-06 10:00:00,19.0632143,72.8456324,PM2.5,11.0,57.0,27.0,10,Monday,46.0,Good/Satisfactory
India,Maharashtra,Mumbai,"Kherwadi_Bandra East, Mumbai - MPCB",2026-07-06 10:00:00,19.0632143,72.8456324,NO2,8.0,15.0,12.0,10,Monday,7.0,Good/Satisfactory
India,Maharashtra,Mumbai,"Kherwadi_Bandra East, Mumbai - MPCB",2026-07-06 10:00:00,19.0632143,72.8456324,SO2,3.0,3.0,3.0,10,Monday,0.0,Good/Satisfactory
India,Maharashtra,Mumbai,"Kurla, Mumbai - MPCB",2026-07-06 10:00:00,19.0863,72.8888,NO2,6.0,7.0,6.0,10,Monday,1.0,Good/Satisfactory
India,Maharashtra,Mumbai,"Kurla, Mumbai - MPCB",2026-07-06 10:00:00,19.0863,72.8888,OZONE,28.0,29.0,29.0,10,Monday,1.0,Good/Satisfactory
India,Maharashtra,Mumbai,"Navy Nagar-Colaba, Mumbai - IITM",2026-07-06 10:00:00,18.897756,72.81332,OZONE,31.0,38.0,35.0,10,Monday,7.0,Good/Satisfactory
India,Maharashtra,Mumbai,"Mulund West, Mumbai - MPCB",2026-07-06 10:00:00,19.175,72.9419,PM2.5,4.0,20.0,11.0,10,Monday,16.0,Good/Satisfactory
India,Maharashtra,Mumbai,"Mulund West, Mumbai - MPCB",2026-07-06 10:00:00,19.175,72.9419,CO,11.5,20.0,14.5,10,Monday,8.5,Good/Satisfactory
India,Maharashtra,Mumbai,"Siddharth Nagar-Worli, Mumbai - IITM",2026-07-06 10:00:00,19.000083,72.813993,PM2.5,19.0,30.0,24.0,10,Monday,11.0,Good/Satisfactory
India,Maharashtra,Mumbai,"Siddharth Nagar-Worli, Mumbai - IITM",2026-07-06 10:00:00,19.000083,72.813993,NO2,15.0,18.0,16.0,10,Monday,3.0,Good/Satisfactory
India,Maharashtra,Mumbai,"Siddharth Nagar-Worli, Mumbai - IITM",2026-07-06 10:00:00,19.000083,72.813993,SO2,2.0,6.0,4.0,10,Monday,4.0,Good/Satisfactory
India,Maharashtra,Mumbai,"Ghatkopar, Mumbai - BMC",2026-07-06 10:00:00,19.083694,72.920967,PM2.5,13.0,23.0,17.0,10,Monday,10.0,Good/Satisfactory
India,Maharashtra,Mumbai,"Ghatkopar, Mumbai - BMC",2026-07-06 10:00:00,19.083694,72.920967,SO2,2.0,6.0,4.0,10,Monday,4.0,Good/Satisfactory
India,Maharashtra,Mumbai,"Chhatrapati Shivaji Intl. Airport (T2), Mumbai - MPCB",2026-07-06 10:00:00,19.10078,72.87462,PM2.5,8.0,30.0,19.0,10,Monday,22.0,Good/Satisfactory
India,Maharashtra,Mumbai,"Chhatrapati Shivaji Intl. Airport (T2), Mumbai - MPCB",2026-07-06 10:00:00,19.10078,72.87462,NO2,25.0,26.0,26.0,10,Monday,1.0,Good/Satisfactory
India,Maharashtra,Mumbai,"Malad West, Mumbai - IITM",2026-07-06 10:00:00,19.19709,72.82204,NH3,1.0,3.0,2.0,10,Monday,2.0,Good/Satisfactory
India,Maharashtra,Mumbai,"Malad West, Mumbai - IITM",2026-07-06 10:00:00,19.19709,72.82204,SO2,2.0,7.0,4.0,10,Monday,5.0,Good/Satisfactory
India,Maharashtra,Mumbai,"Malad West, Mumbai - IITM",2026-07-06 10:00:00,19.19709,72.82204,CO,14.0,14.0,14.0,10,Monday,0.0,Good/Satisfactory
India,Maharashtra,Dhule,"Deopur, Dhule - MPCB",2026-07-06 10:00:00,20.918946,74.776388,OZONE,9.0,12.0,11.0,10,Monday,3.0,Good/Satisfactory
India,Maharashtra,Dombivli,"Kalu Nagar, Dombivli - MPCB",2026-07-06 10:00:00,19.2268427,73.0788456,PM10,18.0,43.5,29.0,10,Monday,25.5,Good/Satisfactory
India,Maharashtra,Hingoli,"Ashta Vinayak Nagar, Hingoli - MPCB",2026-07-06 10:00:00,19.710842,77.151824,PM10,2.0,14.0,8.0,10,Monday,12.0,Good/Satisfactory
India,Maharashtra,Hingoli,"Ashta Vinayak Nagar, Hingoli - MPCB",2026-07-06 10:00:00,19.710842,77.151824,SO2,1.0,3.0,2.0,10,Monday,2.0,Good/Satisfactory
India,Maharashtra,Hingoli,"Ashta Vinayak Nagar, Hingoli - MPCB",2026-07-06 10:00:00,19.710842,77.151824,OZONE,23.0,34.0,28.0,10,Monday,11.0,Good/Satisfactory
India,Maharashtra,Jalgaon,"Prabhat Colony, Jalgaon - MPCB",2026-07-06 10:00:00,21.001264,75.565602,CO,21.0,32.0,25.0,10,Monday,11.0,Good/Satisfactory
India,Maharashtra,Kalyan,"Khadakpada, Kalyan - MPCB",2026-07-06 10:00:00,19.25292,73.142019,SO2,2.0,6.0,4.0,10,Monday,4.0,Good/Satisfactory
India,Maharashtra,Kalyan,"Khadakpada, Kalyan - MPCB",2026-07-06 10:00:00,19.25292,73.142019,OZONE,8.0,8.0,8.0,10,Monday,0.0,Good/Satisfactory
India,Maharashtra,Kalyan,"Pimpleshwar Mandir, Kalyan - MPCB",2026-07-06 10:00:00,19.192056,72.9585188,NO2,7.0,17.0,12.0,10,Monday,10.0,Good/Satisfactory
India,Maharashtra,Kolhapur,"Sinchan Bhavan, Kolhapur - MPCB",2026-07-06 10:00:00,16.7143745,74.2426398,NO2,13.0,17.0,15.0,10,Monday,4.0,Good/Satisfactory
India,Maharashtra,Kolhapur,"Sinchan Bhavan, Kolhapur - MPCB",2026-07-06 10:00:00,16.7143745,74.2426398,NH3,2.0,2.0,2.0,10,Monday,0.0,Good/Satisfactory
India,Maharashtra,Kolhapur,"Sinchan Bhavan, Kolhapur - MPCB",2026-07-06 10:00:00,16.7143745,74.2426398,OZONE,28.0,44.0,33.0,10,Monday,16.0,Good/Satisfactory
India,Maharashtra,Kolhapur,"Shivaji University, Kolhapur - MPCB",2026-07-06 10:00:00,16.6870449,74.2505872,PM10,18.0,39.0,23.0,10,Monday,21.0,Good/Satisfactory
India,Maharashtra,Latur,"Sawe Wadi, Latur - MPCB",2026-07-06 10:00:00,18.39963,76.57452,PM2.5,9.0,22.0,14.0,10,Monday,13.0,Good/Satisfactory
India,Madhya Pradesh,Indore,"Regional Park, Indore - IMC",2026-07-06 10:00:00,22.678,75.8559,PM10,6.0,36.0,18.0,10,Monday,30.0,Good/Satisfactory
India,Madhya Pradesh,Indore,"Regional Park, Indore - IMC",2026-07-06 10:00:00,22.678,75.8559,NO2,12.0,33.0,18.0,10,Monday,21.0,Good/Satisfactory
India,Madhya Pradesh,Indore,"Maguda Nagar, Indore - IMC",2026-07-06 10:00:00,22.7524,75.8872,NO2,2.0,3.0,3.0,10,Monday,1.0,Good/Satisfactory
India,Madhya Pradesh,Katni,"Gole Bazar, Katni - MPPCB",2026-07-06 10:00:00,23.50016,80.23284,PM10,12.0,59.0,34.0,10,Monday,47.0,Good/Satisfactory
India,Madhya Pradesh,Katni,"Gole Bazar, Katni - MPPCB",2026-07-06 10:00:00,23.50016,80.23284,OZONE,25.0,34.0,30.0,10,Monday,9.0,Good/Satisfactory
India,Madhya Pradesh,Maihar,"Sahilara, Maihar - KJS Cements",2026-07-06 10:00:00,24.2613009,80.7231783,CO,21.0,24.0,22.0,10,Monday,3.0,Good/Satisfactory
India,Madhya Pradesh,Maihar,"Sahilara, Maihar - KJS Cements",2026-07-06 10:00:00,24.2613009,80.7231783,OZONE,16.5,34.0,25.0,10,Monday,17.5,Good/Satisfactory
India,Madhya Pradesh,Mandideep,"Sector-D Industrial Area, Mandideep - MPPCB",2026-07-06 10:00:00,23.10844,77.511428,PM2.5,14.0,94.0,50.0,10,Monday,80.0,Moderate
India,Madhya Pradesh,Mandideep,"Sector-D Industrial Area, Mandideep - MPPCB",2026-07-06 10:00:00,23.10844,77.511428,SO2,4.0,65.0,20.0,10,Monday,61.0,Good/Satisfactory
India,Madhya Pradesh,Mandideep,"Sector-D Industrial Area, Mandideep - MPPCB",2026-07-06 10:00:00,23.10844,77.511428,OZONE,25.0,34.0,29.0,10,Monday,9.0,Good/Satisfactory
India,Madhya Pradesh,Pithampur,"Sector-2 Industrial Area, Pithampur - MPPCB",2026-07-06 10:00:00,22.624758,75.675238,PM2.5,30.0,208.0,94.0,10,Monday,178.0,Poor/Severe
India,Madhya Pradesh,Pithampur,"Sector-2 Industrial Area, Pithampur - MPPCB",2026-07-06 10:00:00,22.624758,75.675238,NH3,3.0,5.0,4.0,10,Monday,2.0,Good/Satisfactory
India,Madhya Pradesh,Pithampur,"Sector-2 Industrial Area, Pithampur - MPPCB",2026-07-06 10:00:00,22.624758,75.675238,CO,20.0,47.0,34.0,10,Monday,27.0,Good/Satisfactory
India,Madhya Pradesh,Bhopal,"Idgah Hills, Bhopal - MPPCB",2026-07-06 10:00:00,23.264759,77.381568,NH3,2.0,3.0,3.0,10,Monday,1.0,Good/Satisfactory
India,Madhya Pradesh,Damoh,"Shrivastav Colony, Damoh - MPPCB",2026-07-06 10:00:00,23.81748678,79.446246,PM10,7.0,40.0,20.0,10,Monday,33.0,Good/Satisfactory
India,Madhya Pradesh,Dewas,"Bhopal Chauraha, Dewas - MPPCB",2026-07-06 10:00:00,22.9682591,76.064118,OZONE,11.0,115.0,26.0,10,Monday,104.0,Good/Satisfactory
India,Madhya Pradesh,Gwalior,"Deen Dayal Nagar, Gwalior - MPPCB",2026-07-06 10:00:00,26.259242,78.216432,PM2.5,2.0,52.0,19.0,10,Monday,50.0,Good/Satisfactory
India,Madhya Pradesh,Gwalior,"Deen Dayal Nagar, Gwalior - MPPCB",2026-07-06 10:00:00,26.259242,78.216432,NH3,4.0,33.0,7.0,10,Monday,29.0,Good/Satisfactory
India,Madhya Pradesh,Gwalior,"Deen Dayal Nagar, Gwalior - MPPCB",2026-07-06 10:00:00,26.259242,78.216432,CO,21.0,35.0,26.0,10,Monday,14.0,Good/Satisfactory
India,Madhya Pradesh,Gwalior,"Deen Dayal Nagar, Gwalior - MPPCB",2026-07-06 10:00:00,26.259242,78.216432,OZONE,40.0,44.0,42.0,10,Monday,4.0,Good/Satisfactory
India,Madhya Pradesh,Gwalior,"City Center, Gwalior - MPPCB",2026-07-06 10:00:00,26.203442,78.193251,PM2.5,5.0,43.0,21.0,10,Monday,38.0,Good/Satisfactory
India,Madhya Pradesh,Gwalior,"City Center, Gwalior - MPPCB",2026-07-06 10:00:00,26.203442,78.193251,NO2,5.0,16.0,9.0,10,Monday,11.0,Good/Satisfactory
India,Madhya Pradesh,Gwalior,"City Center, Gwalior - MPPCB",2026-07-06 10:00:00,26.203442,78.193251,CO,32.0,40.0,34.0,10,Monday,8.0,Good/Satisfactory
India,Madhya Pradesh,Gwalior,"Maharaj Bada, Gwalior - MPPCB",2026-07-06 10:00:00,26.200388,78.147714,NO2,34.0,71.0,56.0,10,Monday,37.0,Moderate
India,Maharashtra,Mumbai,"Chembur, Mumbai - MPCB",2026-07-06 10:00:00,19.0364585,72.8954371,OZONE,8.0,28.0,19.0,10,Monday,20.0,Good/Satisfactory
India,Maharashtra,Mumbai,"Khindipada-Bhandup West, Mumbai - IITM",2026-07-06 10:00:00,19.1653323,72.922099,NO2,3.0,11.0,6.0,10,Monday,8.0,Good/Satisfactory
India,Maharashtra,Nagpur,"Ram Nagar, Nagpur - MPCB",2026-07-06 10:00:00,21.143383,79.048912,NH3,3.0,6.0,5.0,10,Monday,3.0,Good/Satisfactory
India,Maharashtra,Nagpur,"Ambazari, Nagpur - MPCB",2026-07-06 10:00:00,21.121801,79.04952,PM2.5,7.0,69.0,34.0,10,Monday,62.0,Moderate
India,Maharashtra,Nagpur,"Ambazari, Nagpur - MPCB",2026-07-06 10:00:00,21.121801,79.04952,PM10,17.0,63.0,37.0,10,Monday,46.0,Good/Satisfactory
India,Maharashtra,Nagpur,"Ambazari, Nagpur - MPCB",2026-07-06 10:00:00,21.121801,79.04952,SO2,2.0,5.0,3.0,10,Monday,3.0,Good/Satisfactory
India,Maharashtra,Nagpur,"Opp GPO Civil Lines, Nagpur - MPCB",2026-07-06 10:00:00,21.152875,79.0517531,SO2,2.0,9.0,5.0,10,Monday,7.0,Good/Satisfactory
India,Maharashtra,Nashik,"MIDC Ambad, Nashik - MPCB",2026-07-06 10:00:00,19.95022,73.73148,SO2,0.0,7.0,3.0,10,Monday,7.0,Good/Satisfactory
India,Maharashtra,Nashik,"MIDC Ambad, Nashik - MPCB",2026-07-06 10:00:00,19.95022,73.73148,CO,9.0,25.0,16.0,10,Monday,16.0,Good/Satisfactory
India,Maharashtra,Nashik,"Gangapur Road, Nashik - MPCB",2026-07-06 10:00:00,20.0073285,73.7762427,OZONE,26.0,27.0,26.0,10,Monday,1.0,Good/Satisfactory
India,Maharashtra,Badlapur,"Katrap, Badlapur - MPCB",2026-07-06 10:00:00,19.16485,73.23409,PM2.5,8.0,30.0,19.0,10,Monday,22.0,Good/Satisfactory
India,Maharashtra,Beed,"Bir, Beed - MPCB",2026-07-06 10:00:00,18.988474,75.753873,SO2,1.0,4.0,2.0,10,Monday,3.0,Good/Satisfactory
India,Maharashtra,Belapur,"CBD Belapur, Belapur - MPCB",2026-07-06 10:00:00,19.0243902,73.0406721,NH3,1.0,5.0,2.0,10,Monday,4.0,Good/Satisfactory
India,Maharashtra,Belapur,"CBD Belapur, Belapur - MPCB",2026-07-06 10:00:00,19.0243902,73.0406721,CO,2.0,9.0,6.0,10,Monday,7.0,Good/Satisfactory
India,Maharashtra,Bhiwandi,"Gokul Nagar, Bhiwandi - MPCB",2026-07-06 10:00:00,19.309073,73.057223,NO2,13.0,29.0,22.0,10,Monday,16.0,Good/Satisfactory
India,Maharashtra,Bhiwandi,"Gokul Nagar, Bhiwandi - MPCB",2026-07-06 10:00:00,19.309073,73.057223,NH3,6.0,10.0,8.0,10,Monday,4.0,Good/Satisfactory
India,Maharashtra,Bhiwandi,"Gokul Nagar, Bhiwandi - MPCB",2026-07-06 10:00:00,19.309073,73.057223,CO,12.0,17.0,14.0,10,Monday,5.0,Good/Satisfactory
India,Maharashtra,Chandrapur,"Chauhan Colony, Chandrapur - MPCB",2026-07-06 10:00:00,19.9629,79.298714,PM2.5,8.0,54.0,18.0,10,Monday,46.0,Good/Satisfactory
India,Maharashtra,Chandrapur,"MIDC Khutala, Chandrapur - MPCB",2026-07-06 10:00:00,19.9775302,79.2337086,NO2,7.0,17.0,12.0,10,Monday,10.0,Good/Satisfactory
India,Maharashtra,Dhule,"Deopur, Dhule - MPCB",2026-07-06 10:00:00,20.918946,74.776388,NO2,3.0,14.0,5.0,10,Monday,11.0,Good/Satisfactory
India,Maharashtra,Malegaon,"Mahesh Nagar, Malegaon - MPCB",2026-07-06 10:00:00,20.555712,74.529236,NH3,1.0,1.0,1.0,10,Monday,0.0,Good/Satisfactory
India,Maharashtra,Malegaon,"Mahesh Nagar, Malegaon - MPCB",2026-07-06 10:00:00,20.555712,74.529236,CO,9.0,22.0,15.0,10,Monday,13.0,Good/Satisfactory
India,Maharashtra,Mumbai,"Mazgaon, Mumbai - IITM",2026-07-06 10:00:00,18.96702,72.84214,PM2.5,19.0,35.0,24.0,10,Monday,16.0,Good/Satisfactory
India,Maharashtra,Mumbai,"Mazgaon, Mumbai - IITM",2026-07-06 10:00:00,18.96702,72.84214,NO2,11.0,23.0,16.0,10,Monday,12.0,Good/Satisfactory
India,Maharashtra,Mumbai,"Mazgaon, Mumbai - IITM",2026-07-06 10:00:00,18.96702,72.84214,SO2,3.0,9.0,6.0,10,Monday,6.0,Good/Satisfactory
India,Maharashtra,Mumbai,"Kandivali West, Mumbai - BMC",2026-07-06 10:00:00,19.215859,72.831718,PM10,33.0,35.0,34.0,10,Monday,2.0,Good/Satisfactory
India,Maharashtra,Mumbai,"Mindspace-Malad West, Mumbai - MPCB",2026-07-06 10:00:00,19.1878657,72.8304069,NO2,13.0,14.0,13.0,10,Monday,1.0,Good/Satisfactory
India,Maharashtra,Mumbai,"Shivaji Nagar, Mumbai - BMC",2026-07-06 10:00:00,19.060498,72.923356,PM10,8.0,24.0,15.0,10,Monday,16.0,Good/Satisfactory
India,Maharashtra,Mumbai,"Chakala-Andheri East, Mumbai - IITM",2026-07-06 10:00:00,19.11074,72.86084,NO2,5.0,11.0,8.0,10,Monday,6.0,Good/Satisfactory
India,Maharashtra,Mumbai,"Chakala-Andheri East, Mumbai - IITM",2026-07-06 10:00:00,19.11074,72.86084,OZONE,25.0,31.0,27.0,10,Monday,6.0,Good/Satisfactory
India,Maharashtra,Mumbai,"Borivali East, Mumbai - IITM",2026-07-06 10:00:00,19.23241,72.86895,PM2.5,11.0,47.0,29.0,10,Monday,36.0,Good/Satisfactory
India,Maharashtra,Mumbai,"Borivali East, Mumbai - IITM",2026-07-06 10:00:00,19.23241,72.86895,NH3,2.0,4.0,3.0,10,Monday,2.0,Good/Satisfactory
India,Odisha,Tensa,"Barsua Iron Ore Mines, Tensa - OSPCB",2026-07-06 10:00:00,21.869985,85.167016,NO2,8.0,16.0,12.0,10,Monday,8.0,Good/Satisfactory
India,Odisha,Tensa,"Barsua Iron Ore Mines, Tensa - OSPCB",2026-07-06 10:00:00,21.869985,85.167016,SO2,33.0,51.0,38.0,10,Monday,18.0,Good/Satisfactory
India,Puducherry,Puducherry,"Jawahar Nagar, Puducherry - PPCC",2026-07-06 10:00:00,11.9309,79.8027,PM10,24.0,60.0,37.0,10,Monday,36.0,Good/Satisfactory
India,Puducherry,Puducherry,"Jawahar Nagar, Puducherry - PPCC",2026-07-06 10:00:00,11.9309,79.8027,SO2,3.0,11.0,7.0,10,Monday,8.0,Good/Satisfactory
India,Puducherry,Puducherry,"Jawahar Nagar, Puducherry - PPCC",2026-07-06 10:00:00,11.9309,79.8027,CO,13.0,20.0,16.0,10,Monday,7.0,Good/Satisfactory
India,Punjab,Amritsar,"Golden Temple, Amritsar - PPCB",2026-07-06 10:00:00,31.62,74.876512,PM10,95.0,110.0,100.0,10,Monday,15.0,Moderate
India,Punjab,Amritsar,"Golden Temple, Amritsar - PPCB",2026-07-06 10:00:00,31.62,74.876512,OZONE,24.0,24.0,24.0,10,Monday,0.0,Good/Satisfactory
India,Punjab,Bathinda,"Hardev Nagar, Bathinda - PPCB",2026-07-06 10:00:00,30.233011,74.907758,PM2.5,10.0,59.0,36.0,10,Monday,49.0,Moderate
India,Punjab,Bathinda,"Hardev Nagar, Bathinda - PPCB",2026-07-06 10:00:00,30.233011,74.907758,CO,77.0,79.0,78.0,10,Monday,2.0,Moderate
India,Punjab,Bathinda,"Hardev Nagar, Bathinda - PPCB",2026-07-06 10:00:00,30.233011,74.907758,OZONE,24.0,38.0,24.0,10,Monday,14.0,Good/Satisfactory
India,Punjab,Jalandhar,"Civil Line, Jalandhar - PPCB",2026-07-06 10:00:00,31.321907,75.578914,PM10,50.0,67.0,59.0,10,Monday,17.0,Moderate
India,Punjab,Khanna,"Kalal Majra, Khanna - PPCB",2026-07-06 10:00:00,30.736056,76.209694,NH3,7.0,8.0,7.0,10,Monday,1.0,Good/Satisfactory
India,Punjab,Khanna,"Kalal Majra, Khanna - PPCB",2026-07-06 10:00:00,30.736056,76.209694,CO,50.0,56.0,53.0,10,Monday,6.0,Moderate
India,Punjab,Mandi Gobindgarh,"RIMT University, Mandi Gobindgarh - PPCB",2026-07-06 10:00:00,30.649961,76.331442,OZONE,25.0,38.0,28.0,10,Monday,13.0,Good/Satisfactory
India,Punjab,Patiala,"Model Town, Patiala - PPCB",2026-07-06 10:00:00,30.349388,76.366642,PM10,15.0,74.0,36.0,10,Monday,59.0,Good/Satisfactory
India,Punjab,Patiala,"Model Town, Patiala - PPCB",2026-07-06 10:00:00,30.349388,76.366642,SO2,6.0,11.0,9.0,10,Monday,5.0,Good/Satisfactory
India,Punjab,Rupnagar,"Ratanpura, Rupnagar - Ambuja Cements",2026-07-06 10:00:00,31.0325454,76.5623046,PM2.5,36.0,323.0,90.0,10,Monday,287.0,Poor/Severe
India,Punjab,Rupnagar,"Ratanpura, Rupnagar - Ambuja Cements",2026-07-06 10:00:00,31.0325454,76.5623046,NO2,9.0,46.0,27.0,10,Monday,37.0,Good/Satisfactory
India,Rajasthan,Ajmer,"Civil Lines,  Ajmer - RSPCB",2026-07-06 10:00:00,26.470859,74.646594,PM2.5,12.0,67.0,34.0,10,Monday,55.0,Moderate
India,Rajasthan,Alwar,"Moti Doongri, Alwar - RSPCB",2026-07-06 10:00:00,27.554793,76.611536,PM10,57.0,104.0,78.0,10,Monday,47.0,Moderate
India,Rajasthan,Alwar,"Moti Doongri, Alwar - RSPCB",2026-07-06 10:00:00,27.554793,76.611536,CO,55.0,76.0,63.0,10,Monday,21.0,Moderate
India,Rajasthan,Banswara,"Rati Talai, Banswara - RSPCB",2026-07-06 10:00:00,23.55519,74.44001,CO,7.0,16.0,10.0,10,Monday,9.0,Good/Satisfactory
India,Rajasthan,Baran,"Bamboliya, Baran - RSPCB",2026-07-06 10:00:00,25.106006,76.469948,PM10,14.0,35.0,26.0,10,Monday,21.0,Good/Satisfactory
India,Rajasthan,Baran,"Bamboliya, Baran - RSPCB",2026-07-06 10:00:00,25.106006,76.469948,SO2,6.0,14.0,7.0,10,Monday,8.0,Good/Satisfactory
India,Rajasthan,Baran,"Bamboliya, Baran - RSPCB",2026-07-06 10:00:00,25.106006,76.469948,CO,42.0,49.0,45.0,10,Monday,7.0,Good/Satisfactory
India,Rajasthan,Bharatpur,"Krishna Nagar, Bharatpur - RSPCB",2026-07-06 10:00:00,27.215415,77.50873,PM2.5,2.0,48.0,19.0,10,Monday,46.0,Good/Satisfactory
India,Rajasthan,Bharatpur,"Krishna Nagar, Bharatpur - RSPCB",2026-07-06 10:00:00,27.215415,77.50873,PM10,8.0,114.0,39.0,10,Monday,106.0,Good/Satisfactory
India,Rajasthan,Bharatpur,"Krishna Nagar, Bharatpur - RSPCB",2026-07-06 10:00:00,27.215415,77.50873,OZONE,4.0,34.0,15.0,10,Monday,30.0,Good/Satisfactory
India,Rajasthan,Bhilwara,"Pratap Nagar, Bhilwara - RSPCB",2026-07-06 10:00:00,25.339605,74.618883,NO2,9.0,20.0,14.0,10,Monday,11.0,Good/Satisfactory
India,Rajasthan,Bhilwara,"Pratap Nagar, Bhilwara - RSPCB",2026-07-06 10:00:00,25.339605,74.618883,NH3,2.0,4.0,3.0,10,Monday,2.0,Good/Satisfactory
India,Rajasthan,Bhilwara,"Pratap Nagar, Bhilwara - RSPCB",2026-07-06 10:00:00,25.339605,74.618883,OZONE,32.0,40.0,37.0,10,Monday,8.0,Good/Satisfactory
India,Rajasthan,Bhiwadi,"RIICO Ind. Area III, Bhiwadi - RSPCB",2026-07-06 10:00:00,28.194909,76.862296,PM10,62.0,416.0,133.0,10,Monday,354.0,Poor/Severe
India,Rajasthan,Bhiwadi,"RIICO Ind. Area III, Bhiwadi - RSPCB",2026-07-06 10:00:00,28.194909,76.862296,OZONE,7.0,28.0,15.0,10,Monday,21.0,Good/Satisfactory
India,Rajasthan,Bhiwadi,"Vasundhara Nagar_UIT, Bhiwadi - RSPCB",2026-07-06 10:00:00,28.207266,76.829265,PM2.5,32.0,166.0,69.0,10,Monday,134.0,Poor/Severe
India,Rajasthan,Bhiwadi,"Vasundhara Nagar_UIT, Bhiwadi - RSPCB",2026-07-06 10:00:00,28.207266,76.829265,OZONE,2.0,30.0,12.0,10,Monday,28.0,Good/Satisfactory
India,Rajasthan,Bikaner,"MM Ground, Bikaner - RSPCB",2026-07-06 10:00:00,28.018792,73.292658,PM10,55.0,225.0,136.0,10,Monday,170.0,Poor/Severe
India,Maharashtra,Navi Mumbai,"Sector-2E Kalamboli, Navi Mumbai - MPCB",2026-07-06 10:00:00,19.02579,73.10297,CO,10.0,14.0,13.0,10,Monday,4.0,Good/Satisfactory
India,Maharashtra,Navi Mumbai,"Kopripada-Vashi, Navi Mumbai - MPCB",2026-07-06 10:00:00,19.090337,73.014232,NO2,8.0,13.0,10.0,10,Monday,5.0,Good/Satisfactory
India,Maharashtra,Navi Mumbai,"Kopripada-Vashi, Navi Mumbai - MPCB",2026-07-06 10:00:00,19.090337,73.014232,SO2,2.0,2.0,2.0,10,Monday,0.0,Good/Satisfactory
India,Maharashtra,Navi Mumbai,"Kopripada-Vashi, Navi Mumbai - MPCB",2026-07-06 10:00:00,19.090337,73.014232,OZONE,15.0,15.0,15.0,10,Monday,0.0,Good/Satisfactory
India,Maharashtra,Pimpri-Chinchwad,"Transport Nagar-Nigdi, Pune - IITM",2026-07-06 10:00:00,18.664282,73.763966,NO2,14.0,36.0,21.0,10,Monday,22.0,Good/Satisfactory
India,Maharashtra,Pimpri-Chinchwad,"Transport Nagar-Nigdi, Pune - IITM",2026-07-06 10:00:00,18.664282,73.763966,CO,34.0,36.0,35.0,10,Monday,2.0,Good/Satisfactory
India,Maharashtra,Pimpri-Chinchwad,"Bhosari, Pune - IITM",2026-07-06 10:00:00,18.640051,73.848956,NH3,2.0,4.0,3.0,10,Monday,2.0,Good/Satisfactory
India,Maharashtra,Pimpri-Chinchwad,"Park Street Wakad, Pimpri Chinchwad - MPCB",2026-07-06 10:00:00,18.59051,73.77946,NO2,7.0,17.0,12.0,10,Monday,10.0,Good/Satisfactory
India,Maharashtra,Pimpri-Chinchwad,"Park Street Wakad, Pimpri Chinchwad - MPCB",2026-07-06 10:00:00,18.59051,73.77946,CO,10.0,13.0,12.0,10,Monday,3.0,Good/Satisfactory
India,Maharashtra,Pimpri-Chinchwad,"Savta Mali Nagar, Pimpri-Chinchwad - IITM",2026-07-06 10:00:00,18.614767,73.799516,NH3,2.0,4.0,3.0,10,Monday,2.0,Good/Satisfactory
India,Maharashtra,Pimpri-Chinchwad,"Savta Mali Nagar, Pimpri-Chinchwad - IITM",2026-07-06 10:00:00,18.614767,73.799516,SO2,2.0,6.0,4.0,10,Monday,4.0,Good/Satisfactory
India,Maharashtra,Pimpri-Chinchwad,"Savta Mali Nagar, Pimpri-Chinchwad - IITM",2026-07-06 10:00:00,18.614767,73.799516,CO,4.0,16.0,9.0,10,Monday,12.0,Good/Satisfactory
India,Maharashtra,Pimpri-Chinchwad,"Thergaon, Pimpri Chinchwad - MPCB",2026-07-06 10:00:00,18.616318,73.765797,PM2.5,11.0,103.0,31.0,10,Monday,92.0,Moderate
India,Maharashtra,Pimpri-Chinchwad,"Thergaon, Pimpri Chinchwad - MPCB",2026-07-06 10:00:00,18.616318,73.765797,PM10,46.0,77.0,54.0,10,Monday,31.0,Moderate
India,Maharashtra,Pimpri-Chinchwad,"Thergaon, Pimpri Chinchwad - MPCB",2026-07-06 10:00:00,18.616318,73.765797,OZONE,8.0,10.0,9.0,10,Monday,2.0,Good/Satisfactory
India,Maharashtra,Pune,"Mhada Colony, Pune - IITM",2026-07-06 10:00:00,18.57304,73.927715,NO2,21.0,47.0,32.0,10,Monday,26.0,Good/Satisfactory
India,Odisha,Brajrajnagar,"GM Office, Brajrajnagar - OSPCB",2026-07-06 10:00:00,21.8004996,83.8396977,CO,34.0,41.0,38.0,10,Monday,7.0,Good/Satisfactory
India,Odisha,Byasanagar,"Ferro Chrome Colony, Byasanagar - OSPCB",2026-07-06 10:00:00,20.94185,86.1151,NO2,6.0,16.0,8.0,10,Monday,10.0,Good/Satisfactory
India,Odisha,Byasanagar,"Ferro Chrome Colony, Byasanagar - OSPCB",2026-07-06 10:00:00,20.94185,86.1151,NH3,0.0,1.0,1.0,10,Monday,1.0,Good/Satisfactory
India,Odisha,Byasanagar,"Ferro Chrome Colony, Byasanagar - OSPCB",2026-07-06 10:00:00,20.94185,86.1151,CO,27.0,68.0,46.0,10,Monday,41.0,Good/Satisfactory
India,Odisha,Cuttack,"CDA Area, Cuttack - OSPCB",2026-07-06 10:00:00,20.48891,85.84768,PM2.5,15.0,35.0,25.0,10,Monday,20.0,Good/Satisfactory
India,Odisha,Cuttack,"CDA Area, Cuttack - OSPCB",2026-07-06 10:00:00,20.48891,85.84768,PM10,13.0,59.0,35.0,10,Monday,46.0,Good/Satisfactory
India,Odisha,Keonjhar,"Jagamohanpur, Keonjhar - OSPCB",2026-07-06 10:00:00,21.6439,85.599355,PM10,21.0,29.0,24.0,10,Monday,8.0,Good/Satisfactory
India,Odisha,Rourkela,"Raghunathpali, Rourkela - OSPCB",2026-07-06 10:00:00,22.220833,84.809444,PM10,14.0,49.0,31.0,10,Monday,35.0,Good/Satisfactory
India,Odisha,Rourkela,"Raghunathpali, Rourkela - OSPCB",2026-07-06 10:00:00,22.220833,84.809444,CO,22.0,60.0,42.0,10,Monday,38.0,Good/Satisfactory
India,Odisha,Rourkela,"Sector-2, Rourkela - OSPCB",2026-07-06 10:00:00,22.245,84.88111111,PM2.5,34.0,55.0,44.0,10,Monday,21.0,Moderate
India,Odisha,Rourkela,"Sector-2, Rourkela - OSPCB",2026-07-06 10:00:00,22.245,84.88111111,OZONE,17.0,21.0,18.5,10,Monday,4.0,Good/Satisfactory
India,Odisha,Suakati,"OMC Colony, Suakati - OSPCB",2026-07-06 10:00:00,21.606865,85.510538,NO2,17.0,18.0,18.0,10,Monday,1.0,Good/Satisfactory
India,Odisha,Suakati,"OMC Colony, Suakati - OSPCB",2026-07-06 10:00:00,21.606865,85.510538,NH3,3.0,3.0,3.0,10,Monday,0.0,Good/Satisfactory
India,Odisha,Suakati,"OMC Colony, Suakati - OSPCB",2026-07-06 10:00:00,21.606865,85.510538,OZONE,12.0,21.0,17.0,10,Monday,9.0,Good/Satisfactory
India,Odisha,Talcher,"Talcher Coalfields,Talcher - OSPCB",2026-07-06 10:00:00,20.9360711,85.1707021,SO2,26.0,38.0,32.0,10,Monday,12.0,Good/Satisfactory
India,Rajasthan,Bikaner,"MM Ground, Bikaner - RSPCB",2026-07-06 10:00:00,28.018792,73.292658,NH3,2.0,3.0,2.0,10,Monday,1.0,Good/Satisfactory
India,Rajasthan,Bikaner,"MM Ground, Bikaner - RSPCB",2026-07-06 10:00:00,28.018792,73.292658,SO2,1.0,6.0,3.0,10,Monday,5.0,Good/Satisfactory
India,Rajasthan,Bikaner,"MM Ground, Bikaner - RSPCB",2026-07-06 10:00:00,28.018792,73.292658,CO,11.0,60.0,32.0,10,Monday,49.0,Good/Satisfactory
India,Rajasthan,Bundi,"New Colony, Bundi - RSPCB",2026-07-06 10:00:00,25.435774,75.644272,PM10,16.0,500.0,256.0,10,Monday,484.0,Poor/Severe
India,Rajasthan,Churu,"Subash Chowk, Churu - RSPCB",2026-07-06 10:00:00,28.296139,74.961696,SO2,3.0,4.0,4.0,10,Monday,1.0,Good/Satisfactory
India,Rajasthan,Dausa,"Khatikan Mohalla, Dausa - RSPCB",2026-07-06 10:00:00,26.895552,76.334753,PM2.5,3.0,25.0,16.0,10,Monday,22.0,Good/Satisfactory
India,Rajasthan,Dausa,"Khatikan Mohalla, Dausa - RSPCB",2026-07-06 10:00:00,26.895552,76.334753,PM10,8.0,57.0,36.0,10,Monday,49.0,Good/Satisfactory
India,Rajasthan,Dholpur,"Raja Ganj, Dholpur - RSPCB",2026-07-06 10:00:00,26.699557,77.898881,PM10,11.0,291.0,59.0,10,Monday,280.0,Moderate
India,Rajasthan,Hanumangarh,"Housing Board, Hanumangarh - RSPCB",2026-07-06 10:00:00,29.61075,74.283608,NO2,3.0,11.0,6.0,10,Monday,8.0,Good/Satisfactory
India,Rajasthan,Hanumangarh,"Housing Board, Hanumangarh - RSPCB",2026-07-06 10:00:00,29.61075,74.283608,OZONE,5.0,13.0,9.0,10,Monday,8.0,Good/Satisfactory
India,Rajasthan,Jaipur,"Mansarovar Sector-12, Jaipur - RSPCB",2026-07-06 10:00:00,26.843698,75.766894,NH3,9.0,11.0,10.0,10,Monday,2.0,Good/Satisfactory
India,Rajasthan,Jaipur,"Sector-2 Murlipura, Jaipur - RSPCB",2026-07-06 10:00:00,26.960669,75.771817,SO2,1.0,6.0,3.0,10,Monday,5.0,Good/Satisfactory
India,Rajasthan,Jaipur,"Sector-2 Murlipura, Jaipur - RSPCB",2026-07-06 10:00:00,26.960669,75.771817,OZONE,14.0,28.0,20.0,10,Monday,14.0,Good/Satisfactory
India,Rajasthan,Jaipur,"Police Commissionerate, Jaipur - RSPCB",2026-07-06 10:00:00,26.9164092,75.7994901,PM2.5,12.0,67.0,34.0,10,Monday,55.0,Moderate
India,Meghalaya,Shillong,"JN Stadium, Shillong - Meghalaya PCB",2026-07-06 10:00:00,25.5803419,91.8942571,OZONE,7.0,8.0,8.0,10,Monday,1.0,Good/Satisfactory
India,Mizoram,Aizawl,"Sikulpuikawn, Aizawl - Mizoram PCB",2026-07-06 10:00:00,23.7176342,92.7192841,PM10,1.0,34.0,7.0,10,Monday,33.0,Good/Satisfactory
India,Mizoram,Aizawl,"Sikulpuikawn, Aizawl - Mizoram PCB",2026-07-06 10:00:00,23.7176342,92.7192841,NH3,0.0,0.0,0.0,10,Monday,0.0,Good/Satisfactory
India,Nagaland,Kohima,"PWD Junction, Kohima - NPCB",2026-07-06 10:00:00,25.6635413,94.0989878,NH3,0.0,1.0,1.0,10,Monday,1.0,Good/Satisfactory
India,Nagaland,Kohima,"PWD Junction, Kohima - NPCB",2026-07-06 10:00:00,25.6635413,94.0989878,SO2,45.0,62.0,53.0,10,Monday,17.0,Moderate
India,Odisha,Angul,"Hakimapada, Angul - OSPCB",2026-07-06 10:00:00,20.832874,85.104082,NO2,7.0,14.0,9.0,10,Monday,7.0,Good/Satisfactory
India,Odisha,Balasore,"Kalidaspur, Balasore - OSPCB",2026-07-06 10:00:00,21.51161,86.89088,NH3,2.0,72.0,13.0,10,Monday,70.0,Good/Satisfactory
India,Odisha,Barbil,"Forest Office, Barbil - OSPCB",2026-07-06 10:00:00,22.1166054,85.3945546,SO2,5.0,9.0,7.0,10,Monday,4.0,Good/Satisfactory
India,Odisha,Baripada,"Meher Colony, Baripada - OSPCB",2026-07-06 10:00:00,21.941841,86.728318,NO2,3.0,28.0,12.0,10,Monday,25.0,Good/Satisfactory
India,Odisha,Baripada,"Meher Colony, Baripada - OSPCB",2026-07-06 10:00:00,21.941841,86.728318,SO2,4.0,11.0,7.0,10,Monday,7.0,Good/Satisfactory
India,Odisha,Bhubaneswar,"Patia, Bhubaneswar - OSPCB",2026-07-06 10:00:00,20.34652,85.8163,OZONE,23.0,41.0,31.0,10,Monday,18.0,Good/Satisfactory
India,Odisha,Bileipada,"Tata Township, Bileipada - OSPCB",2026-07-06 10:00:00,22.06156703,85.47409613,NH3,5.0,5.0,5.0,10,Monday,0.0,Good/Satisfactory
India,Odisha,Bileipada,"Tata Township, Bileipada - OSPCB",2026-07-06 10:00:00,22.06156703,85.47409613,SO2,10.0,11.0,11.0,10,Monday,1.0,Good/Satisfactory
India,Maharashtra,Solapur,"Dnyaneshwar Nagar, Solapur - MPCB",2026-07-06 10:00:00,17.6336264,75.9132495,PM2.5,10.0,33.0,18.0,10,Monday,23.0,Good/Satisfactory
India,Maharashtra,Solapur,"Dnyaneshwar Nagar, Solapur - MPCB",2026-07-06 10:00:00,17.6336264,75.9132495,PM10,20.0,32.0,25.0,10,Monday,12.0,Good/Satisfactory
India,Maharashtra,Solapur,"Dnyaneshwar Nagar, Solapur - MPCB",2026-07-06 10:00:00,17.6336264,75.9132495,SO2,2.0,6.0,4.0,10,Monday,4.0,Good/Satisfactory
India,Maharashtra,Solapur,"Dnyaneshwar Nagar, Solapur - MPCB",2026-07-06 10:00:00,17.6336264,75.9132495,OZONE,9.0,13.0,11.0,10,Monday,4.0,Good/Satisfactory
India,Maharashtra,Solapur,"Ratandeep Housing Society, Solapur - MPCB",2026-07-06 10:00:00,17.65439,75.90649,PM2.5,7.0,19.0,13.0,10,Monday,12.0,Good/Satisfactory
India,Maharashtra,Solapur,"Ratandeep Housing Society, Solapur - MPCB",2026-07-06 10:00:00,17.65439,75.90649,NH3,2.0,7.0,4.0,10,Monday,5.0,Good/Satisfactory
India,Maharashtra,Thane,"Upvan Fort, Thane - MPCB",2026-07-06 10:00:00,19.222279,72.957979,PM2.5,14.0,17.0,14.0,10,Monday,3.0,Good/Satisfactory
India,Maharashtra,Thane,"Upvan Fort, Thane - MPCB",2026-07-06 10:00:00,19.222279,72.957979,NO2,15.0,26.0,17.0,10,Monday,11.0,Good/Satisfactory
India,Maharashtra,Ulhasnagar,"Vithalwadi, Ulhasnagar - MPCB",2026-07-06 10:00:00,19.2307571,73.155192,NO2,5.0,15.0,9.0,10,Monday,10.0,Good/Satisfactory
India,Maharashtra,Ulhasnagar,"Vithalwadi, Ulhasnagar - MPCB",2026-07-06 10:00:00,19.2307571,73.155192,SO2,3.0,5.0,4.0,10,Monday,2.0,Good/Satisfactory
India,Meghalaya,Shillong,"Lumpyngngad, Shillong - Meghalaya PCB",2026-07-06 10:00:00,25.5586,91.8985,NO2,0.0,1.0,0.0,10,Monday,1.0,Good/Satisfactory
India,Meghalaya,Shillong,"Lumpyngngad, Shillong - Meghalaya PCB",2026-07-06 10:00:00,25.5586,91.8985,SO2,10.0,12.0,11.0,10,Monday,2.0,Good/Satisfactory
India,Meghalaya,Shillong,"JN Stadium, Shillong - Meghalaya PCB",2026-07-06 10:00:00,25.5803419,91.8942571,PM2.5,11.0,25.0,18.0,10,Monday,14.0,Good/Satisfactory
India,Maharashtra,Nashik,"Hirawadi, Nashik - MPCB",2026-07-06 10:00:00,20.021503,73.813844,PM10,5.0,30.0,17.0,10,Monday,25.0,Good/Satisfactory
India,Maharashtra,Nashik,"Hirawadi, Nashik - MPCB",2026-07-06 10:00:00,20.021503,73.813844,NO2,1.0,7.0,3.0,10,Monday,6.0,Good/Satisfactory
India,Maharashtra,Nashik,"Hirawadi, Nashik - MPCB",2026-07-06 10:00:00,20.021503,73.813844,CO,27.0,60.0,39.0,10,Monday,33.0,Good/Satisfactory
India,Maharashtra,Nashik,"Hirawadi, Nashik - MPCB",2026-07-06 10:00:00,20.021503,73.813844,OZONE,9.0,27.0,17.0,10,Monday,18.0,Good/Satisfactory
India,Maharashtra,Navi Mumbai,"Mahape, Navi Mumbai - MPCB",2026-07-06 10:00:00,19.1135051,73.008978,PM10,6.0,32.0,17.0,10,Monday,26.0,Good/Satisfactory
India,Maharashtra,Navi Mumbai,"Mahape, Navi Mumbai - MPCB",2026-07-06 10:00:00,19.1135051,73.008978,NO2,43.0,44.0,43.0,10,Monday,1.0,Good/Satisfactory
India,Maharashtra,Navi Mumbai,"Mahape, Navi Mumbai - MPCB",2026-07-06 10:00:00,19.1135051,73.008978,SO2,17.0,18.0,18.0,10,Monday,1.0,Good/Satisfactory
India,Maharashtra,Navi Mumbai,"Mahape, Navi Mumbai - MPCB",2026-07-06 10:00:00,19.1135051,73.008978,OZONE,19.0,37.0,25.0,10,Monday,18.0,Good/Satisfactory
India,Maharashtra,Navi Mumbai,"Tondare-Taloja, Navi Mumbai - MPCB",2026-07-06 10:00:00,19.063,73.1209,CO,11.5,20.0,14.5,10,Monday,8.5,Good/Satisfactory
India,Maharashtra,Navi Mumbai,"Sanpada, Navi Mumbai - MPCB",2026-07-06 10:00:00,19.0575752,73.0151367,OZONE,18.0,20.0,19.0,10,Monday,2.0,Good/Satisfactory
India,Maharashtra,Navi Mumbai,"Sector-2E Kalamboli, Navi Mumbai - MPCB",2026-07-06 10:00:00,19.02579,73.10297,NO2,11.0,18.0,13.0,10,Monday,7.0,Good/Satisfactory
India,Maharashtra,Pune,"Katraj Dairy, Pune - MPCB",2026-07-06 10:00:00,18.45445,73.854155,NH3,1.0,2.0,1.0,10,Monday,1.0,Good/Satisfactory
India,Maharashtra,Pune,"Hadapsar, Pune - IITM",2026-07-06 10:00:00,18.501793,73.927532,NO2,25.0,67.0,42.0,10,Monday,42.0,Good/Satisfactory
India,Maharashtra,Pune,"Hadapsar, Pune - IITM",2026-07-06 10:00:00,18.501793,73.927532,CO,33.0,105.0,51.0,10,Monday,72.0,Moderate
India,Maharashtra,Pune,"Hadapsar, Pune - IITM",2026-07-06 10:00:00,18.501793,73.927532,OZONE,2.0,5.0,4.0,10,Monday,3.0,Good/Satisfactory
India,Maharashtra,Pune,"Revenue Colony-Shivajinagar, Pune - IITM",2026-07-06 10:00:00,18.530085,73.849598,PM10,16.0,16.0,16.0,10,Monday,0.0,Good/Satisfactory
India,Maharashtra,Pune,"Revenue Colony-Shivajinagar, Pune - IITM",2026-07-06 10:00:00,18.530085,73.849598,SO2,3.0,20.0,14.0,10,Monday,17.0,Good/Satisfactory
India,Maharashtra,Pune,"Revenue Colony-Shivajinagar, Pune - IITM",2026-07-06 10:00:00,18.530085,73.849598,OZONE,4.0,6.0,5.0,10,Monday,2.0,Good/Satisfactory
India,Maharashtra,Sangli,"Vijay Nagar, Sangli - MPCB",2026-07-06 10:00:00,16.5038,74.3623,SO2,7.0,12.0,10.0,10,Monday,5.0,Good/Satisfactory
India,Maharashtra,Satara," Koyana Nagar, Satara - MPCB",2026-07-06 10:00:00,17.696651,74.003387,NH3,1.0,1.0,1.0,10,Monday,0.0,Good/Satisfactory
India,Rajasthan,Jaipur,"Police Commissionerate, Jaipur - RSPCB",2026-07-06 10:00:00,26.9164092,75.7994901,NH3,4.0,10.0,7.0,10,Monday,6.0,Good/Satisfactory
India,Rajasthan,Jaipur,"Adarsh Nagar, Jaipur - RSPCB",2026-07-06 10:00:00,26.902909,75.836858,NO2,11.0,27.0,20.0,10,Monday,16.0,Good/Satisfactory
India,Rajasthan,Jaipur,"Adarsh Nagar, Jaipur - RSPCB",2026-07-06 10:00:00,26.902909,75.836858,SO2,9.0,33.0,24.0,10,Monday,24.0,Good/Satisfactory
India,Rajasthan,Jaipur,"Shastri Nagar, Jaipur - RSPCB",2026-07-06 10:00:00,26.9502929,75.730943,PM10,27.0,98.0,64.0,10,Monday,71.0,Moderate
India,Rajasthan,Jaipur,"Shastri Nagar, Jaipur - RSPCB",2026-07-06 10:00:00,26.9502929,75.730943,NO2,29.0,43.0,35.0,10,Monday,14.0,Good/Satisfactory
India,Rajasthan,Jaipur,"Shastri Nagar, Jaipur - RSPCB",2026-07-06 10:00:00,26.9502929,75.730943,NH3,6.0,10.0,8.0,10,Monday,4.0,Good/Satisfactory
India,Rajasthan,Jaipur,"RIICO Sitapura, Jaipur - RSPCB",2026-07-06 10:00:00,26.786682,75.827928,PM2.5,2.0,50.0,26.0,10,Monday,48.0,Good/Satisfactory
India,Rajasthan,Jaipur,"RIICO Sitapura, Jaipur - RSPCB",2026-07-06 10:00:00,26.786682,75.827928,CO,16.0,103.0,37.0,10,Monday,87.0,Good/Satisfactory
India,Rajasthan,Jaisalmer,"Sadar Bazar, Jaisalmer - RSPCB",2026-07-06 10:00:00,26.912329,70.909168,NH3,4.0,11.0,8.0,10,Monday,7.0,Good/Satisfactory
India,Rajasthan,Jhalawar,"Rajlaxmi Nagar, Jhalawar - RSPCB",2026-07-06 10:00:00,24.588397,76.172782,PM2.5,2.0,88.0,29.0,10,Monday,86.0,Good/Satisfactory
India,Rajasthan,Jhalawar,"Rajlaxmi Nagar, Jhalawar - RSPCB",2026-07-06 10:00:00,24.588397,76.172782,SO2,6.0,10.0,7.0,10,Monday,4.0,Good/Satisfactory
India,Rajasthan,Jhalawar,"Rajlaxmi Nagar, Jhalawar - RSPCB",2026-07-06 10:00:00,24.588397,76.172782,OZONE,18.0,33.0,25.0,10,Monday,15.0,Good/Satisfactory
India,Rajasthan,Jhunjhunu,"Indra Nagar, Jhunjhunu - RSPCB",2026-07-06 10:00:00,28.108988,75.386577,PM2.5,3.0,65.0,28.0,10,Monday,62.0,Good/Satisfactory
India,Rajasthan,Jhunjhunu,"Indra Nagar, Jhunjhunu - RSPCB",2026-07-06 10:00:00,28.108988,75.386577,CO,14.0,21.0,17.0,10,Monday,7.0,Good/Satisfactory
India,Rajasthan,Jodhpur,"Digari Kalan, Jodhpur - RSPCB",2026-07-06 10:00:00,26.29581,73.082283,SO2,1.0,4.0,3.0,10,Monday,3.0,Good/Satisfactory
India,Rajasthan,Jodhpur,"Samrat Ashok Udhyan, Jodhpur - RSPCB",2026-07-06 10:00:00,26.253384,72.976571,PM10,29.0,181.0,97.0,10,Monday,152.0,Moderate
India,Rajasthan,Jodhpur,"Samrat Ashok Udhyan, Jodhpur - RSPCB",2026-07-06 10:00:00,26.253384,72.976571,NH3,4.0,8.0,5.0,10,Monday,4.0,Good/Satisfactory
India,Rajasthan,Udaipur,"Ashok Nagar, Udaipur - RSPCB",2026-07-06 10:00:00,24.5886166,73.6321397,NO2,8.0,21.0,14.0,10,Monday,13.0,Good/Satisfactory
India,Rajasthan,Udaipur,"Ashok Nagar, Udaipur - RSPCB",2026-07-06 10:00:00,24.5886166,73.6321397,OZONE,3.0,13.0,7.0,10,Monday,10.0,Good/Satisfactory
India,Sikkim,Gangtok,"Zero Point GICI, Gangtok - SSPCB",2026-07-06 10:00:00,27.33853,88.614099,PM10,11.0,25.0,18.0,10,Monday,14.0,Good/Satisfactory
India,Sikkim,Gangtok,"Zero Point GICI, Gangtok - SSPCB",2026-07-06 10:00:00,27.33853,88.614099,OZONE,14.0,24.0,18.0,10,Monday,10.0,Good/Satisfactory
India,Tamil Nadu,Chennai,"Manali, Chennai - CPCB",2026-07-06 10:00:00,13.164544,80.26285,PM10,40.0,64.0,55.0,10,Monday,24.0,Moderate
India,Tamil Nadu,Chennai,"Manali, Chennai - CPCB",2026-07-06 10:00:00,13.164544,80.26285,NH3,6.0,7.0,6.0,10,Monday,1.0,Good/Satisfactory
India,Tamil Nadu,Chennai,"Manali, Chennai - CPCB",2026-07-06 10:00:00,13.164544,80.26285,SO2,5.0,9.0,6.0,10,Monday,4.0,Good/Satisfactory
India,Tamil Nadu,Chennai,"Manali Village, Chennai - TNPCB",2026-07-06 10:00:00,13.1662,80.2584,PM10,28.0,294.0,86.0,10,Monday,266.0,Moderate
India,Tamil Nadu,Chennai,"Manali Village, Chennai - TNPCB",2026-07-06 10:00:00,13.1662,80.2584,NH3,1.0,3.0,2.0,10,Monday,2.0,Good/Satisfactory
India,Tamil Nadu,Chennai,"Manali Village, Chennai - TNPCB",2026-07-06 10:00:00,13.1662,80.2584,SO2,15.0,18.0,17.0,10,Monday,3.0,Good/Satisfactory
India,Tamil Nadu,Chennai,"Kodungaiyur, Chennai - TNPCB",2026-07-06 10:00:00,13.1278,80.2642,PM10,34.0,103.0,63.0,10,Monday,69.0,Moderate
India,Tamil Nadu,Chennai,"Perungudi, Chennai - TNPCB",2026-07-06 10:00:00,12.9533,80.2357,NO2,3.0,7.0,5.0,10,Monday,4.0,Good/Satisfactory
India,Tamil Nadu,Chennai,"Royapuram, Chennai - TNPCB",2026-07-06 10:00:00,13.1036,80.2909,NO2,12.0,16.0,14.0,10,Monday,4.0,Good/Satisfactory
India,Rajasthan,Nagaur,"Karni Colony, Nagaur - RSPCB",2026-07-06 10:00:00,27.213494,73.734444,NO2,3.0,13.0,7.0,10,Monday,10.0,Good/Satisfactory
India,Rajasthan,Pratapgarh,"Pragati Nagar, Pratapgarh - RSPCB",2026-07-06 10:00:00,24.041198,74.780702,PM10,28.0,111.0,59.0,10,Monday,83.0,Moderate
India,Rajasthan,Pratapgarh,"Pragati Nagar, Pratapgarh - RSPCB",2026-07-06 10:00:00,24.041198,74.780702,NO2,7.0,38.0,15.0,10,Monday,31.0,Good/Satisfactory
India,Rajasthan,Pratapgarh,"Pragati Nagar, Pratapgarh - RSPCB",2026-07-06 10:00:00,24.041198,74.780702,OZONE,50.0,62.0,56.0,10,Monday,12.0,Moderate
India,Rajasthan,Rajsamand,"Dhoinda, Rajsamand - RSPCB",2026-07-06 10:00:00,25.03636,73.883502,PM2.5,2.0,47.0,24.0,10,Monday,45.0,Good/Satisfactory
India,Rajasthan,Sikar,"Radhakishan Pura, Sikar - RSPCB",2026-07-06 10:00:00,27.608912,75.153302,NO2,2.0,19.0,7.0,10,Monday,17.0,Good/Satisfactory
India,Rajasthan,Sikar,"Radhakishan Pura, Sikar - RSPCB",2026-07-06 10:00:00,27.608912,75.153302,NH3,11.0,61.0,18.0,10,Monday,50.0,Good/Satisfactory
India,Rajasthan,Sirohi,"Vedhaynath Colony, Sirohi - RSPCB",2026-07-06 10:00:00,24.885261,72.857549,NH3,1.0,6.0,2.0,10,Monday,5.0,Good/Satisfactory
India,Rajasthan,Sirohi,"Vedhaynath Colony, Sirohi - RSPCB",2026-07-06 10:00:00,24.885261,72.857549,OZONE,9.0,20.0,15.0,10,Monday,11.0,Good/Satisfactory
India,Rajasthan,Sri Ganganagar,"Old City, Sri Ganganagar - RSPCB",2026-07-06 10:00:00,29.931624,73.864511,SO2,1.0,3.0,1.0,10,Monday,2.0,Good/Satisfactory
India,Rajasthan,Tonk,"Shastri Nagar, Tonk - RSPCB",2026-07-06 10:00:00,26.159933,75.780517,NO2,1.0,23.0,10.0,10,Monday,22.0,Good/Satisfactory
India,Rajasthan,Tonk,"Shastri Nagar, Tonk - RSPCB",2026-07-06 10:00:00,26.159933,75.780517,SO2,1.0,2.0,1.0,10,Monday,1.0,Good/Satisfactory
India,Uttar Pradesh,Ghaziabad,"Vasundhara, Ghaziabad - UPPCB",2026-07-06 10:00:00,28.6603346,77.3572563,CO,7.0,30.0,18.0,10,Monday,23.0,Good/Satisfactory
India,Uttar Pradesh,Ghaziabad,"Loni, Ghaziabad - UPPCB",2026-07-06 10:00:00,28.757294,77.278792,SO2,12.0,20.0,15.0,10,Monday,8.0,Good/Satisfactory
India,Uttar Pradesh,Ghaziabad," Ved Vihar-Loni, Ghaziabad - UPPCB",2026-07-06 10:00:00,28.739153,77.273668,PM2.5,48.0,124.0,71.0,10,Monday,76.0,Poor/Severe
India,Uttar Pradesh,Ghaziabad," Ved Vihar-Loni, Ghaziabad - UPPCB",2026-07-06 10:00:00,28.739153,77.273668,SO2,6.0,7.0,7.0,10,Monday,1.0,Good/Satisfactory
India,Uttar Pradesh,Greater Noida,"Knowledge Park - III, Greater Noida - UPPCB",2026-07-06 10:00:00,28.47272,77.482,PM2.5,9.0,83.0,39.0,10,Monday,74.0,Moderate
India,Uttar Pradesh,Greater Noida,"Knowledge Park - III, Greater Noida - UPPCB",2026-07-06 10:00:00,28.47272,77.482,NH3,11.0,16.0,14.0,10,Monday,5.0,Good/Satisfactory
India,Uttar Pradesh,Jhansi,"Shivaji Nagar, Jhansi - UPPCB",2026-07-06 10:00:00,25.4547,78.6039,NO2,6.0,6.0,6.0,10,Monday,0.0,Good/Satisfactory
India,Uttar Pradesh,Jhansi,"Shivaji Nagar, Jhansi - UPPCB",2026-07-06 10:00:00,25.4547,78.6039,NH3,4.0,4.0,4.0,10,Monday,0.0,Good/Satisfactory
India,Uttar Pradesh,Kanpur,"Nehru Nagar, Kanpur - UPPCB",2026-07-06 10:00:00,26.4703136,80.3229863,NH3,5.0,6.0,6.0,10,Monday,1.0,Good/Satisfactory
India,Uttar Pradesh,Kanpur,"Nehru Nagar, Kanpur - UPPCB",2026-07-06 10:00:00,26.4703136,80.3229863,SO2,11.0,13.0,12.0,10,Monday,2.0,Good/Satisfactory
India,Uttar Pradesh,Kanpur,"Nehru Nagar, Kanpur - UPPCB",2026-07-06 10:00:00,26.4703136,80.3229863,OZONE,2.0,43.0,14.0,10,Monday,41.0,Good/Satisfactory
India,Tamil Nadu,Chennai,"Royapuram, Chennai - TNPCB",2026-07-06 10:00:00,13.1036,80.2909,CO,45.0,56.0,53.0,10,Monday,11.0,Moderate
India,Tamil Nadu,Chennai,"Royapuram, Chennai - TNPCB",2026-07-06 10:00:00,13.1036,80.2909,OZONE,27.0,35.0,31.0,10,Monday,8.0,Good/Satisfactory
India,Tamil Nadu,Coimbatore,"SIDCO Kurichi, Coimbatore - TNPCB",2026-07-06 10:00:00,10.942451,76.978996,PM2.5,13.0,13.0,13.0,10,Monday,0.0,Good/Satisfactory
India,Tamil Nadu,Coimbatore,"SIDCO Kurichi, Coimbatore - TNPCB",2026-07-06 10:00:00,10.942451,76.978996,CO,10.0,13.0,11.0,10,Monday,3.0,Good/Satisfactory
India,Tamil Nadu,Gummidipoondi,"Anthoni Pillai Nagar, Gummidipoondi - TNPCB",2026-07-06 10:00:00,13.4127,80.1081,NH3,0.0,1.0,1.0,10,Monday,1.0,Good/Satisfactory
India,Tamil Nadu,Gummidipoondi,"Anthoni Pillai Nagar, Gummidipoondi - TNPCB",2026-07-06 10:00:00,13.4127,80.1081,OZONE,20.0,20.0,20.0,10,Monday,0.0,Good/Satisfactory
India,Telangana,Hyderabad,"IDA Pashamylaram, Hyderabad - TSPCB",2026-07-06 10:00:00,17.5316895,78.218939,NH3,0.0,2.0,1.0,10,Monday,2.0,Good/Satisfactory
India,Telangana,Hyderabad,"IDA Pashamylaram, Hyderabad - TSPCB",2026-07-06 10:00:00,17.5316895,78.218939,SO2,1.0,20.0,7.0,10,Monday,19.0,Good/Satisfactory
India,Telangana,Hyderabad,"ECIL Kapra, Hyderabad - TSPCB",2026-07-06 10:00:00,17.470431,78.566959,PM10,56.0,63.0,59.0,10,Monday,7.0,Moderate
India,Telangana,Hyderabad,"Somajiguda, Hyderabad - TSPCB",2026-07-06 10:00:00,17.417094,78.457437,SO2,10.0,11.0,11.0,10,Monday,1.0,Good/Satisfactory
India,Uttar Pradesh,Agra,"Sanjay Palace, Agra - UPPCB",2026-07-06 10:00:00,27.19865833,78.00598056,PM10,5.0,293.0,111.0,10,Monday,288.0,Poor/Severe
India,Uttar Pradesh,Agra,"Sanjay Palace, Agra - UPPCB",2026-07-06 10:00:00,27.19865833,78.00598056,SO2,18.0,21.0,19.0,10,Monday,3.0,Good/Satisfactory
India,Uttar Pradesh,Agra,"Manoharpur, Agra - UPPCB",2026-07-06 10:00:00,27.23711,78.01936,SO2,38.0,41.0,39.0,10,Monday,3.0,Good/Satisfactory
India,Uttar Pradesh,Agra,"Manoharpur, Agra - UPPCB",2026-07-06 10:00:00,27.23711,78.01936,OZONE,6.0,6.0,6.0,10,Monday,0.0,Good/Satisfactory
India,Uttar Pradesh,Agra,"Sector-3B Avas Vikas Colony, Agra - UPPCB",2026-07-06 10:00:00,27.19412,77.96237,PM2.5,28.0,82.0,51.0,10,Monday,54.0,Moderate
India,Uttar Pradesh,Agra,"Sector-3B Avas Vikas Colony, Agra - UPPCB",2026-07-06 10:00:00,27.19412,77.96237,PM10,39.0,110.0,71.0,10,Monday,71.0,Moderate
India,Uttar Pradesh,Agra,"Shastripuram, Agra - UPPCB",2026-07-06 10:00:00,27.19862,77.92066,PM2.5,18.0,78.0,38.0,10,Monday,60.0,Moderate
India,Uttar Pradesh,Agra,"Shastripuram, Agra - UPPCB",2026-07-06 10:00:00,27.19862,77.92066,PM10,25.0,86.0,52.0,10,Monday,61.0,Moderate
India,Uttar Pradesh,Agra,"Shastripuram, Agra - UPPCB",2026-07-06 10:00:00,27.19862,77.92066,SO2,10.0,11.0,11.0,10,Monday,1.0,Good/Satisfactory
India,Uttar Pradesh,Agra,"Shahjahan Garden, Agra - UPPCB",2026-07-06 10:00:00,27.169338,78.03582,NO2,16.0,19.0,18.0,10,Monday,3.0,Good/Satisfactory
India,Uttar Pradesh,Agra,"Shahjahan Garden, Agra - UPPCB",2026-07-06 10:00:00,27.169338,78.03582,NH3,1.0,1.0,1.0,10,Monday,0.0,Good/Satisfactory
India,Telangana,Hyderabad,"Sanathnagar, Hyderabad - TSPCB",2026-07-06 10:00:00,17.4559458,78.4332152,NH3,3.0,3.5,3.0,10,Monday,0.5,Good/Satisfactory
India,Telangana,Hyderabad,"ICRISAT Patancheru, Hyderabad - TSPCB",2026-07-06 10:00:00,17.5184,78.278777,SO2,3.0,12.0,8.0,10,Monday,9.0,Good/Satisfactory
India,Telangana,Hyderabad,"ICRISAT Patancheru, Hyderabad - TSPCB",2026-07-06 10:00:00,17.5184,78.278777,CO,4.0,23.0,10.0,10,Monday,19.0,Good/Satisfactory
India,Telangana,Hyderabad,"IITH Kandi, Hyderabad - TSPCB",2026-07-06 10:00:00,17.585705,78.126199,OZONE,26.0,26.0,26.0,10,Monday,0.0,Good/Satisfactory
India,Telangana,Hyderabad,"Kompally Municipal Office, Hyderabad - TSPCB",2026-07-06 10:00:00,17.544899,78.486949,PM10,46.0,76.0,69.0,10,Monday,30.0,Moderate
India,Telangana,Hyderabad,"Nacharam_TSIIC IALA, Hyderabad - TSPCB",2026-07-06 10:00:00,17.429398,78.569354,NH3,3.0,3.5,3.0,10,Monday,0.5,Good/Satisfactory
India,Telangana,Hyderabad,"Nacharam_TSIIC IALA, Hyderabad - TSPCB",2026-07-06 10:00:00,17.429398,78.569354,SO2,3.0,12.0,8.0,10,Monday,9.0,Good/Satisfactory
India,Telangana,Hyderabad,"Central University, Hyderabad - TSPCB",2026-07-06 10:00:00,17.460103,78.334361,SO2,2.0,11.0,8.0,10,Monday,9.0,Good/Satisfactory
India,Telangana,Hyderabad,"New Malakpet, Hyderabad - TSPCB",2026-07-06 10:00:00,17.37206,78.50864,NO2,10.0,14.0,12.0,10,Monday,4.0,Good/Satisfactory
India,Telangana,Hyderabad,"New Malakpet, Hyderabad - TSPCB",2026-07-06 10:00:00,17.37206,78.50864,SO2,7.0,11.0,8.0,10,Monday,4.0,Good/Satisfactory
India,Uttar Pradesh,Bareilly,"Rajendra Nagar, Bareilly - UPPCB",2026-07-06 10:00:00,28.38910936,79.42963708,SO2,2.0,109.0,28.0,10,Monday,107.0,Good/Satisfactory
India,Uttar Pradesh,Bareilly,"Rajendra Nagar, Bareilly - UPPCB",2026-07-06 10:00:00,28.38910936,79.42963708,CO,21.0,44.0,36.0,10,Monday,23.0,Good/Satisfactory
India,Uttar Pradesh,Firozabad,"Nagla Bhau, Firozabad - UPPCB",2026-07-06 10:00:00,27.168897,78.37696,PM2.5,12.0,46.0,27.0,10,Monday,34.0,Good/Satisfactory
India,Uttar Pradesh,Firozabad,"Nagla Bhau, Firozabad - UPPCB",2026-07-06 10:00:00,27.168897,78.37696,NO2,17.0,17.0,17.0,10,Monday,0.0,Good/Satisfactory
India,Uttar Pradesh,Firozabad,"Nagla Bhau, Firozabad - UPPCB",2026-07-06 10:00:00,27.168897,78.37696,CO,19.0,47.0,27.0,10,Monday,28.0,Good/Satisfactory
India,Uttar Pradesh,Firozabad,"Nagla Bhau, Firozabad - UPPCB",2026-07-06 10:00:00,27.168897,78.37696,OZONE,8.0,20.0,11.0,10,Monday,12.0,Good/Satisfactory
India,Uttar Pradesh,Ghaziabad,"Govindpuram, Ghaziabad - UPPCB",2026-07-06 10:00:00,28.694528,77.494705,PM2.5,15.0,74.0,41.0,10,Monday,59.0,Moderate
India,Uttar Pradesh,Ghaziabad,"Govindpuram, Ghaziabad - UPPCB",2026-07-06 10:00:00,28.694528,77.494705,NH3,4.0,5.0,4.0,10,Monday,1.0,Good/Satisfactory
India,Rajasthan,Jodhpur,"Jhalamand, Jodhpur - RSPCB",2026-07-06 10:00:00,26.215415,73.070156,PM10,45.0,174.0,94.0,10,Monday,129.0,Moderate
India,Rajasthan,Jodhpur,"Jhalamand, Jodhpur - RSPCB",2026-07-06 10:00:00,26.215415,73.070156,SO2,1.0,6.0,2.0,10,Monday,5.0,Good/Satisfactory
India,Rajasthan,Jodhpur,"Jhalamand, Jodhpur - RSPCB",2026-07-06 10:00:00,26.215415,73.070156,OZONE,14.0,34.0,22.0,10,Monday,20.0,Good/Satisfactory
India,Rajasthan,Jodhpur,"Mandor, Jodhpur - RSPCB",2026-07-06 10:00:00,26.358805,73.047444,PM10,44.0,163.0,88.0,10,Monday,119.0,Moderate
India,Uttar Pradesh,Kanpur,"FTI Kidwai Nagar, Kanpur - UPPCB",2026-07-06 10:00:00,26.428282,80.327067,SO2,14.0,30.0,20.0,10,Monday,16.0,Good/Satisfactory
India,Uttar Pradesh,Khora,"Prashant Garden, Khora - UPPCB",2026-07-06 10:00:00,28.61119,77.34206,CO,92.0,97.0,94.0,10,Monday,5.0,Moderate
India,Uttar Pradesh,Khora,"Prashant Garden, Khora - UPPCB",2026-07-06 10:00:00,28.61119,77.34206,OZONE,10.0,66.0,25.0,10,Monday,56.0,Good/Satisfactory
India,Uttar Pradesh,Khurja,"Kalindi Kunj, Khurja - UPPCB",2026-07-06 10:00:00,28.2348927,77.8683002,NH3,1.0,1.0,1.0,10,Monday,0.0,Good/Satisfactory
India,Uttar Pradesh,Khurja,"Kalindi Kunj, Khurja - UPPCB",2026-07-06 10:00:00,28.2348927,77.8683002,CO,23.0,27.0,25.0,10,Monday,4.0,Good/Satisfactory
India,Uttar Pradesh,Lucknow,"Kendriya Vidyalaya, Lucknow - CPCB",2026-07-06 10:00:00,26.906111,80.948222,PM10,39.0,82.0,59.0,10,Monday,43.0,Moderate
India,Uttar Pradesh,Lucknow,"Kendriya Vidyalaya, Lucknow - CPCB",2026-07-06 10:00:00,26.906111,80.948222,SO2,6.0,15.0,9.0,10,Monday,9.0,Good/Satisfactory
India,Uttar Pradesh,Lucknow,"B R Ambedkar University, Lucknow - UPPCB",2026-07-06 10:00:00,26.766433,80.927299,OZONE,20.0,29.0,25.0,10,Monday,9.0,Good/Satisfactory
India,Uttar Pradesh,Lucknow,"Gomti Nagar, Lucknow - UPPCB",2026-07-06 10:00:00,26.86812,81.005119,PM10,10.0,79.0,23.0,10,Monday,69.0,Good/Satisfactory
India,Uttar Pradesh,Lucknow,"Gomti Nagar, Lucknow - UPPCB",2026-07-06 10:00:00,26.86812,81.005119,NH3,5.0,6.0,6.0,10,Monday,1.0,Good/Satisfactory
India,Uttar Pradesh,Lucknow,"Gomti Nagar, Lucknow - UPPCB",2026-07-06 10:00:00,26.86812,81.005119,CO,39.0,42.0,40.0,10,Monday,3.0,Good/Satisfactory
India,Uttar Pradesh,Lucknow,"Lalbagh, Lucknow - CPCB",2026-07-06 10:00:00,26.8458805,80.9365541,PM2.5,8.0,81.0,41.0,10,Monday,73.0,Moderate
India,Uttar Pradesh,Lucknow,"Kukrail Picnic Spot-1, Lucknow - UPPCB",2026-07-06 10:00:00,26.90723,80.98579,NO2,31.0,32.0,32.0,10,Monday,1.0,Good/Satisfactory
India,Uttar Pradesh,Lucknow,"Kukrail Picnic Spot-1, Lucknow - UPPCB",2026-07-06 10:00:00,26.90723,80.98579,SO2,6.0,8.0,7.0,10,Monday,2.0,Good/Satisfactory
India,Uttar Pradesh,Mathura,"Pali Dungra, Mathura - UPPCB",2026-07-06 10:00:00,27.410954,77.550619,PM2.5,20.0,188.0,82.0,10,Monday,168.0,Poor/Severe
India,Uttar Pradesh,Mathura,"Pali Dungra, Mathura - UPPCB",2026-07-06 10:00:00,27.410954,77.550619,OZONE,19.0,19.0,19.0,10,Monday,0.0,Good/Satisfactory
India,Uttar Pradesh,Meerut,"MIET College, Meerut - UPPCB",2026-07-06 10:00:00,28.972677,77.641018,OZONE,25.0,139.0,62.0,10,Monday,114.0,Moderate
India,Uttar Pradesh,Meerut,"Pallavpuram Phase 2, Meerut - UPPCB",2026-07-06 10:00:00,29.06351,77.709723,PM10,20.0,126.0,51.0,10,Monday,106.0,Moderate
India,Uttar Pradesh,Meerut,"Ganga Nagar, Meerut - UPPCB",2026-07-06 10:00:00,28.999264,77.7590354,CO,41.0,49.0,45.0,10,Monday,8.0,Good/Satisfactory
India,Uttar Pradesh,Meerut,"Jai Bhim Nagar, Meerut - UPPCB",2026-07-06 10:00:00,28.9535882,77.7622941,OZONE,9.0,27.0,14.0,10,Monday,18.0,Good/Satisfactory
India,Uttar Pradesh,Moradabad,"Employment Office, Moradabad - UPPCB",2026-07-06 10:00:00,28.88528,78.7388,PM2.5,30.0,85.0,48.0,10,Monday,55.0,Moderate
India,Uttar Pradesh,Moradabad,"Employment Office, Moradabad - UPPCB",2026-07-06 10:00:00,28.88528,78.7388,OZONE,15.0,33.0,24.0,10,Monday,18.0,Good/Satisfactory
India,Uttar Pradesh,Moradabad,"Eco Herbal Park, Moradabad - UPPCB",2026-07-06 10:00:00,28.840739,78.697531,SO2,4.0,10.0,7.0,10,Monday,6.0,Good/Satisfactory
India,Uttar Pradesh,Moradabad,"Jigar Colony, Moradabad - UPPCB",2026-07-06 10:00:00,28.856664,78.772638,SO2,27.0,83.0,43.0,10,Monday,56.0,Good/Satisfactory
India,Uttar Pradesh,Moradabad,"Buddhi Vihar, Moradabad - UPPCB",2026-07-06 10:00:00,28.83526,78.7446,NO2,28.0,29.0,29.0,10,Monday,1.0,Good/Satisfactory
India,Uttar Pradesh,Moradabad,"Kashiram Nagar, Moradabad - UPPCB",2026-07-06 10:00:00,28.849399,78.742362,NO2,23.0,24.0,24.0,10,Monday,1.0,Good/Satisfactory
India,Uttar Pradesh,Moradabad,"Kashiram Nagar, Moradabad - UPPCB",2026-07-06 10:00:00,28.849399,78.742362,CO,32.0,35.0,33.0,10,Monday,3.0,Good/Satisfactory
India,Uttar Pradesh,Muzaffarnagar,"New Mandi, Muzaffarnagar - UPPCB",2026-07-06 10:00:00,29.4723508,77.7194031,NH3,1.0,5.0,3.0,10,Monday,4.0,Good/Satisfactory
India,Uttar Pradesh,Muzaffarnagar,"New Mandi, Muzaffarnagar - UPPCB",2026-07-06 10:00:00,29.4723508,77.7194031,SO2,12.0,53.0,28.0,10,Monday,41.0,Good/Satisfactory
India,Uttar Pradesh,Muzaffarnagar,"New Mandi, Muzaffarnagar - UPPCB",2026-07-06 10:00:00,29.4723508,77.7194031,CO,27.0,44.0,33.0,10,Monday,17.0,Good/Satisfactory
India,Uttar Pradesh,Noida,"Sector - 62, Noida - IITM",2026-07-06 10:00:00,28.6245479,77.3577104,PM10,24.0,121.0,70.0,10,Monday,97.0,Moderate
India,Uttar Pradesh,Noida,"Sector - 62, Noida - IITM",2026-07-06 10:00:00,28.6245479,77.3577104,CO,16.0,18.0,17.0,10,Monday,2.0,Good/Satisfactory
India,Uttar Pradesh,Noida,"Sector - 125, Noida - UPPCB",2026-07-06 10:00:00,28.5447608,77.3231257,NH3,22.0,33.0,27.0,10,Monday,11.0,Good/Satisfactory
India,Uttar Pradesh,Noida,"Sector-116, Noida - UPPCB",2026-07-06 10:00:00,28.56923,77.393848,PM2.5,11.0,85.0,52.0,10,Monday,74.0,Moderate
India,Uttar Pradesh,Prayagraj,"Motilal Nehru NIT, Prayagraj - UPPCB",2026-07-06 10:00:00,25.494,81.863,PM10,14.0,129.0,55.0,10,Monday,115.0,Moderate
India,Uttar Pradesh,Prayagraj,"Motilal Nehru NIT, Prayagraj - UPPCB",2026-07-06 10:00:00,25.494,81.863,NH3,8.0,8.0,8.0,10,Monday,0.0,Good/Satisfactory
India,Uttar Pradesh,Prayagraj,"Nagar Nigam, Prayagraj - UPPCB",2026-07-06 10:00:00,25.44919916,81.82735986,CO,11.0,13.0,12.0,10,Monday,2.0,Good/Satisfactory
India,Uttar Pradesh,Prayagraj,"Nagar Nigam, Prayagraj - UPPCB",2026-07-06 10:00:00,25.44919916,81.82735986,OZONE,24.0,26.0,25.0,10,Monday,2.0,Good/Satisfactory
India,Uttar Pradesh,Prayagraj,"Jhunsi, Prayagraj - UPPCB",2026-07-06 10:00:00,25.425602,81.917152,PM10,20.0,51.0,31.0,10,Monday,31.0,Good/Satisfactory
India,Uttar Pradesh,Prayagraj,"Jhunsi, Prayagraj - UPPCB",2026-07-06 10:00:00,25.425602,81.917152,OZONE,26.0,30.0,28.0,10,Monday,4.0,Good/Satisfactory
India,Uttar Pradesh,Varanasi,"Maldahiya, Varanasi - UPPCB",2026-07-06 10:00:00,25.32393,82.99687,PM2.5,16.0,37.0,24.0,10,Monday,21.0,Good/Satisfactory
India,Uttar Pradesh,Varanasi,"Maldahiya, Varanasi - UPPCB",2026-07-06 10:00:00,25.32393,82.99687,PM10,11.0,66.0,26.0,10,Monday,55.0,Good/Satisfactory
India,Uttar Pradesh,Varanasi,"IESD Banaras Hindu University, Varanasi - UPPCB",2026-07-06 10:00:00,25.262326,82.995408,CO,1.0,2.0,1.0,10,Monday,1.0,Good/Satisfactory
India,Uttar Pradesh,Vrindavan,"Omex Eternity, Vrindavan - UPPCB",2026-07-06 10:00:00,27.571409,77.655757,OZONE,16.0,16.0,16.0,10,Monday,0.0,Good/Satisfactory
India,Uttarakhand,Dehradun,"Doon University, Dehradun - UKPCB",2026-07-06 10:00:00,30.269444,78.044167,NH3,25.0,25.0,25.0,10,Monday,0.0,Good/Satisfactory
India,Uttarakhand,Kashipur,"Govt. Girls Inter College, Kashipur - UKPCB",2026-07-06 10:00:00,29.2124114,78.9611753,PM10,27.0,42.0,34.0,10,Monday,15.0,Good/Satisfactory
India,Uttarakhand,Kashipur,"Govt. Girls Inter College, Kashipur - UKPCB",2026-07-06 10:00:00,29.2124114,78.9611753,NH3,25.0,25.0,25.0,10,Monday,0.0,Good/Satisfactory
India,Uttarakhand,Rishikesh,"Shivaji Nagar, Rishikesh - UKPCB",2026-07-06 10:00:00,30.075911,78.2859547,NH3,25.0,25.0,25.0,10,Monday,0.0,Good/Satisfactory
India,Uttarakhand,Rishikesh,"Shivaji Nagar, Rishikesh - UKPCB",2026-07-06 10:00:00,30.075911,78.2859547,OZONE,45.0,45.0,45.0,10,Monday,0.0,Good/Satisfactory
India,West Bengal,Asansol,"Evelyn Lodge, Asansol - WBPCB",2026-07-06 10:00:00,23.697936,86.944395,PM2.5,0.0,8.0,3.0,10,Monday,8.0,Good/Satisfactory
India,West Bengal,Asansol,"Evelyn Lodge, Asansol - WBPCB",2026-07-06 10:00:00,23.697936,86.944395,OZONE,9.0,12.0,10.0,10,Monday,3.0,Good/Satisfactory
India,West Bengal,Asansol,"Asansol Court Area, Asansol - WBPCB",2026-07-06 10:00:00,23.685297,86.945968,OZONE,15.0,24.0,21.0,10,Monday,9.0,Good/Satisfactory
India,West Bengal,Asansol,"Mahabir Colliery, Asansol - WBPCB",2026-07-06 10:00:00,23.618183,87.105718,NO2,2.0,2.0,2.0,10,Monday,0.0,Good/Satisfactory
India,West Bengal,Asansol,"Mahabir Colliery, Asansol - WBPCB",2026-07-06 10:00:00,23.618183,87.105718,SO2,7.0,8.0,7.0,10,Monday,1.0,Good/Satisfactory
India,West Bengal,Asansol,"Trivenidevi Bhalotia College, Asansol - WBPCB",2026-07-06 10:00:00,23.616515,87.119133,PM10,6.0,18.0,13.0,10,Monday,12.0,Good/Satisfactory
India,West Bengal,Asansol,"Trivenidevi Bhalotia College, Asansol - WBPCB",2026-07-06 10:00:00,23.616515,87.119133,NO2,5.0,10.0,7.0,10,Monday,5.0,Good/Satisfactory
India,West Bengal,Barrackpore,"SVSPA Campus, Barrackpore - WBPCB",2026-07-06 10:00:00,22.7605581,88.3617589,CO,32.0,39.0,35.0,10,Monday,7.0,Good/Satisfactory
India,West Bengal,Durgapur,"Womens College_City Center, Durgapur - WBPCB",2026-07-06 10:00:00,23.549395,87.300496,PM10,6.0,99.0,19.0,10,Monday,93.0,Good/Satisfactory
India,West Bengal,Durgapur,"PCBL Residential Complex, Durgapur - WBPCB",2026-07-06 10:00:00,23.508764,87.35444,PM2.5,5.0,11.0,8.0,10,Monday,6.0,Good/Satisfactory
India,West Bengal,Durgapur,"PCBL Residential Complex, Durgapur - WBPCB",2026-07-06 10:00:00,23.508764,87.35444,CO,14.0,19.0,16.0,10,Monday,5.0,Good/Satisfactory
India,West Bengal,Durgapur,"Mahishkapur Road_B-Zone, Durgapur - WBPCB",2026-07-06 10:00:00,23.567923,87.306843,PM2.5,10.0,23.0,15.0,10,Monday,13.0,Good/Satisfactory
India,West Bengal,Durgapur,"Mahishkapur Road_B-Zone, Durgapur - WBPCB",2026-07-06 10:00:00,23.567923,87.306843,PM10,1.0,13.0,6.0,10,Monday,12.0,Good/Satisfactory
India,West Bengal,Haldia,"Priyambada Housing Estate, Haldia - WBPCB",2026-07-06 10:00:00,22.06047,88.109737,OZONE,20.0,23.0,21.0,10,Monday,3.0,Good/Satisfactory
India,West Bengal,Howrah,"Botanical Garden, Howrah - WBPCB",2026-07-06 10:00:00,22.554954,88.292568,CO,21.0,24.0,22.0,10,Monday,3.0,Good/Satisfactory
India,West Bengal,Howrah,"Belur Math, Howrah - WBPCB",2026-07-06 10:00:00,22.629801,88.352017,NO2,14.0,35.0,19.0,10,Monday,21.0,Good/Satisfactory
India,West Bengal,Howrah,"Dasnagar, Howrah - WBPCB",2026-07-06 10:00:00,22.6025571,88.3105664,CO,23.0,28.0,26.0,10,Monday,5.0,Good/Satisfactory
India,West Bengal,Howrah,"Ghusuri, Howrah - WBPCB",2026-07-06 10:00:00,22.611968,88.347422,NH3,2.0,4.0,3.0,10,Monday,2.0,Good/Satisfactory
India,West Bengal,Kolkata,"Ballygunge, Kolkata - WBPCB",2026-07-06 10:00:00,22.5367507,88.3638022,PM2.5,26.0,27.0,27.0,10,Monday,1.0,Good/Satisfactory
India,West Bengal,Kolkata,"Ballygunge, Kolkata - WBPCB",2026-07-06 10:00:00,22.5367507,88.3638022,NH3,6.0,8.0,7.0,10,Monday,2.0,Good/Satisfactory
India,West Bengal,Kolkata,"Victoria, Kolkata - WBPCB",2026-07-06 10:00:00,22.5448082,88.3403691,PM2.5,63.0,76.0,68.0,10,Monday,13.0,Poor/Severe
India,West Bengal,Kolkata,"Victoria, Kolkata - WBPCB",2026-07-06 10:00:00,22.5448082,88.3403691,PM10,76.0,91.0,82.0,10,Monday,15.0,Moderate
India,West Bengal,Kolkata,"Fort William, Kolkata - WBPCB",2026-07-06 10:00:00,22.55664,88.342674,CO,14.0,23.0,18.0,10,Monday,9.0,Good/Satisfactory
India,West Bengal,Kolkata,"Fort William, Kolkata - WBPCB",2026-07-06 10:00:00,22.55664,88.342674,OZONE,19.0,31.0,24.0,10,Monday,12.0,Good/Satisfactory
India,West Bengal,Kolkata,"Bidhannagar, Kolkata - WBPCB",2026-07-06 10:00:00,22.58157048,88.41002457,SO2,8.0,9.0,9.0,10,Monday,1.0,Good/Satisfactory
India,West Bengal,Kolkata,"Bidhannagar, Kolkata - WBPCB",2026-07-06 10:00:00,22.58157048,88.41002457,CO,36.0,39.0,37.0,10,Monday,3.0,Good/Satisfactory
India,West Bengal,Kolkata,"Bidhannagar, Kolkata - WBPCB",2026-07-06 10:00:00,22.58157048,88.41002457,OZONE,21.0,24.0,22.0,10,Monday,3.0,Good/Satisfactory
India,West Bengal,Kolkata,"Jadavpur, Kolkata - WBPCB",2026-07-06 10:00:00,22.49929,88.36917,PM2.5,23.0,40.0,28.0,10,Monday,17.0,Good/Satisfactory
India,West Bengal,Kolkata,"Rabindra Bharati University, Kolkata - WBPCB",2026-07-06 10:00:00,22.627847,88.380669,PM2.5,3.0,17.0,9.0,10,Monday,14.0,Good/Satisfactory
